Stichtag;Geschlecht;Staatsangehörigkeit;Bundesland Schlüssel;Bundesland;Berufsabschluss;Sozialversicherungspflichtig Beschäftigte (SvB)
Jun 25;Frauen;Ausländer;1000000;Schleswig-Holstein;Ohne Berufsabschluss;11.810
Jun 25;Frauen;Ausländer;1000000;Schleswig-Holstein;Anerkannter Berufsabschluss;13.470
Jun 25;Frauen;Ausländer;1000000;Schleswig-Holstein;Akademischer Berufsabschluss;8.590
Jun 25;Frauen;Ausländer;2000000;Hamburg;Ohne Berufsabschluss;15.730
Jun 25;Frauen;Ausländer;2000000;Hamburg;Anerkannter Berufsabschluss;19.950
Jun 25;Frauen;Ausländer;2000000;Hamburg;Akademischer Berufsabschluss;22.680
Jun 25;Frauen;Ausländer;3000000;Niedersachsen;Ohne Berufsabschluss;39.360
Jun 25;Frauen;Ausländer;3000000;Niedersachsen;Anerkannter Berufsabschluss;45.700
Jun 25;Frauen;Ausländer;3000000;Niedersachsen;Akademischer Berufsabschluss;28.230
Jun 25;Frauen;Ausländer;4000000;Bremen;Ohne Berufsabschluss;5.110
Jun 25;Frauen;Ausländer;4000000;Bremen;Anerkannter Berufsabschluss;5.760
Jun 25;Frauen;Ausländer;4000000;Bremen;Akademischer Berufsabschluss;4.810
Jun 25;Frauen;Ausländer;5000000;Nordrhein-Westfalen;Ohne Berufsabschluss;118.860
Jun 25;Frauen;Ausländer;5000000;Nordrhein-Westfalen;Anerkannter Berufsabschluss;137.590
Jun 25;Frauen;Ausländer;5000000;Nordrhein-Westfalen;Akademischer Berufsabschluss;89.720
Jun 25;Frauen;Ausländer;6000000;Hessen;Ohne Berufsabschluss;49.170
Jun 25;Frauen;Ausländer;6000000;Hessen;Anerkannter Berufsabschluss;68.160
Jun 25;Frauen;Ausländer;6000000;Hessen;Akademischer Berufsabschluss;56.470
Jun 25;Frauen;Ausländer;7000000;Rheinland-Pfalz;Ohne Berufsabschluss;22.920
Jun 25;Frauen;Ausländer;7000000;Rheinland-Pfalz;Anerkannter Berufsabschluss;29.690
Jun 25;Frauen;Ausländer;7000000;Rheinland-Pfalz;Akademischer Berufsabschluss;16.090
Jun 25;Frauen;Ausländer;8000000;Baden-Württemberg;Ohne Berufsabschluss;101.010
Jun 25;Frauen;Ausländer;8000000;Baden-Württemberg;Anerkannter Berufsabschluss;149.010
Jun 25;Frauen;Ausländer;8000000;Baden-Württemberg;Akademischer Berufsabschluss;82.060
Jun 25;Frauen;Ausländer;9000000;Bayern;Ohne Berufsabschluss;97.920
Jun 25;Frauen;Ausländer;9000000;Bayern;Anerkannter Berufsabschluss;159.320
Jun 25;Frauen;Ausländer;9000000;Bayern;Akademischer Berufsabschluss;117.390
Jun 25;Frauen;Ausländer;10000000;Saarland;Ohne Berufsabschluss;5.830
Jun 25;Frauen;Ausländer;10000000;Saarland;Anerkannter Berufsabschluss;8.170
Jun 25;Frauen;Ausländer;10000000;Saarland;Akademischer Berufsabschluss;4.070
Jun 25;Frauen;Ausländer;11000000;Berlin;Ohne Berufsabschluss;24.490
Jun 25;Frauen;Ausländer;11000000;Berlin;Anerkannter Berufsabschluss;30.470
Jun 25;Frauen;Ausländer;11000000;Berlin;Akademischer Berufsabschluss;63.760
Jun 25;Frauen;Ausländer;12000000;Brandenburg;Ohne Berufsabschluss;7.010
Jun 25;Frauen;Ausländer;12000000;Brandenburg;Anerkannter Berufsabschluss;10.710
Jun 25;Frauen;Ausländer;12000000;Brandenburg;Akademischer Berufsabschluss;10.380
Jun 25;Frauen;Ausländer;13000000;Mecklenburg-Vorpommern;Ohne Berufsabschluss;3.180
Jun 25;Frauen;Ausländer;13000000;Mecklenburg-Vorpommern;Anerkannter Berufsabschluss;5.260
Jun 25;Frauen;Ausländer;13000000;Mecklenburg-Vorpommern;Akademischer Berufsabschluss;4.560
Jun 25;Frauen;Ausländer;14000000;Sachsen;Ohne Berufsabschluss;9.390
Jun 25;Frauen;Ausländer;14000000;Sachsen;Anerkannter Berufsabschluss;16.710
Jun 25;Frauen;Ausländer;14000000;Sachsen;Akademischer Berufsabschluss;17.500
Jun 25;Frauen;Ausländer;15000000;Sachsen-Anhalt;Ohne Berufsabschluss;4.710
Jun 25;Frauen;Ausländer;15000000;Sachsen-Anhalt;Anerkannter Berufsabschluss;5.880
Jun 25;Frauen;Ausländer;15000000;Sachsen-Anhalt;Akademischer Berufsabschluss;5.690
Jun 25;Frauen;Ausländer;16000000;Thüringen;Ohne Berufsabschluss;6.470
Jun 25;Frauen;Ausländer;16000000;Thüringen;Anerkannter Berufsabschluss;8.200
Jun 25;Frauen;Ausländer;16000000;Thüringen;Akademischer Berufsabschluss;6.690
Jun 25;Frauen;Deutsche;1000000;Schleswig-Holstein;Ohne Berufsabschluss;46.600
Jun 25;Frauen;Deutsche;1000000;Schleswig-Holstein;Anerkannter Berufsabschluss;319.850
Jun 25;Frauen;Deutsche;1000000;Schleswig-Holstein;Akademischer Berufsabschluss;74.230
Jun 25;Frauen;Deutsche;2000000;Hamburg;Ohne Berufsabschluss;40.270
Jun 25;Frauen;Deutsche;2000000;Hamburg;Anerkannter Berufsabschluss;222.850
Jun 25;Frauen;Deutsche;2000000;Hamburg;Akademischer Berufsabschluss;135.820
Jun 25;Frauen;Deutsche;3000000;Niedersachsen;Ohne Berufsabschluss;129.070
Jun 25;Frauen;Deutsche;3000000;Niedersachsen;Anerkannter Berufsabschluss;901.550
Jun 25;Frauen;Deutsche;3000000;Niedersachsen;Akademischer Berufsabschluss;212.720
Jun 25;Frauen;Deutsche;4000000;Bremen;Ohne Berufsabschluss;14.130
Jun 25;Frauen;Deutsche;4000000;Bremen;Anerkannter Berufsabschluss;80.950
Jun 25;Frauen;Deutsche;4000000;Bremen;Akademischer Berufsabschluss;30.360
Jun 25;Frauen;Deutsche;5000000;Nordrhein-Westfalen;Ohne Berufsabschluss;338.900
Jun 25;Frauen;Deutsche;5000000;Nordrhein-Westfalen;Anerkannter Berufsabschluss;1.837.730
Jun 25;Frauen;Deutsche;5000000;Nordrhein-Westfalen;Akademischer Berufsabschluss;582.300
Jun 25;Frauen;Deutsche;6000000;Hessen;Ohne Berufsabschluss;106.050
Jun 25;Frauen;Deutsche;6000000;Hessen;Anerkannter Berufsabschluss;627.100
Jun 25;Frauen;Deutsche;6000000;Hessen;Akademischer Berufsabschluss;257.030
Jun 25;Frauen;Deutsche;7000000;Rheinland-Pfalz;Ohne Berufsabschluss;66.750
Jun 25;Frauen;Deutsche;7000000;Rheinland-Pfalz;Anerkannter Berufsabschluss;417.740
Jun 25;Frauen;Deutsche;7000000;Rheinland-Pfalz;Akademischer Berufsabschluss;98.280
Jun 25;Frauen;Deutsche;8000000;Baden-Württemberg;Ohne Berufsabschluss;190.740
Jun 25;Frauen;Deutsche;8000000;Baden-Württemberg;Anerkannter Berufsabschluss;1.195.720
Jun 25;Frauen;Deutsche;8000000;Baden-Württemberg;Akademischer Berufsabschluss;408.820
Jun 25;Frauen;Deutsche;9000000;Bayern;Ohne Berufsabschluss;197.210
Jun 25;Frauen;Deutsche;9000000;Bayern;Anerkannter Berufsabschluss;1.526.540
Jun 25;Frauen;Deutsche;9000000;Bayern;Akademischer Berufsabschluss;484.390
Jun 25;Frauen;Deutsche;10000000;Saarland;Ohne Berufsabschluss;16.990
Jun 25;Frauen;Deutsche;10000000;Saarland;Anerkannter Berufsabschluss;108.880
Jun 25;Frauen;Deutsche;10000000;Saarland;Akademischer Berufsabschluss;24.020
Jun 25;Frauen;Deutsche;11000000;Berlin;Ohne Berufsabschluss;61.380
Jun 25;Frauen;Deutsche;11000000;Berlin;Anerkannter Berufsabschluss;329.040
Jun 25;Frauen;Deutsche;11000000;Berlin;Akademischer Berufsabschluss;227.140
Jun 25;Frauen;Deutsche;12000000;Brandenburg;Ohne Berufsabschluss;27.710
Jun 25;Frauen;Deutsche;12000000;Brandenburg;Anerkannter Berufsabschluss;267.880
Jun 25;Frauen;Deutsche;12000000;Brandenburg;Akademischer Berufsabschluss;64.430
Jun 25;Frauen;Deutsche;13000000;Mecklenburg-Vorpommern;Ohne Berufsabschluss;20.260
Jun 25;Frauen;Deutsche;13000000;Mecklenburg-Vorpommern;Anerkannter Berufsabschluss;194.570
Jun 25;Frauen;Deutsche;13000000;Mecklenburg-Vorpommern;Akademischer Berufsabschluss;42.600
Jun 25;Frauen;Deutsche;14000000;Sachsen;Ohne Berufsabschluss;46.160
Jun 25;Frauen;Deutsche;14000000;Sachsen;Anerkannter Berufsabschluss;499.030
Jun 25;Frauen;Deutsche;14000000;Sachsen;Akademischer Berufsabschluss;148.200
Jun 25;Frauen;Deutsche;15000000;Sachsen-Anhalt;Ohne Berufsabschluss;23.550
Jun 25;Frauen;Deutsche;15000000;Sachsen-Anhalt;Anerkannter Berufsabschluss;264.920
Jun 25;Frauen;Deutsche;15000000;Sachsen-Anhalt;Akademischer Berufsabschluss;54.370
Jun 25;Frauen;Deutsche;16000000;Thüringen;Ohne Berufsabschluss;21.210
Jun 25;Frauen;Deutsche;16000000;Thüringen;Anerkannter Berufsabschluss;256.340
Jun 25;Frauen;Deutsche;16000000;Thüringen;Akademischer Berufsabschluss;57.060
Mai 25;Frauen;Ausländer;1000000;Schleswig-Holstein;Ohne Berufsabschluss;11.620
Mai 25;Frauen;Ausländer;1000000;Schleswig-Holstein;Anerkannter Berufsabschluss;13.350
Mai 25;Frauen;Ausländer;1000000;Schleswig-Holstein;Akademischer Berufsabschluss;8.470
Mai 25;Frauen;Ausländer;2000000;Hamburg;Ohne Berufsabschluss;15.780
Mai 25;Frauen;Ausländer;2000000;Hamburg;Anerkannter Berufsabschluss;19.940
Mai 25;Frauen;Ausländer;2000000;Hamburg;Akademischer Berufsabschluss;22.500
Mai 25;Frauen;Ausländer;3000000;Niedersachsen;Ohne Berufsabschluss;39.060
Mai 25;Frauen;Ausländer;3000000;Niedersachsen;Anerkannter Berufsabschluss;45.590
Mai 25;Frauen;Ausländer;3000000;Niedersachsen;Akademischer Berufsabschluss;27.940
Mai 25;Frauen;Ausländer;4000000;Bremen;Ohne Berufsabschluss;5.090
Mai 25;Frauen;Ausländer;4000000;Bremen;Anerkannter Berufsabschluss;5.780
Mai 25;Frauen;Ausländer;4000000;Bremen;Akademischer Berufsabschluss;4.780
Mai 25;Frauen;Ausländer;5000000;Nordrhein-Westfalen;Ohne Berufsabschluss;118.650
Mai 25;Frauen;Ausländer;5000000;Nordrhein-Westfalen;Anerkannter Berufsabschluss;137.440
Mai 25;Frauen;Ausländer;5000000;Nordrhein-Westfalen;Akademischer Berufsabschluss;89.110
Mai 25;Frauen;Ausländer;6000000;Hessen;Ohne Berufsabschluss;48.990
Mai 25;Frauen;Ausländer;6000000;Hessen;Anerkannter Berufsabschluss;68.150
Mai 25;Frauen;Ausländer;6000000;Hessen;Akademischer Berufsabschluss;56.140
Mai 25;Frauen;Ausländer;7000000;Rheinland-Pfalz;Ohne Berufsabschluss;22.780
Mai 25;Frauen;Ausländer;7000000;Rheinland-Pfalz;Anerkannter Berufsabschluss;29.690
Mai 25;Frauen;Ausländer;7000000;Rheinland-Pfalz;Akademischer Berufsabschluss;15.970
Mai 25;Frauen;Ausländer;8000000;Baden-Württemberg;Ohne Berufsabschluss;100.770
Mai 25;Frauen;Ausländer;8000000;Baden-Württemberg;Anerkannter Berufsabschluss;148.800
Mai 25;Frauen;Ausländer;8000000;Baden-Württemberg;Akademischer Berufsabschluss;81.500
Mai 25;Frauen;Ausländer;9000000;Bayern;Ohne Berufsabschluss;97.530
Mai 25;Frauen;Ausländer;9000000;Bayern;Anerkannter Berufsabschluss;159.170
Mai 25;Frauen;Ausländer;9000000;Bayern;Akademischer Berufsabschluss;116.750
Mai 25;Frauen;Ausländer;10000000;Saarland;Ohne Berufsabschluss;5.850
Mai 25;Frauen;Ausländer;10000000;Saarland;Anerkannter Berufsabschluss;8.180
Mai 25;Frauen;Ausländer;10000000;Saarland;Akademischer Berufsabschluss;4.040
Mai 25;Frauen;Ausländer;11000000;Berlin;Ohne Berufsabschluss;24.460
Mai 25;Frauen;Ausländer;11000000;Berlin;Anerkannter Berufsabschluss;30.340
Mai 25;Frauen;Ausländer;11000000;Berlin;Akademischer Berufsabschluss;63.460
Mai 25;Frauen;Ausländer;12000000;Brandenburg;Ohne Berufsabschluss;6.980
Mai 25;Frauen;Ausländer;12000000;Brandenburg;Anerkannter Berufsabschluss;10.640
Mai 25;Frauen;Ausländer;12000000;Brandenburg;Akademischer Berufsabschluss;10.200
Mai 25;Frauen;Ausländer;13000000;Mecklenburg-Vorpommern;Ohne Berufsabschluss;3.120
Mai 25;Frauen;Ausländer;13000000;Mecklenburg-Vorpommern;Anerkannter Berufsabschluss;5.160
Mai 25;Frauen;Ausländer;13000000;Mecklenburg-Vorpommern;Akademischer Berufsabschluss;4.490
Mai 25;Frauen;Ausländer;14000000;Sachsen;Ohne Berufsabschluss;9.300
Mai 25;Frauen;Ausländer;14000000;Sachsen;Anerkannter Berufsabschluss;16.610
Mai 25;Frauen;Ausländer;14000000;Sachsen;Akademischer Berufsabschluss;17.410
Mai 25;Frauen;Ausländer;15000000;Sachsen-Anhalt;Ohne Berufsabschluss;4.690
Mai 25;Frauen;Ausländer;15000000;Sachsen-Anhalt;Anerkannter Berufsabschluss;5.860
Mai 25;Frauen;Ausländer;15000000;Sachsen-Anhalt;Akademischer Berufsabschluss;5.650
Mai 25;Frauen;Ausländer;16000000;Thüringen;Ohne Berufsabschluss;6.480
Mai 25;Frauen;Ausländer;16000000;Thüringen;Anerkannter Berufsabschluss;8.160
Mai 25;Frauen;Ausländer;16000000;Thüringen;Akademischer Berufsabschluss;6.670
Mai 25;Frauen;Deutsche;1000000;Schleswig-Holstein;Ohne Berufsabschluss;46.780
Mai 25;Frauen;Deutsche;1000000;Schleswig-Holstein;Anerkannter Berufsabschluss;320.100
Mai 25;Frauen;Deutsche;1000000;Schleswig-Holstein;Akademischer Berufsabschluss;73.970
Mai 25;Frauen;Deutsche;2000000;Hamburg;Ohne Berufsabschluss;40.550
Mai 25;Frauen;Deutsche;2000000;Hamburg;Anerkannter Berufsabschluss;223.440
Mai 25;Frauen;Deutsche;2000000;Hamburg;Akademischer Berufsabschluss;135.350
Mai 25;Frauen;Deutsche;3000000;Niedersachsen;Ohne Berufsabschluss;130.240
Mai 25;Frauen;Deutsche;3000000;Niedersachsen;Anerkannter Berufsabschluss;903.590
Mai 25;Frauen;Deutsche;3000000;Niedersachsen;Akademischer Berufsabschluss;212.120
Mai 25;Frauen;Deutsche;4000000;Bremen;Ohne Berufsabschluss;14.280
Mai 25;Frauen;Deutsche;4000000;Bremen;Anerkannter Berufsabschluss;81.260
Mai 25;Frauen;Deutsche;4000000;Bremen;Akademischer Berufsabschluss;30.310
Mai 25;Frauen;Deutsche;5000000;Nordrhein-Westfalen;Ohne Berufsabschluss;341.350
Mai 25;Frauen;Deutsche;5000000;Nordrhein-Westfalen;Anerkannter Berufsabschluss;1.842.320
Mai 25;Frauen;Deutsche;5000000;Nordrhein-Westfalen;Akademischer Berufsabschluss;581.120
Mai 25;Frauen;Deutsche;6000000;Hessen;Ohne Berufsabschluss;106.960
Mai 25;Frauen;Deutsche;6000000;Hessen;Anerkannter Berufsabschluss;628.790
Mai 25;Frauen;Deutsche;6000000;Hessen;Akademischer Berufsabschluss;256.530
Mai 25;Frauen;Deutsche;7000000;Rheinland-Pfalz;Ohne Berufsabschluss;67.390
Mai 25;Frauen;Deutsche;7000000;Rheinland-Pfalz;Anerkannter Berufsabschluss;418.760
Mai 25;Frauen;Deutsche;7000000;Rheinland-Pfalz;Akademischer Berufsabschluss;98.050
Mai 25;Frauen;Deutsche;8000000;Baden-Württemberg;Ohne Berufsabschluss;192.100
Mai 25;Frauen;Deutsche;8000000;Baden-Württemberg;Anerkannter Berufsabschluss;1.197.550
Mai 25;Frauen;Deutsche;8000000;Baden-Württemberg;Akademischer Berufsabschluss;407.850
Mai 25;Frauen;Deutsche;9000000;Bayern;Ohne Berufsabschluss;198.190
Mai 25;Frauen;Deutsche;9000000;Bayern;Anerkannter Berufsabschluss;1.529.040
Mai 25;Frauen;Deutsche;9000000;Bayern;Akademischer Berufsabschluss;483.350
Mai 25;Frauen;Deutsche;10000000;Saarland;Ohne Berufsabschluss;17.140
Mai 25;Frauen;Deutsche;10000000;Saarland;Anerkannter Berufsabschluss;109.190
Mai 25;Frauen;Deutsche;10000000;Saarland;Akademischer Berufsabschluss;23.940
Mai 25;Frauen;Deutsche;11000000;Berlin;Ohne Berufsabschluss;61.510
Mai 25;Frauen;Deutsche;11000000;Berlin;Anerkannter Berufsabschluss;329.680
Mai 25;Frauen;Deutsche;11000000;Berlin;Akademischer Berufsabschluss;227.050
Mai 25;Frauen;Deutsche;12000000;Brandenburg;Ohne Berufsabschluss;27.830
Mai 25;Frauen;Deutsche;12000000;Brandenburg;Anerkannter Berufsabschluss;268.170
Mai 25;Frauen;Deutsche;12000000;Brandenburg;Akademischer Berufsabschluss;64.230
Mai 25;Frauen;Deutsche;13000000;Mecklenburg-Vorpommern;Ohne Berufsabschluss;20.290
Mai 25;Frauen;Deutsche;13000000;Mecklenburg-Vorpommern;Anerkannter Berufsabschluss;194.770
Mai 25;Frauen;Deutsche;13000000;Mecklenburg-Vorpommern;Akademischer Berufsabschluss;42.500
Mai 25;Frauen;Deutsche;14000000;Sachsen;Ohne Berufsabschluss;46.530
Mai 25;Frauen;Deutsche;14000000;Sachsen;Anerkannter Berufsabschluss;500.330
Mai 25;Frauen;Deutsche;14000000;Sachsen;Akademischer Berufsabschluss;148.200
Mai 25;Frauen;Deutsche;15000000;Sachsen-Anhalt;Ohne Berufsabschluss;23.770
Mai 25;Frauen;Deutsche;15000000;Sachsen-Anhalt;Anerkannter Berufsabschluss;265.890
Mai 25;Frauen;Deutsche;15000000;Sachsen-Anhalt;Akademischer Berufsabschluss;54.450
Mai 25;Frauen;Deutsche;16000000;Thüringen;Ohne Berufsabschluss;21.390
Mai 25;Frauen;Deutsche;16000000;Thüringen;Anerkannter Berufsabschluss;257.630
Mai 25;Frauen;Deutsche;16000000;Thüringen;Akademischer Berufsabschluss;57.260
Apr 25;Frauen;Ausländer;1000000;Schleswig-Holstein;Ohne Berufsabschluss;11.510
Apr 25;Frauen;Ausländer;1000000;Schleswig-Holstein;Anerkannter Berufsabschluss;13.240
Apr 25;Frauen;Ausländer;1000000;Schleswig-Holstein;Akademischer Berufsabschluss;8.350
Apr 25;Frauen;Ausländer;2000000;Hamburg;Ohne Berufsabschluss;15.720
Apr 25;Frauen;Ausländer;2000000;Hamburg;Anerkannter Berufsabschluss;19.830
Apr 25;Frauen;Ausländer;2000000;Hamburg;Akademischer Berufsabschluss;22.320
Apr 25;Frauen;Ausländer;3000000;Niedersachsen;Ohne Berufsabschluss;38.890
Apr 25;Frauen;Ausländer;3000000;Niedersachsen;Anerkannter Berufsabschluss;45.340
Apr 25;Frauen;Ausländer;3000000;Niedersachsen;Akademischer Berufsabschluss;27.660
Apr 25;Frauen;Ausländer;4000000;Bremen;Ohne Berufsabschluss;5.120
Apr 25;Frauen;Ausländer;4000000;Bremen;Anerkannter Berufsabschluss;5.760
Apr 25;Frauen;Ausländer;4000000;Bremen;Akademischer Berufsabschluss;4.730
Apr 25;Frauen;Ausländer;5000000;Nordrhein-Westfalen;Ohne Berufsabschluss;118.270
Apr 25;Frauen;Ausländer;5000000;Nordrhein-Westfalen;Anerkannter Berufsabschluss;136.810
Apr 25;Frauen;Ausländer;5000000;Nordrhein-Westfalen;Akademischer Berufsabschluss;88.030
Apr 25;Frauen;Ausländer;6000000;Hessen;Ohne Berufsabschluss;48.910
Apr 25;Frauen;Ausländer;6000000;Hessen;Anerkannter Berufsabschluss;67.810
Apr 25;Frauen;Ausländer;6000000;Hessen;Akademischer Berufsabschluss;55.640
Apr 25;Frauen;Ausländer;7000000;Rheinland-Pfalz;Ohne Berufsabschluss;22.650
Apr 25;Frauen;Ausländer;7000000;Rheinland-Pfalz;Anerkannter Berufsabschluss;29.550
Apr 25;Frauen;Ausländer;7000000;Rheinland-Pfalz;Akademischer Berufsabschluss;15.780
Apr 25;Frauen;Ausländer;8000000;Baden-Württemberg;Ohne Berufsabschluss;100.600
Apr 25;Frauen;Ausländer;8000000;Baden-Württemberg;Anerkannter Berufsabschluss;148.150
Apr 25;Frauen;Ausländer;8000000;Baden-Württemberg;Akademischer Berufsabschluss;80.750
Apr 25;Frauen;Ausländer;9000000;Bayern;Ohne Berufsabschluss;97.420
Apr 25;Frauen;Ausländer;9000000;Bayern;Anerkannter Berufsabschluss;158.800
Apr 25;Frauen;Ausländer;9000000;Bayern;Akademischer Berufsabschluss;115.870
Apr 25;Frauen;Ausländer;10000000;Saarland;Ohne Berufsabschluss;5.890
Apr 25;Frauen;Ausländer;10000000;Saarland;Anerkannter Berufsabschluss;8.100
Apr 25;Frauen;Ausländer;10000000;Saarland;Akademischer Berufsabschluss;3.970
Apr 25;Frauen;Ausländer;11000000;Berlin;Ohne Berufsabschluss;24.390
Apr 25;Frauen;Ausländer;11000000;Berlin;Anerkannter Berufsabschluss;30.200
Apr 25;Frauen;Ausländer;11000000;Berlin;Akademischer Berufsabschluss;63.190
Apr 25;Frauen;Ausländer;12000000;Brandenburg;Ohne Berufsabschluss;6.940
Apr 25;Frauen;Ausländer;12000000;Brandenburg;Anerkannter Berufsabschluss;10.520
Apr 25;Frauen;Ausländer;12000000;Brandenburg;Akademischer Berufsabschluss;10.080
Apr 25;Frauen;Ausländer;13000000;Mecklenburg-Vorpommern;Ohne Berufsabschluss;3.010
Apr 25;Frauen;Ausländer;13000000;Mecklenburg-Vorpommern;Anerkannter Berufsabschluss;5.070
Apr 25;Frauen;Ausländer;13000000;Mecklenburg-Vorpommern;Akademischer Berufsabschluss;4.410
Apr 25;Frauen;Ausländer;14000000;Sachsen;Ohne Berufsabschluss;9.200
Apr 25;Frauen;Ausländer;14000000;Sachsen;Anerkannter Berufsabschluss;16.480
Apr 25;Frauen;Ausländer;14000000;Sachsen;Akademischer Berufsabschluss;17.300
Apr 25;Frauen;Ausländer;15000000;Sachsen-Anhalt;Ohne Berufsabschluss;4.690
Apr 25;Frauen;Ausländer;15000000;Sachsen-Anhalt;Anerkannter Berufsabschluss;5.820
Apr 25;Frauen;Ausländer;15000000;Sachsen-Anhalt;Akademischer Berufsabschluss;5.580
Apr 25;Frauen;Ausländer;16000000;Thüringen;Ohne Berufsabschluss;6.480
Apr 25;Frauen;Ausländer;16000000;Thüringen;Anerkannter Berufsabschluss;8.080
Apr 25;Frauen;Ausländer;16000000;Thüringen;Akademischer Berufsabschluss;6.610
Apr 25;Frauen;Deutsche;1000000;Schleswig-Holstein;Ohne Berufsabschluss;46.970
Apr 25;Frauen;Deutsche;1000000;Schleswig-Holstein;Anerkannter Berufsabschluss;320.360
Apr 25;Frauen;Deutsche;1000000;Schleswig-Holstein;Akademischer Berufsabschluss;73.470
Apr 25;Frauen;Deutsche;2000000;Hamburg;Ohne Berufsabschluss;40.770
Apr 25;Frauen;Deutsche;2000000;Hamburg;Anerkannter Berufsabschluss;223.850
Apr 25;Frauen;Deutsche;2000000;Hamburg;Akademischer Berufsabschluss;134.810
Apr 25;Frauen;Deutsche;3000000;Niedersachsen;Ohne Berufsabschluss;131.140
Apr 25;Frauen;Deutsche;3000000;Niedersachsen;Anerkannter Berufsabschluss;904.680
Apr 25;Frauen;Deutsche;3000000;Niedersachsen;Akademischer Berufsabschluss;211.290
Apr 25;Frauen;Deutsche;4000000;Bremen;Ohne Berufsabschluss;14.400
Apr 25;Frauen;Deutsche;4000000;Bremen;Anerkannter Berufsabschluss;81.320
Apr 25;Frauen;Deutsche;4000000;Bremen;Akademischer Berufsabschluss;30.170
Apr 25;Frauen;Deutsche;5000000;Nordrhein-Westfalen;Ohne Berufsabschluss;344.080
Apr 25;Frauen;Deutsche;5000000;Nordrhein-Westfalen;Anerkannter Berufsabschluss;1.844.340
Apr 25;Frauen;Deutsche;5000000;Nordrhein-Westfalen;Akademischer Berufsabschluss;578.460
Apr 25;Frauen;Deutsche;6000000;Hessen;Ohne Berufsabschluss;107.900
Apr 25;Frauen;Deutsche;6000000;Hessen;Anerkannter Berufsabschluss;629.370
Apr 25;Frauen;Deutsche;6000000;Hessen;Akademischer Berufsabschluss;255.540
Apr 25;Frauen;Deutsche;7000000;Rheinland-Pfalz;Ohne Berufsabschluss;67.830
Apr 25;Frauen;Deutsche;7000000;Rheinland-Pfalz;Anerkannter Berufsabschluss;419.220
Apr 25;Frauen;Deutsche;7000000;Rheinland-Pfalz;Akademischer Berufsabschluss;97.590
Apr 25;Frauen;Deutsche;8000000;Baden-Württemberg;Ohne Berufsabschluss;194.840
Apr 25;Frauen;Deutsche;8000000;Baden-Württemberg;Anerkannter Berufsabschluss;1.198.750
Apr 25;Frauen;Deutsche;8000000;Baden-Württemberg;Akademischer Berufsabschluss;405.430
Apr 25;Frauen;Deutsche;9000000;Bayern;Ohne Berufsabschluss;199.840
Apr 25;Frauen;Deutsche;9000000;Bayern;Anerkannter Berufsabschluss;1.531.120
Apr 25;Frauen;Deutsche;9000000;Bayern;Akademischer Berufsabschluss;481.120
Apr 25;Frauen;Deutsche;10000000;Saarland;Ohne Berufsabschluss;17.390
Apr 25;Frauen;Deutsche;10000000;Saarland;Anerkannter Berufsabschluss;109.410
Apr 25;Frauen;Deutsche;10000000;Saarland;Akademischer Berufsabschluss;23.850
Apr 25;Frauen;Deutsche;11000000;Berlin;Ohne Berufsabschluss;61.910
Apr 25;Frauen;Deutsche;11000000;Berlin;Anerkannter Berufsabschluss;330.080
Apr 25;Frauen;Deutsche;11000000;Berlin;Akademischer Berufsabschluss;226.350
Apr 25;Frauen;Deutsche;12000000;Brandenburg;Ohne Berufsabschluss;28.200
Apr 25;Frauen;Deutsche;12000000;Brandenburg;Anerkannter Berufsabschluss;268.440
Apr 25;Frauen;Deutsche;12000000;Brandenburg;Akademischer Berufsabschluss;63.890
Apr 25;Frauen;Deutsche;13000000;Mecklenburg-Vorpommern;Ohne Berufsabschluss;20.340
Apr 25;Frauen;Deutsche;13000000;Mecklenburg-Vorpommern;Anerkannter Berufsabschluss;194.800
Apr 25;Frauen;Deutsche;13000000;Mecklenburg-Vorpommern;Akademischer Berufsabschluss;42.370
Apr 25;Frauen;Deutsche;14000000;Sachsen;Ohne Berufsabschluss;47.030
Apr 25;Frauen;Deutsche;14000000;Sachsen;Anerkannter Berufsabschluss;501.370
Apr 25;Frauen;Deutsche;14000000;Sachsen;Akademischer Berufsabschluss;147.800
Apr 25;Frauen;Deutsche;15000000;Sachsen-Anhalt;Ohne Berufsabschluss;23.940
Apr 25;Frauen;Deutsche;15000000;Sachsen-Anhalt;Anerkannter Berufsabschluss;266.420
Apr 25;Frauen;Deutsche;15000000;Sachsen-Anhalt;Akademischer Berufsabschluss;54.310
Apr 25;Frauen;Deutsche;16000000;Thüringen;Ohne Berufsabschluss;21.560
Apr 25;Frauen;Deutsche;16000000;Thüringen;Anerkannter Berufsabschluss;258.090
Apr 25;Frauen;Deutsche;16000000;Thüringen;Akademischer Berufsabschluss;57.040
Mrz 25;Frauen;Ausländer;1000000;Schleswig-Holstein;Ohne Berufsabschluss;11.300
Mrz 25;Frauen;Ausländer;1000000;Schleswig-Holstein;Anerkannter Berufsabschluss;13.080
Mrz 25;Frauen;Ausländer;1000000;Schleswig-Holstein;Akademischer Berufsabschluss;8.270
Mrz 25;Frauen;Ausländer;2000000;Hamburg;Ohne Berufsabschluss;15.580
Mrz 25;Frauen;Ausländer;2000000;Hamburg;Anerkannter Berufsabschluss;19.710
Mrz 25;Frauen;Ausländer;2000000;Hamburg;Akademischer Berufsabschluss;22.110
Mrz 25;Frauen;Ausländer;3000000;Niedersachsen;Ohne Berufsabschluss;38.410
Mrz 25;Frauen;Ausländer;3000000;Niedersachsen;Anerkannter Berufsabschluss;44.990
Mrz 25;Frauen;Ausländer;3000000;Niedersachsen;Akademischer Berufsabschluss;27.320
Mrz 25;Frauen;Ausländer;4000000;Bremen;Ohne Berufsabschluss;5.060
Mrz 25;Frauen;Ausländer;4000000;Bremen;Anerkannter Berufsabschluss;5.720
Mrz 25;Frauen;Ausländer;4000000;Bremen;Akademischer Berufsabschluss;4.690
Mrz 25;Frauen;Ausländer;5000000;Nordrhein-Westfalen;Ohne Berufsabschluss;117.110
Mrz 25;Frauen;Ausländer;5000000;Nordrhein-Westfalen;Anerkannter Berufsabschluss;136.190
Mrz 25;Frauen;Ausländer;5000000;Nordrhein-Westfalen;Akademischer Berufsabschluss;87.150
Mrz 25;Frauen;Ausländer;6000000;Hessen;Ohne Berufsabschluss;48.680
Mrz 25;Frauen;Ausländer;6000000;Hessen;Anerkannter Berufsabschluss;67.530
Mrz 25;Frauen;Ausländer;6000000;Hessen;Akademischer Berufsabschluss;55.340
Mrz 25;Frauen;Ausländer;7000000;Rheinland-Pfalz;Ohne Berufsabschluss;22.340
Mrz 25;Frauen;Ausländer;7000000;Rheinland-Pfalz;Anerkannter Berufsabschluss;29.410
Mrz 25;Frauen;Ausländer;7000000;Rheinland-Pfalz;Akademischer Berufsabschluss;15.630
Mrz 25;Frauen;Ausländer;8000000;Baden-Württemberg;Ohne Berufsabschluss;100.090
Mrz 25;Frauen;Ausländer;8000000;Baden-Württemberg;Anerkannter Berufsabschluss;147.460
Mrz 25;Frauen;Ausländer;8000000;Baden-Württemberg;Akademischer Berufsabschluss;80.140
Mrz 25;Frauen;Ausländer;9000000;Bayern;Ohne Berufsabschluss;97.320
Mrz 25;Frauen;Ausländer;9000000;Bayern;Anerkannter Berufsabschluss;157.660
Mrz 25;Frauen;Ausländer;9000000;Bayern;Akademischer Berufsabschluss;115.270
Mrz 25;Frauen;Ausländer;10000000;Saarland;Ohne Berufsabschluss;5.820
Mrz 25;Frauen;Ausländer;10000000;Saarland;Anerkannter Berufsabschluss;8.060
Mrz 25;Frauen;Ausländer;10000000;Saarland;Akademischer Berufsabschluss;3.950
Mrz 25;Frauen;Ausländer;11000000;Berlin;Ohne Berufsabschluss;23.980
Mrz 25;Frauen;Ausländer;11000000;Berlin;Anerkannter Berufsabschluss;30.210
Mrz 25;Frauen;Ausländer;11000000;Berlin;Akademischer Berufsabschluss;62.980
Mrz 25;Frauen;Ausländer;12000000;Brandenburg;Ohne Berufsabschluss;6.750
Mrz 25;Frauen;Ausländer;12000000;Brandenburg;Anerkannter Berufsabschluss;10.420
Mrz 25;Frauen;Ausländer;12000000;Brandenburg;Akademischer Berufsabschluss;9.930
Mrz 25;Frauen;Ausländer;13000000;Mecklenburg-Vorpommern;Ohne Berufsabschluss;2.940
Mrz 25;Frauen;Ausländer;13000000;Mecklenburg-Vorpommern;Anerkannter Berufsabschluss;4.890
Mrz 25;Frauen;Ausländer;13000000;Mecklenburg-Vorpommern;Akademischer Berufsabschluss;4.310
Mrz 25;Frauen;Ausländer;14000000;Sachsen;Ohne Berufsabschluss;9.120
Mrz 25;Frauen;Ausländer;14000000;Sachsen;Anerkannter Berufsabschluss;16.290
Mrz 25;Frauen;Ausländer;14000000;Sachsen;Akademischer Berufsabschluss;17.180
Mrz 25;Frauen;Ausländer;15000000;Sachsen-Anhalt;Ohne Berufsabschluss;4.620
Mrz 25;Frauen;Ausländer;15000000;Sachsen-Anhalt;Anerkannter Berufsabschluss;5.730
Mrz 25;Frauen;Ausländer;15000000;Sachsen-Anhalt;Akademischer Berufsabschluss;5.470
Mrz 25;Frauen;Ausländer;16000000;Thüringen;Ohne Berufsabschluss;6.440
Mrz 25;Frauen;Ausländer;16000000;Thüringen;Anerkannter Berufsabschluss;7.960
Mrz 25;Frauen;Ausländer;16000000;Thüringen;Akademischer Berufsabschluss;6.550
Mrz 25;Frauen;Deutsche;1000000;Schleswig-Holstein;Ohne Berufsabschluss;47.120
Mrz 25;Frauen;Deutsche;1000000;Schleswig-Holstein;Anerkannter Berufsabschluss;320.370
Mrz 25;Frauen;Deutsche;1000000;Schleswig-Holstein;Akademischer Berufsabschluss;73.240
Mrz 25;Frauen;Deutsche;2000000;Hamburg;Ohne Berufsabschluss;40.700
Mrz 25;Frauen;Deutsche;2000000;Hamburg;Anerkannter Berufsabschluss;224.350
Mrz 25;Frauen;Deutsche;2000000;Hamburg;Akademischer Berufsabschluss;134.400
Mrz 25;Frauen;Deutsche;3000000;Niedersachsen;Ohne Berufsabschluss;131.720
Mrz 25;Frauen;Deutsche;3000000;Niedersachsen;Anerkannter Berufsabschluss;905.420
Mrz 25;Frauen;Deutsche;3000000;Niedersachsen;Akademischer Berufsabschluss;210.740
Mrz 25;Frauen;Deutsche;4000000;Bremen;Ohne Berufsabschluss;14.430
Mrz 25;Frauen;Deutsche;4000000;Bremen;Anerkannter Berufsabschluss;81.550
Mrz 25;Frauen;Deutsche;4000000;Bremen;Akademischer Berufsabschluss;30.120
Mrz 25;Frauen;Deutsche;5000000;Nordrhein-Westfalen;Ohne Berufsabschluss;345.550
Mrz 25;Frauen;Deutsche;5000000;Nordrhein-Westfalen;Anerkannter Berufsabschluss;1.847.130
Mrz 25;Frauen;Deutsche;5000000;Nordrhein-Westfalen;Akademischer Berufsabschluss;577.190
Mrz 25;Frauen;Deutsche;6000000;Hessen;Ohne Berufsabschluss;108.500
Mrz 25;Frauen;Deutsche;6000000;Hessen;Anerkannter Berufsabschluss;630.630
Mrz 25;Frauen;Deutsche;6000000;Hessen;Akademischer Berufsabschluss;255.270
Mrz 25;Frauen;Deutsche;7000000;Rheinland-Pfalz;Ohne Berufsabschluss;68.110
Mrz 25;Frauen;Deutsche;7000000;Rheinland-Pfalz;Anerkannter Berufsabschluss;419.400
Mrz 25;Frauen;Deutsche;7000000;Rheinland-Pfalz;Akademischer Berufsabschluss;97.180
Mrz 25;Frauen;Deutsche;8000000;Baden-Württemberg;Ohne Berufsabschluss;197.070
Mrz 25;Frauen;Deutsche;8000000;Baden-Württemberg;Anerkannter Berufsabschluss;1.199.400
Mrz 25;Frauen;Deutsche;8000000;Baden-Württemberg;Akademischer Berufsabschluss;404.260
Mrz 25;Frauen;Deutsche;9000000;Bayern;Ohne Berufsabschluss;203.290
Mrz 25;Frauen;Deutsche;9000000;Bayern;Anerkannter Berufsabschluss;1.531.190
Mrz 25;Frauen;Deutsche;9000000;Bayern;Akademischer Berufsabschluss;479.860
Mrz 25;Frauen;Deutsche;10000000;Saarland;Ohne Berufsabschluss;17.470
Mrz 25;Frauen;Deutsche;10000000;Saarland;Anerkannter Berufsabschluss;109.530
Mrz 25;Frauen;Deutsche;10000000;Saarland;Akademischer Berufsabschluss;23.840
Mrz 25;Frauen;Deutsche;11000000;Berlin;Ohne Berufsabschluss;62.060
Mrz 25;Frauen;Deutsche;11000000;Berlin;Anerkannter Berufsabschluss;330.890
Mrz 25;Frauen;Deutsche;11000000;Berlin;Akademischer Berufsabschluss;226.760
Mrz 25;Frauen;Deutsche;12000000;Brandenburg;Ohne Berufsabschluss;28.180
Mrz 25;Frauen;Deutsche;12000000;Brandenburg;Anerkannter Berufsabschluss;268.130
Mrz 25;Frauen;Deutsche;12000000;Brandenburg;Akademischer Berufsabschluss;63.690
Mrz 25;Frauen;Deutsche;13000000;Mecklenburg-Vorpommern;Ohne Berufsabschluss;20.470
Mrz 25;Frauen;Deutsche;13000000;Mecklenburg-Vorpommern;Anerkannter Berufsabschluss;193.980
Mrz 25;Frauen;Deutsche;13000000;Mecklenburg-Vorpommern;Akademischer Berufsabschluss;42.230
Mrz 25;Frauen;Deutsche;14000000;Sachsen;Ohne Berufsabschluss;48.250
Mrz 25;Frauen;Deutsche;14000000;Sachsen;Anerkannter Berufsabschluss;501.360
Mrz 25;Frauen;Deutsche;14000000;Sachsen;Akademischer Berufsabschluss;147.970
Mrz 25;Frauen;Deutsche;15000000;Sachsen-Anhalt;Ohne Berufsabschluss;24.280
Mrz 25;Frauen;Deutsche;15000000;Sachsen-Anhalt;Anerkannter Berufsabschluss;266.780
Mrz 25;Frauen;Deutsche;15000000;Sachsen-Anhalt;Akademischer Berufsabschluss;54.330
Mrz 25;Frauen;Deutsche;16000000;Thüringen;Ohne Berufsabschluss;21.970
Mrz 25;Frauen;Deutsche;16000000;Thüringen;Anerkannter Berufsabschluss;258.190
Mrz 25;Frauen;Deutsche;16000000;Thüringen;Akademischer Berufsabschluss;57.060
Feb 25;Frauen;Ausländer;1000000;Schleswig-Holstein;Ohne Berufsabschluss;11.190
Feb 25;Frauen;Ausländer;1000000;Schleswig-Holstein;Anerkannter Berufsabschluss;12.900
Feb 25;Frauen;Ausländer;1000000;Schleswig-Holstein;Akademischer Berufsabschluss;8.130
Feb 25;Frauen;Ausländer;2000000;Hamburg;Ohne Berufsabschluss;15.490
Feb 25;Frauen;Ausländer;2000000;Hamburg;Anerkannter Berufsabschluss;19.600
Feb 25;Frauen;Ausländer;2000000;Hamburg;Akademischer Berufsabschluss;22.000
Feb 25;Frauen;Ausländer;3000000;Niedersachsen;Ohne Berufsabschluss;37.960
Feb 25;Frauen;Ausländer;3000000;Niedersachsen;Anerkannter Berufsabschluss;44.400
Feb 25;Frauen;Ausländer;3000000;Niedersachsen;Akademischer Berufsabschluss;26.960
Feb 25;Frauen;Ausländer;4000000;Bremen;Ohne Berufsabschluss;5.080
Feb 25;Frauen;Ausländer;4000000;Bremen;Anerkannter Berufsabschluss;5.690
Feb 25;Frauen;Ausländer;4000000;Bremen;Akademischer Berufsabschluss;4.620
Feb 25;Frauen;Ausländer;5000000;Nordrhein-Westfalen;Ohne Berufsabschluss;116.370
Feb 25;Frauen;Ausländer;5000000;Nordrhein-Westfalen;Anerkannter Berufsabschluss;135.290
Feb 25;Frauen;Ausländer;5000000;Nordrhein-Westfalen;Akademischer Berufsabschluss;86.540
Feb 25;Frauen;Ausländer;6000000;Hessen;Ohne Berufsabschluss;48.610
Feb 25;Frauen;Ausländer;6000000;Hessen;Anerkannter Berufsabschluss;67.240
Feb 25;Frauen;Ausländer;6000000;Hessen;Akademischer Berufsabschluss;54.830
Feb 25;Frauen;Ausländer;7000000;Rheinland-Pfalz;Ohne Berufsabschluss;22.230
Feb 25;Frauen;Ausländer;7000000;Rheinland-Pfalz;Anerkannter Berufsabschluss;29.170
Feb 25;Frauen;Ausländer;7000000;Rheinland-Pfalz;Akademischer Berufsabschluss;15.410
Feb 25;Frauen;Ausländer;8000000;Baden-Württemberg;Ohne Berufsabschluss;100.130
Feb 25;Frauen;Ausländer;8000000;Baden-Württemberg;Anerkannter Berufsabschluss;146.720
Feb 25;Frauen;Ausländer;8000000;Baden-Württemberg;Akademischer Berufsabschluss;79.730
Feb 25;Frauen;Ausländer;9000000;Bayern;Ohne Berufsabschluss;97.200
Feb 25;Frauen;Ausländer;9000000;Bayern;Anerkannter Berufsabschluss;156.820
Feb 25;Frauen;Ausländer;9000000;Bayern;Akademischer Berufsabschluss;114.760
Feb 25;Frauen;Ausländer;10000000;Saarland;Ohne Berufsabschluss;5.810
Feb 25;Frauen;Ausländer;10000000;Saarland;Anerkannter Berufsabschluss;8.100
Feb 25;Frauen;Ausländer;10000000;Saarland;Akademischer Berufsabschluss;3.970
Feb 25;Frauen;Ausländer;11000000;Berlin;Ohne Berufsabschluss;23.920
Feb 25;Frauen;Ausländer;11000000;Berlin;Anerkannter Berufsabschluss;30.190
Feb 25;Frauen;Ausländer;11000000;Berlin;Akademischer Berufsabschluss;62.660
Feb 25;Frauen;Ausländer;12000000;Brandenburg;Ohne Berufsabschluss;6.690
Feb 25;Frauen;Ausländer;12000000;Brandenburg;Anerkannter Berufsabschluss;10.290
Feb 25;Frauen;Ausländer;12000000;Brandenburg;Akademischer Berufsabschluss;9.820
Feb 25;Frauen;Ausländer;13000000;Mecklenburg-Vorpommern;Ohne Berufsabschluss;2.880
Feb 25;Frauen;Ausländer;13000000;Mecklenburg-Vorpommern;Anerkannter Berufsabschluss;4.760
Feb 25;Frauen;Ausländer;13000000;Mecklenburg-Vorpommern;Akademischer Berufsabschluss;4.240
Feb 25;Frauen;Ausländer;14000000;Sachsen;Ohne Berufsabschluss;9.020
Feb 25;Frauen;Ausländer;14000000;Sachsen;Anerkannter Berufsabschluss;16.080
Feb 25;Frauen;Ausländer;14000000;Sachsen;Akademischer Berufsabschluss;16.990
Feb 25;Frauen;Ausländer;15000000;Sachsen-Anhalt;Ohne Berufsabschluss;4.480
Feb 25;Frauen;Ausländer;15000000;Sachsen-Anhalt;Anerkannter Berufsabschluss;5.560
Feb 25;Frauen;Ausländer;15000000;Sachsen-Anhalt;Akademischer Berufsabschluss;5.380
Feb 25;Frauen;Ausländer;16000000;Thüringen;Ohne Berufsabschluss;6.400
Feb 25;Frauen;Ausländer;16000000;Thüringen;Anerkannter Berufsabschluss;7.880
Feb 25;Frauen;Ausländer;16000000;Thüringen;Akademischer Berufsabschluss;6.400
Feb 25;Frauen;Deutsche;1000000;Schleswig-Holstein;Ohne Berufsabschluss;47.550
Feb 25;Frauen;Deutsche;1000000;Schleswig-Holstein;Anerkannter Berufsabschluss;319.750
Feb 25;Frauen;Deutsche;1000000;Schleswig-Holstein;Akademischer Berufsabschluss;72.840
Feb 25;Frauen;Deutsche;2000000;Hamburg;Ohne Berufsabschluss;41.090
Feb 25;Frauen;Deutsche;2000000;Hamburg;Anerkannter Berufsabschluss;224.450
Feb 25;Frauen;Deutsche;2000000;Hamburg;Akademischer Berufsabschluss;134.020
Feb 25;Frauen;Deutsche;3000000;Niedersachsen;Ohne Berufsabschluss;132.850
Feb 25;Frauen;Deutsche;3000000;Niedersachsen;Anerkannter Berufsabschluss;904.630
Feb 25;Frauen;Deutsche;3000000;Niedersachsen;Akademischer Berufsabschluss;209.740
Feb 25;Frauen;Deutsche;4000000;Bremen;Ohne Berufsabschluss;14.510
Feb 25;Frauen;Deutsche;4000000;Bremen;Anerkannter Berufsabschluss;81.400
Feb 25;Frauen;Deutsche;4000000;Bremen;Akademischer Berufsabschluss;29.850
Feb 25;Frauen;Deutsche;5000000;Nordrhein-Westfalen;Ohne Berufsabschluss;348.850
Feb 25;Frauen;Deutsche;5000000;Nordrhein-Westfalen;Anerkannter Berufsabschluss;1.846.130
Feb 25;Frauen;Deutsche;5000000;Nordrhein-Westfalen;Akademischer Berufsabschluss;575.980
Feb 25;Frauen;Deutsche;6000000;Hessen;Ohne Berufsabschluss;109.080
Feb 25;Frauen;Deutsche;6000000;Hessen;Anerkannter Berufsabschluss;630.420
Feb 25;Frauen;Deutsche;6000000;Hessen;Akademischer Berufsabschluss;254.530
Feb 25;Frauen;Deutsche;7000000;Rheinland-Pfalz;Ohne Berufsabschluss;68.890
Feb 25;Frauen;Deutsche;7000000;Rheinland-Pfalz;Anerkannter Berufsabschluss;419.420
Feb 25;Frauen;Deutsche;7000000;Rheinland-Pfalz;Akademischer Berufsabschluss;96.750
Feb 25;Frauen;Deutsche;8000000;Baden-Württemberg;Ohne Berufsabschluss;200.080
Feb 25;Frauen;Deutsche;8000000;Baden-Württemberg;Anerkannter Berufsabschluss;1.198.770
Feb 25;Frauen;Deutsche;8000000;Baden-Württemberg;Akademischer Berufsabschluss;403.600
Feb 25;Frauen;Deutsche;9000000;Bayern;Ohne Berufsabschluss;206.060
Feb 25;Frauen;Deutsche;9000000;Bayern;Anerkannter Berufsabschluss;1.529.840
Feb 25;Frauen;Deutsche;9000000;Bayern;Akademischer Berufsabschluss;478.300
Feb 25;Frauen;Deutsche;10000000;Saarland;Ohne Berufsabschluss;17.840
Feb 25;Frauen;Deutsche;10000000;Saarland;Anerkannter Berufsabschluss;110.840
Feb 25;Frauen;Deutsche;10000000;Saarland;Akademischer Berufsabschluss;24.950
Feb 25;Frauen;Deutsche;11000000;Berlin;Ohne Berufsabschluss;62.660
Feb 25;Frauen;Deutsche;11000000;Berlin;Anerkannter Berufsabschluss;331.520
Feb 25;Frauen;Deutsche;11000000;Berlin;Akademischer Berufsabschluss;226.700
Feb 25;Frauen;Deutsche;12000000;Brandenburg;Ohne Berufsabschluss;28.390
Feb 25;Frauen;Deutsche;12000000;Brandenburg;Anerkannter Berufsabschluss;267.750
Feb 25;Frauen;Deutsche;12000000;Brandenburg;Akademischer Berufsabschluss;63.420
Feb 25;Frauen;Deutsche;13000000;Mecklenburg-Vorpommern;Ohne Berufsabschluss;20.760
Feb 25;Frauen;Deutsche;13000000;Mecklenburg-Vorpommern;Anerkannter Berufsabschluss;193.270
Feb 25;Frauen;Deutsche;13000000;Mecklenburg-Vorpommern;Akademischer Berufsabschluss;42.070
Feb 25;Frauen;Deutsche;14000000;Sachsen;Ohne Berufsabschluss;48.930
Feb 25;Frauen;Deutsche;14000000;Sachsen;Anerkannter Berufsabschluss;501.290
Feb 25;Frauen;Deutsche;14000000;Sachsen;Akademischer Berufsabschluss;147.500
Feb 25;Frauen;Deutsche;15000000;Sachsen-Anhalt;Ohne Berufsabschluss;24.610
Feb 25;Frauen;Deutsche;15000000;Sachsen-Anhalt;Anerkannter Berufsabschluss;266.900
Feb 25;Frauen;Deutsche;15000000;Sachsen-Anhalt;Akademischer Berufsabschluss;54.390
Feb 25;Frauen;Deutsche;16000000;Thüringen;Ohne Berufsabschluss;22.320
Feb 25;Frauen;Deutsche;16000000;Thüringen;Anerkannter Berufsabschluss;258.230
Feb 25;Frauen;Deutsche;16000000;Thüringen;Akademischer Berufsabschluss;56.270
Jan 25;Frauen;Ausländer;1000000;Schleswig-Holstein;Ohne Berufsabschluss;11.190
Jan 25;Frauen;Ausländer;1000000;Schleswig-Holstein;Anerkannter Berufsabschluss;12.820
Jan 25;Frauen;Ausländer;1000000;Schleswig-Holstein;Akademischer Berufsabschluss;7.990
Jan 25;Frauen;Ausländer;2000000;Hamburg;Ohne Berufsabschluss;15.430
Jan 25;Frauen;Ausländer;2000000;Hamburg;Anerkannter Berufsabschluss;19.430
Jan 25;Frauen;Ausländer;2000000;Hamburg;Akademischer Berufsabschluss;21.730
Jan 25;Frauen;Ausländer;3000000;Niedersachsen;Ohne Berufsabschluss;37.870
Jan 25;Frauen;Ausländer;3000000;Niedersachsen;Anerkannter Berufsabschluss;43.960
Jan 25;Frauen;Ausländer;3000000;Niedersachsen;Akademischer Berufsabschluss;26.620
Jan 25;Frauen;Ausländer;4000000;Bremen;Ohne Berufsabschluss;5.070
Jan 25;Frauen;Ausländer;4000000;Bremen;Anerkannter Berufsabschluss;5.610
Jan 25;Frauen;Ausländer;4000000;Bremen;Akademischer Berufsabschluss;4.580
Jan 25;Frauen;Ausländer;5000000;Nordrhein-Westfalen;Ohne Berufsabschluss;116.400
Jan 25;Frauen;Ausländer;5000000;Nordrhein-Westfalen;Anerkannter Berufsabschluss;134.330
Jan 25;Frauen;Ausländer;5000000;Nordrhein-Westfalen;Akademischer Berufsabschluss;85.810
Jan 25;Frauen;Ausländer;6000000;Hessen;Ohne Berufsabschluss;48.610
Jan 25;Frauen;Ausländer;6000000;Hessen;Anerkannter Berufsabschluss;66.850
Jan 25;Frauen;Ausländer;6000000;Hessen;Akademischer Berufsabschluss;54.360
Jan 25;Frauen;Ausländer;7000000;Rheinland-Pfalz;Ohne Berufsabschluss;22.200
Jan 25;Frauen;Ausländer;7000000;Rheinland-Pfalz;Anerkannter Berufsabschluss;28.910
Jan 25;Frauen;Ausländer;7000000;Rheinland-Pfalz;Akademischer Berufsabschluss;15.280
Jan 25;Frauen;Ausländer;8000000;Baden-Württemberg;Ohne Berufsabschluss;100.210
Jan 25;Frauen;Ausländer;8000000;Baden-Württemberg;Anerkannter Berufsabschluss;145.800
Jan 25;Frauen;Ausländer;8000000;Baden-Württemberg;Akademischer Berufsabschluss;79.060
Jan 25;Frauen;Ausländer;9000000;Bayern;Ohne Berufsabschluss;97.120
Jan 25;Frauen;Ausländer;9000000;Bayern;Anerkannter Berufsabschluss;155.830
Jan 25;Frauen;Ausländer;9000000;Bayern;Akademischer Berufsabschluss;113.870
Jan 25;Frauen;Ausländer;10000000;Saarland;Ohne Berufsabschluss;5.820
Jan 25;Frauen;Ausländer;10000000;Saarland;Anerkannter Berufsabschluss;7.980
Jan 25;Frauen;Ausländer;10000000;Saarland;Akademischer Berufsabschluss;3.890
Jan 25;Frauen;Ausländer;11000000;Berlin;Ohne Berufsabschluss;23.850
Jan 25;Frauen;Ausländer;11000000;Berlin;Anerkannter Berufsabschluss;29.970
Jan 25;Frauen;Ausländer;11000000;Berlin;Akademischer Berufsabschluss;62.290
Jan 25;Frauen;Ausländer;12000000;Brandenburg;Ohne Berufsabschluss;6.590
Jan 25;Frauen;Ausländer;12000000;Brandenburg;Anerkannter Berufsabschluss;10.210
Jan 25;Frauen;Ausländer;12000000;Brandenburg;Akademischer Berufsabschluss;9.710
Jan 25;Frauen;Ausländer;13000000;Mecklenburg-Vorpommern;Ohne Berufsabschluss;2.830
Jan 25;Frauen;Ausländer;13000000;Mecklenburg-Vorpommern;Anerkannter Berufsabschluss;4.620
Jan 25;Frauen;Ausländer;13000000;Mecklenburg-Vorpommern;Akademischer Berufsabschluss;4.180
Jan 25;Frauen;Ausländer;14000000;Sachsen;Ohne Berufsabschluss;8.970
Jan 25;Frauen;Ausländer;14000000;Sachsen;Anerkannter Berufsabschluss;16.000
Jan 25;Frauen;Ausländer;14000000;Sachsen;Akademischer Berufsabschluss;16.860
Jan 25;Frauen;Ausländer;15000000;Sachsen-Anhalt;Ohne Berufsabschluss;4.450
Jan 25;Frauen;Ausländer;15000000;Sachsen-Anhalt;Anerkannter Berufsabschluss;5.460
Jan 25;Frauen;Ausländer;15000000;Sachsen-Anhalt;Akademischer Berufsabschluss;5.270
Jan 25;Frauen;Ausländer;16000000;Thüringen;Ohne Berufsabschluss;6.390
Jan 25;Frauen;Ausländer;16000000;Thüringen;Anerkannter Berufsabschluss;7.810
Jan 25;Frauen;Ausländer;16000000;Thüringen;Akademischer Berufsabschluss;6.340
Jan 25;Frauen;Deutsche;1000000;Schleswig-Holstein;Ohne Berufsabschluss;48.570
Jan 25;Frauen;Deutsche;1000000;Schleswig-Holstein;Anerkannter Berufsabschluss;319.160
Jan 25;Frauen;Deutsche;1000000;Schleswig-Holstein;Akademischer Berufsabschluss;72.500
Jan 25;Frauen;Deutsche;2000000;Hamburg;Ohne Berufsabschluss;41.130
Jan 25;Frauen;Deutsche;2000000;Hamburg;Anerkannter Berufsabschluss;223.380
Jan 25;Frauen;Deutsche;2000000;Hamburg;Akademischer Berufsabschluss;133.290
Jan 25;Frauen;Deutsche;3000000;Niedersachsen;Ohne Berufsabschluss;135.560
Jan 25;Frauen;Deutsche;3000000;Niedersachsen;Anerkannter Berufsabschluss;902.990
Jan 25;Frauen;Deutsche;3000000;Niedersachsen;Akademischer Berufsabschluss;208.680
Jan 25;Frauen;Deutsche;4000000;Bremen;Ohne Berufsabschluss;14.690
Jan 25;Frauen;Deutsche;4000000;Bremen;Anerkannter Berufsabschluss;81.260
Jan 25;Frauen;Deutsche;4000000;Bremen;Akademischer Berufsabschluss;29.850
Jan 25;Frauen;Deutsche;5000000;Nordrhein-Westfalen;Ohne Berufsabschluss;354.570
Jan 25;Frauen;Deutsche;5000000;Nordrhein-Westfalen;Anerkannter Berufsabschluss;1.843.720
Jan 25;Frauen;Deutsche;5000000;Nordrhein-Westfalen;Akademischer Berufsabschluss;574.770
Jan 25;Frauen;Deutsche;6000000;Hessen;Ohne Berufsabschluss;110.870
Jan 25;Frauen;Deutsche;6000000;Hessen;Anerkannter Berufsabschluss;629.660
Jan 25;Frauen;Deutsche;6000000;Hessen;Akademischer Berufsabschluss;253.540
Jan 25;Frauen;Deutsche;7000000;Rheinland-Pfalz;Ohne Berufsabschluss;69.950
Jan 25;Frauen;Deutsche;7000000;Rheinland-Pfalz;Anerkannter Berufsabschluss;418.890
Jan 25;Frauen;Deutsche;7000000;Rheinland-Pfalz;Akademischer Berufsabschluss;96.410
Jan 25;Frauen;Deutsche;8000000;Baden-Württemberg;Ohne Berufsabschluss;203.990
Jan 25;Frauen;Deutsche;8000000;Baden-Württemberg;Anerkannter Berufsabschluss;1.196.470
Jan 25;Frauen;Deutsche;8000000;Baden-Württemberg;Akademischer Berufsabschluss;401.720
Jan 25;Frauen;Deutsche;9000000;Bayern;Ohne Berufsabschluss;210.500
Jan 25;Frauen;Deutsche;9000000;Bayern;Anerkannter Berufsabschluss;1.527.970
Jan 25;Frauen;Deutsche;9000000;Bayern;Akademischer Berufsabschluss;476.960
Jan 25;Frauen;Deutsche;10000000;Saarland;Ohne Berufsabschluss;18.020
Jan 25;Frauen;Deutsche;10000000;Saarland;Anerkannter Berufsabschluss;109.500
Jan 25;Frauen;Deutsche;10000000;Saarland;Akademischer Berufsabschluss;23.760
Jan 25;Frauen;Deutsche;11000000;Berlin;Ohne Berufsabschluss;63.130
Jan 25;Frauen;Deutsche;11000000;Berlin;Anerkannter Berufsabschluss;331.360
Jan 25;Frauen;Deutsche;11000000;Berlin;Akademischer Berufsabschluss;226.740
Jan 25;Frauen;Deutsche;12000000;Brandenburg;Ohne Berufsabschluss;28.950
Jan 25;Frauen;Deutsche;12000000;Brandenburg;Anerkannter Berufsabschluss;267.640
Jan 25;Frauen;Deutsche;12000000;Brandenburg;Akademischer Berufsabschluss;63.340
Jan 25;Frauen;Deutsche;13000000;Mecklenburg-Vorpommern;Ohne Berufsabschluss;21.260
Jan 25;Frauen;Deutsche;13000000;Mecklenburg-Vorpommern;Anerkannter Berufsabschluss;192.880
Jan 25;Frauen;Deutsche;13000000;Mecklenburg-Vorpommern;Akademischer Berufsabschluss;42.030
Jan 25;Frauen;Deutsche;14000000;Sachsen;Ohne Berufsabschluss;49.930
Jan 25;Frauen;Deutsche;14000000;Sachsen;Anerkannter Berufsabschluss;501.840
Jan 25;Frauen;Deutsche;14000000;Sachsen;Akademischer Berufsabschluss;147.510
Jan 25;Frauen;Deutsche;15000000;Sachsen-Anhalt;Ohne Berufsabschluss;24.980
Jan 25;Frauen;Deutsche;15000000;Sachsen-Anhalt;Anerkannter Berufsabschluss;266.760
Jan 25;Frauen;Deutsche;15000000;Sachsen-Anhalt;Akademischer Berufsabschluss;54.130
Jan 25;Frauen;Deutsche;16000000;Thüringen;Ohne Berufsabschluss;22.610
Jan 25;Frauen;Deutsche;16000000;Thüringen;Anerkannter Berufsabschluss;257.970
Jan 25;Frauen;Deutsche;16000000;Thüringen;Akademischer Berufsabschluss;56.170
Dez 24;Frauen;Ausländer;1000000;Schleswig-Holstein;Ohne Berufsabschluss;11.240
Dez 24;Frauen;Ausländer;1000000;Schleswig-Holstein;Anerkannter Berufsabschluss;12.820
Dez 24;Frauen;Ausländer;1000000;Schleswig-Holstein;Akademischer Berufsabschluss;7.930
Dez 24;Frauen;Ausländer;2000000;Hamburg;Ohne Berufsabschluss;15.440
Dez 24;Frauen;Ausländer;2000000;Hamburg;Anerkannter Berufsabschluss;19.440
Dez 24;Frauen;Ausländer;2000000;Hamburg;Akademischer Berufsabschluss;21.710
Dez 24;Frauen;Ausländer;3000000;Niedersachsen;Ohne Berufsabschluss;38.270
Dez 24;Frauen;Ausländer;3000000;Niedersachsen;Anerkannter Berufsabschluss;43.830
Dez 24;Frauen;Ausländer;3000000;Niedersachsen;Akademischer Berufsabschluss;26.740
Dez 24;Frauen;Ausländer;4000000;Bremen;Ohne Berufsabschluss;5.150
Dez 24;Frauen;Ausländer;4000000;Bremen;Anerkannter Berufsabschluss;5.640
Dez 24;Frauen;Ausländer;4000000;Bremen;Akademischer Berufsabschluss;4.610
Dez 24;Frauen;Ausländer;5000000;Nordrhein-Westfalen;Ohne Berufsabschluss;116.940
Dez 24;Frauen;Ausländer;5000000;Nordrhein-Westfalen;Anerkannter Berufsabschluss;133.990
Dez 24;Frauen;Ausländer;5000000;Nordrhein-Westfalen;Akademischer Berufsabschluss;85.670
Dez 24;Frauen;Ausländer;6000000;Hessen;Ohne Berufsabschluss;48.700
Dez 24;Frauen;Ausländer;6000000;Hessen;Anerkannter Berufsabschluss;66.780
Dez 24;Frauen;Ausländer;6000000;Hessen;Akademischer Berufsabschluss;54.340
Dez 24;Frauen;Ausländer;7000000;Rheinland-Pfalz;Ohne Berufsabschluss;22.540
Dez 24;Frauen;Ausländer;7000000;Rheinland-Pfalz;Anerkannter Berufsabschluss;28.880
Dez 24;Frauen;Ausländer;7000000;Rheinland-Pfalz;Akademischer Berufsabschluss;15.330
Dez 24;Frauen;Ausländer;8000000;Baden-Württemberg;Ohne Berufsabschluss;100.370
Dez 24;Frauen;Ausländer;8000000;Baden-Württemberg;Anerkannter Berufsabschluss;146.190
Dez 24;Frauen;Ausländer;8000000;Baden-Württemberg;Akademischer Berufsabschluss;78.900
Dez 24;Frauen;Ausländer;9000000;Bayern;Ohne Berufsabschluss;97.690
Dez 24;Frauen;Ausländer;9000000;Bayern;Anerkannter Berufsabschluss;156.190
Dez 24;Frauen;Ausländer;9000000;Bayern;Akademischer Berufsabschluss;113.980
Dez 24;Frauen;Ausländer;10000000;Saarland;Ohne Berufsabschluss;5.840
Dez 24;Frauen;Ausländer;10000000;Saarland;Anerkannter Berufsabschluss;7.970
Dez 24;Frauen;Ausländer;10000000;Saarland;Akademischer Berufsabschluss;3.880
Dez 24;Frauen;Ausländer;11000000;Berlin;Ohne Berufsabschluss;24.180
Dez 24;Frauen;Ausländer;11000000;Berlin;Anerkannter Berufsabschluss;30.130
Dez 24;Frauen;Ausländer;11000000;Berlin;Akademischer Berufsabschluss;62.450
Dez 24;Frauen;Ausländer;12000000;Brandenburg;Ohne Berufsabschluss;6.700
Dez 24;Frauen;Ausländer;12000000;Brandenburg;Anerkannter Berufsabschluss;10.250
Dez 24;Frauen;Ausländer;12000000;Brandenburg;Akademischer Berufsabschluss;9.810
Dez 24;Frauen;Ausländer;13000000;Mecklenburg-Vorpommern;Ohne Berufsabschluss;2.830
Dez 24;Frauen;Ausländer;13000000;Mecklenburg-Vorpommern;Anerkannter Berufsabschluss;4.660
Dez 24;Frauen;Ausländer;13000000;Mecklenburg-Vorpommern;Akademischer Berufsabschluss;4.180
Dez 24;Frauen;Ausländer;14000000;Sachsen;Ohne Berufsabschluss;9.020
Dez 24;Frauen;Ausländer;14000000;Sachsen;Anerkannter Berufsabschluss;16.110
Dez 24;Frauen;Ausländer;14000000;Sachsen;Akademischer Berufsabschluss;16.950
Dez 24;Frauen;Ausländer;15000000;Sachsen-Anhalt;Ohne Berufsabschluss;4.510
Dez 24;Frauen;Ausländer;15000000;Sachsen-Anhalt;Anerkannter Berufsabschluss;5.490
Dez 24;Frauen;Ausländer;15000000;Sachsen-Anhalt;Akademischer Berufsabschluss;5.300
Dez 24;Frauen;Ausländer;16000000;Thüringen;Ohne Berufsabschluss;6.490
Dez 24;Frauen;Ausländer;16000000;Thüringen;Anerkannter Berufsabschluss;7.800
Dez 24;Frauen;Ausländer;16000000;Thüringen;Akademischer Berufsabschluss;6.310
Dez 24;Frauen;Deutsche;1000000;Schleswig-Holstein;Ohne Berufsabschluss;49.140
Dez 24;Frauen;Deutsche;1000000;Schleswig-Holstein;Anerkannter Berufsabschluss;320.620
Dez 24;Frauen;Deutsche;1000000;Schleswig-Holstein;Akademischer Berufsabschluss;72.460
Dez 24;Frauen;Deutsche;2000000;Hamburg;Ohne Berufsabschluss;41.620
Dez 24;Frauen;Deutsche;2000000;Hamburg;Anerkannter Berufsabschluss;224.410
Dez 24;Frauen;Deutsche;2000000;Hamburg;Akademischer Berufsabschluss;133.520
Dez 24;Frauen;Deutsche;3000000;Niedersachsen;Ohne Berufsabschluss;139.050
Dez 24;Frauen;Deutsche;3000000;Niedersachsen;Anerkannter Berufsabschluss;906.240
Dez 24;Frauen;Deutsche;3000000;Niedersachsen;Akademischer Berufsabschluss;209.510
Dez 24;Frauen;Deutsche;4000000;Bremen;Ohne Berufsabschluss;14.990
Dez 24;Frauen;Deutsche;4000000;Bremen;Anerkannter Berufsabschluss;81.600
Dez 24;Frauen;Deutsche;4000000;Bremen;Akademischer Berufsabschluss;29.900
Dez 24;Frauen;Deutsche;5000000;Nordrhein-Westfalen;Ohne Berufsabschluss;360.410
Dez 24;Frauen;Deutsche;5000000;Nordrhein-Westfalen;Anerkannter Berufsabschluss;1.848.930
Dez 24;Frauen;Deutsche;5000000;Nordrhein-Westfalen;Akademischer Berufsabschluss;574.640
Dez 24;Frauen;Deutsche;6000000;Hessen;Ohne Berufsabschluss;112.720
Dez 24;Frauen;Deutsche;6000000;Hessen;Anerkannter Berufsabschluss;632.100
Dez 24;Frauen;Deutsche;6000000;Hessen;Akademischer Berufsabschluss;253.710
Dez 24;Frauen;Deutsche;7000000;Rheinland-Pfalz;Ohne Berufsabschluss;71.460
Dez 24;Frauen;Deutsche;7000000;Rheinland-Pfalz;Anerkannter Berufsabschluss;419.910
Dez 24;Frauen;Deutsche;7000000;Rheinland-Pfalz;Akademischer Berufsabschluss;96.430
Dez 24;Frauen;Deutsche;8000000;Baden-Württemberg;Ohne Berufsabschluss;206.010
Dez 24;Frauen;Deutsche;8000000;Baden-Württemberg;Anerkannter Berufsabschluss;1.202.130
Dez 24;Frauen;Deutsche;8000000;Baden-Württemberg;Akademischer Berufsabschluss;401.950
Dez 24;Frauen;Deutsche;9000000;Bayern;Ohne Berufsabschluss;212.910
Dez 24;Frauen;Deutsche;9000000;Bayern;Anerkannter Berufsabschluss;1.533.830
Dez 24;Frauen;Deutsche;9000000;Bayern;Akademischer Berufsabschluss;477.020
Dez 24;Frauen;Deutsche;10000000;Saarland;Ohne Berufsabschluss;18.360
Dez 24;Frauen;Deutsche;10000000;Saarland;Anerkannter Berufsabschluss;109.840
Dez 24;Frauen;Deutsche;10000000;Saarland;Akademischer Berufsabschluss;23.800
Dez 24;Frauen;Deutsche;11000000;Berlin;Ohne Berufsabschluss;64.010
Dez 24;Frauen;Deutsche;11000000;Berlin;Anerkannter Berufsabschluss;333.850
Dez 24;Frauen;Deutsche;11000000;Berlin;Akademischer Berufsabschluss;227.850
Dez 24;Frauen;Deutsche;12000000;Brandenburg;Ohne Berufsabschluss;29.310
Dez 24;Frauen;Deutsche;12000000;Brandenburg;Anerkannter Berufsabschluss;269.720
Dez 24;Frauen;Deutsche;12000000;Brandenburg;Akademischer Berufsabschluss;63.620
Dez 24;Frauen;Deutsche;13000000;Mecklenburg-Vorpommern;Ohne Berufsabschluss;21.520
Dez 24;Frauen;Deutsche;13000000;Mecklenburg-Vorpommern;Anerkannter Berufsabschluss;194.580
Dez 24;Frauen;Deutsche;13000000;Mecklenburg-Vorpommern;Akademischer Berufsabschluss;42.220
Dez 24;Frauen;Deutsche;14000000;Sachsen;Ohne Berufsabschluss;50.710
Dez 24;Frauen;Deutsche;14000000;Sachsen;Anerkannter Berufsabschluss;505.470
Dez 24;Frauen;Deutsche;14000000;Sachsen;Akademischer Berufsabschluss;148.500
Dez 24;Frauen;Deutsche;15000000;Sachsen-Anhalt;Ohne Berufsabschluss;25.440
Dez 24;Frauen;Deutsche;15000000;Sachsen-Anhalt;Anerkannter Berufsabschluss;268.850
Dez 24;Frauen;Deutsche;15000000;Sachsen-Anhalt;Akademischer Berufsabschluss;54.460
Dez 24;Frauen;Deutsche;16000000;Thüringen;Ohne Berufsabschluss;23.100
Dez 24;Frauen;Deutsche;16000000;Thüringen;Anerkannter Berufsabschluss;259.480
Dez 24;Frauen;Deutsche;16000000;Thüringen;Akademischer Berufsabschluss;56.590
Nov 24;Frauen;Ausländer;1000000;Schleswig-Holstein;Ohne Berufsabschluss;11.360
Nov 24;Frauen;Ausländer;1000000;Schleswig-Holstein;Anerkannter Berufsabschluss;12.830
Nov 24;Frauen;Ausländer;1000000;Schleswig-Holstein;Akademischer Berufsabschluss;7.880
Nov 24;Frauen;Ausländer;2000000;Hamburg;Ohne Berufsabschluss;15.550
Nov 24;Frauen;Ausländer;2000000;Hamburg;Anerkannter Berufsabschluss;19.480
Nov 24;Frauen;Ausländer;2000000;Hamburg;Akademischer Berufsabschluss;21.630
Nov 24;Frauen;Ausländer;3000000;Niedersachsen;Ohne Berufsabschluss;38.690
Nov 24;Frauen;Ausländer;3000000;Niedersachsen;Anerkannter Berufsabschluss;44.000
Nov 24;Frauen;Ausländer;3000000;Niedersachsen;Akademischer Berufsabschluss;26.660
Nov 24;Frauen;Ausländer;4000000;Bremen;Ohne Berufsabschluss;5.190
Nov 24;Frauen;Ausländer;4000000;Bremen;Anerkannter Berufsabschluss;5.620
Nov 24;Frauen;Ausländer;4000000;Bremen;Akademischer Berufsabschluss;4.590
Nov 24;Frauen;Ausländer;5000000;Nordrhein-Westfalen;Ohne Berufsabschluss;118.140
Nov 24;Frauen;Ausländer;5000000;Nordrhein-Westfalen;Anerkannter Berufsabschluss;134.110
Nov 24;Frauen;Ausländer;5000000;Nordrhein-Westfalen;Akademischer Berufsabschluss;85.370
Nov 24;Frauen;Ausländer;6000000;Hessen;Ohne Berufsabschluss;49.040
Nov 24;Frauen;Ausländer;6000000;Hessen;Anerkannter Berufsabschluss;66.900
Nov 24;Frauen;Ausländer;6000000;Hessen;Akademischer Berufsabschluss;54.230
Nov 24;Frauen;Ausländer;7000000;Rheinland-Pfalz;Ohne Berufsabschluss;22.920
Nov 24;Frauen;Ausländer;7000000;Rheinland-Pfalz;Anerkannter Berufsabschluss;28.930
Nov 24;Frauen;Ausländer;7000000;Rheinland-Pfalz;Akademischer Berufsabschluss;15.320
Nov 24;Frauen;Ausländer;8000000;Baden-Württemberg;Ohne Berufsabschluss;101.230
Nov 24;Frauen;Ausländer;8000000;Baden-Württemberg;Anerkannter Berufsabschluss;146.480
Nov 24;Frauen;Ausländer;8000000;Baden-Württemberg;Akademischer Berufsabschluss;78.630
Nov 24;Frauen;Ausländer;9000000;Bayern;Ohne Berufsabschluss;98.750
Nov 24;Frauen;Ausländer;9000000;Bayern;Anerkannter Berufsabschluss;156.590
Nov 24;Frauen;Ausländer;9000000;Bayern;Akademischer Berufsabschluss;113.880
Nov 24;Frauen;Ausländer;10000000;Saarland;Ohne Berufsabschluss;5.870
Nov 24;Frauen;Ausländer;10000000;Saarland;Anerkannter Berufsabschluss;8.030
Nov 24;Frauen;Ausländer;10000000;Saarland;Akademischer Berufsabschluss;3.880
Nov 24;Frauen;Ausländer;11000000;Berlin;Ohne Berufsabschluss;24.260
Nov 24;Frauen;Ausländer;11000000;Berlin;Anerkannter Berufsabschluss;30.190
Nov 24;Frauen;Ausländer;11000000;Berlin;Akademischer Berufsabschluss;62.400
Nov 24;Frauen;Ausländer;12000000;Brandenburg;Ohne Berufsabschluss;6.860
Nov 24;Frauen;Ausländer;12000000;Brandenburg;Anerkannter Berufsabschluss;10.350
Nov 24;Frauen;Ausländer;12000000;Brandenburg;Akademischer Berufsabschluss;9.790
Nov 24;Frauen;Ausländer;13000000;Mecklenburg-Vorpommern;Ohne Berufsabschluss;2.880
Nov 24;Frauen;Ausländer;13000000;Mecklenburg-Vorpommern;Anerkannter Berufsabschluss;4.710
Nov 24;Frauen;Ausländer;13000000;Mecklenburg-Vorpommern;Akademischer Berufsabschluss;4.190
Nov 24;Frauen;Ausländer;14000000;Sachsen;Ohne Berufsabschluss;9.080
Nov 24;Frauen;Ausländer;14000000;Sachsen;Anerkannter Berufsabschluss;16.180
Nov 24;Frauen;Ausländer;14000000;Sachsen;Akademischer Berufsabschluss;16.980
Nov 24;Frauen;Ausländer;15000000;Sachsen-Anhalt;Ohne Berufsabschluss;4.600
Nov 24;Frauen;Ausländer;15000000;Sachsen-Anhalt;Anerkannter Berufsabschluss;5.500
Nov 24;Frauen;Ausländer;15000000;Sachsen-Anhalt;Akademischer Berufsabschluss;5.290
Nov 24;Frauen;Ausländer;16000000;Thüringen;Ohne Berufsabschluss;6.640
Nov 24;Frauen;Ausländer;16000000;Thüringen;Anerkannter Berufsabschluss;7.910
Nov 24;Frauen;Ausländer;16000000;Thüringen;Akademischer Berufsabschluss;6.360
Nov 24;Frauen;Deutsche;1000000;Schleswig-Holstein;Ohne Berufsabschluss;49.540
Nov 24;Frauen;Deutsche;1000000;Schleswig-Holstein;Anerkannter Berufsabschluss;321.710
Nov 24;Frauen;Deutsche;1000000;Schleswig-Holstein;Akademischer Berufsabschluss;72.410
Nov 24;Frauen;Deutsche;2000000;Hamburg;Ohne Berufsabschluss;41.850
Nov 24;Frauen;Deutsche;2000000;Hamburg;Anerkannter Berufsabschluss;225.170
Nov 24;Frauen;Deutsche;2000000;Hamburg;Akademischer Berufsabschluss;133.440
Nov 24;Frauen;Deutsche;3000000;Niedersachsen;Ohne Berufsabschluss;140.040
Nov 24;Frauen;Deutsche;3000000;Niedersachsen;Anerkannter Berufsabschluss;909.100
Nov 24;Frauen;Deutsche;3000000;Niedersachsen;Akademischer Berufsabschluss;209.340
Nov 24;Frauen;Deutsche;4000000;Bremen;Ohne Berufsabschluss;15.120
Nov 24;Frauen;Deutsche;4000000;Bremen;Anerkannter Berufsabschluss;81.950
Nov 24;Frauen;Deutsche;4000000;Bremen;Akademischer Berufsabschluss;29.870
Nov 24;Frauen;Deutsche;5000000;Nordrhein-Westfalen;Ohne Berufsabschluss;362.510
Nov 24;Frauen;Deutsche;5000000;Nordrhein-Westfalen;Anerkannter Berufsabschluss;1.854.540
Nov 24;Frauen;Deutsche;5000000;Nordrhein-Westfalen;Akademischer Berufsabschluss;573.700
Nov 24;Frauen;Deutsche;6000000;Hessen;Ohne Berufsabschluss;113.410
Nov 24;Frauen;Deutsche;6000000;Hessen;Anerkannter Berufsabschluss;634.030
Nov 24;Frauen;Deutsche;6000000;Hessen;Akademischer Berufsabschluss;253.410
Nov 24;Frauen;Deutsche;7000000;Rheinland-Pfalz;Ohne Berufsabschluss;72.090
Nov 24;Frauen;Deutsche;7000000;Rheinland-Pfalz;Anerkannter Berufsabschluss;421.090
Nov 24;Frauen;Deutsche;7000000;Rheinland-Pfalz;Akademischer Berufsabschluss;96.450
Nov 24;Frauen;Deutsche;8000000;Baden-Württemberg;Ohne Berufsabschluss;207.140
Nov 24;Frauen;Deutsche;8000000;Baden-Württemberg;Anerkannter Berufsabschluss;1.205.520
Nov 24;Frauen;Deutsche;8000000;Baden-Württemberg;Akademischer Berufsabschluss;401.630
Nov 24;Frauen;Deutsche;9000000;Bayern;Ohne Berufsabschluss;214.500
Nov 24;Frauen;Deutsche;9000000;Bayern;Anerkannter Berufsabschluss;1.539.000
Nov 24;Frauen;Deutsche;9000000;Bayern;Akademischer Berufsabschluss;476.860
Nov 24;Frauen;Deutsche;10000000;Saarland;Ohne Berufsabschluss;18.460
Nov 24;Frauen;Deutsche;10000000;Saarland;Anerkannter Berufsabschluss;110.160
Nov 24;Frauen;Deutsche;10000000;Saarland;Akademischer Berufsabschluss;23.780
Nov 24;Frauen;Deutsche;11000000;Berlin;Ohne Berufsabschluss;64.570
Nov 24;Frauen;Deutsche;11000000;Berlin;Anerkannter Berufsabschluss;335.020
Nov 24;Frauen;Deutsche;11000000;Berlin;Akademischer Berufsabschluss;228.410
Nov 24;Frauen;Deutsche;12000000;Brandenburg;Ohne Berufsabschluss;29.440
Nov 24;Frauen;Deutsche;12000000;Brandenburg;Anerkannter Berufsabschluss;270.650
Nov 24;Frauen;Deutsche;12000000;Brandenburg;Akademischer Berufsabschluss;63.660
Nov 24;Frauen;Deutsche;13000000;Mecklenburg-Vorpommern;Ohne Berufsabschluss;21.660
Nov 24;Frauen;Deutsche;13000000;Mecklenburg-Vorpommern;Anerkannter Berufsabschluss;195.780
Nov 24;Frauen;Deutsche;13000000;Mecklenburg-Vorpommern;Akademischer Berufsabschluss;42.300
Nov 24;Frauen;Deutsche;14000000;Sachsen;Ohne Berufsabschluss;51.160
Nov 24;Frauen;Deutsche;14000000;Sachsen;Anerkannter Berufsabschluss;507.660
Nov 24;Frauen;Deutsche;14000000;Sachsen;Akademischer Berufsabschluss;148.620
Nov 24;Frauen;Deutsche;15000000;Sachsen-Anhalt;Ohne Berufsabschluss;25.620
Nov 24;Frauen;Deutsche;15000000;Sachsen-Anhalt;Anerkannter Berufsabschluss;269.850
Nov 24;Frauen;Deutsche;15000000;Sachsen-Anhalt;Akademischer Berufsabschluss;54.440
Nov 24;Frauen;Deutsche;16000000;Thüringen;Ohne Berufsabschluss;23.320
Nov 24;Frauen;Deutsche;16000000;Thüringen;Anerkannter Berufsabschluss;260.550
Nov 24;Frauen;Deutsche;16000000;Thüringen;Akademischer Berufsabschluss;57.140
Okt 24;Frauen;Ausländer;1000000;Schleswig-Holstein;Ohne Berufsabschluss;11.350
Okt 24;Frauen;Ausländer;1000000;Schleswig-Holstein;Anerkannter Berufsabschluss;12.870
Okt 24;Frauen;Ausländer;1000000;Schleswig-Holstein;Akademischer Berufsabschluss;7.790
Okt 24;Frauen;Ausländer;2000000;Hamburg;Ohne Berufsabschluss;15.430
Okt 24;Frauen;Ausländer;2000000;Hamburg;Anerkannter Berufsabschluss;19.380
Okt 24;Frauen;Ausländer;2000000;Hamburg;Akademischer Berufsabschluss;21.410
Okt 24;Frauen;Ausländer;3000000;Niedersachsen;Ohne Berufsabschluss;38.740
Okt 24;Frauen;Ausländer;3000000;Niedersachsen;Anerkannter Berufsabschluss;44.110
Okt 24;Frauen;Ausländer;3000000;Niedersachsen;Akademischer Berufsabschluss;26.350
Okt 24;Frauen;Ausländer;4000000;Bremen;Ohne Berufsabschluss;5.150
Okt 24;Frauen;Ausländer;4000000;Bremen;Anerkannter Berufsabschluss;5.570
Okt 24;Frauen;Ausländer;4000000;Bremen;Akademischer Berufsabschluss;4.520
Okt 24;Frauen;Ausländer;5000000;Nordrhein-Westfalen;Ohne Berufsabschluss;117.320
Okt 24;Frauen;Ausländer;5000000;Nordrhein-Westfalen;Anerkannter Berufsabschluss;133.440
Okt 24;Frauen;Ausländer;5000000;Nordrhein-Westfalen;Akademischer Berufsabschluss;84.230
Okt 24;Frauen;Ausländer;6000000;Hessen;Ohne Berufsabschluss;48.970
Okt 24;Frauen;Ausländer;6000000;Hessen;Anerkannter Berufsabschluss;66.690
Okt 24;Frauen;Ausländer;6000000;Hessen;Akademischer Berufsabschluss;53.710
Okt 24;Frauen;Ausländer;7000000;Rheinland-Pfalz;Ohne Berufsabschluss;22.950
Okt 24;Frauen;Ausländer;7000000;Rheinland-Pfalz;Anerkannter Berufsabschluss;28.850
Okt 24;Frauen;Ausländer;7000000;Rheinland-Pfalz;Akademischer Berufsabschluss;15.120
Okt 24;Frauen;Ausländer;8000000;Baden-Württemberg;Ohne Berufsabschluss;101.370
Okt 24;Frauen;Ausländer;8000000;Baden-Württemberg;Anerkannter Berufsabschluss;146.150
Okt 24;Frauen;Ausländer;8000000;Baden-Württemberg;Akademischer Berufsabschluss;77.790
Okt 24;Frauen;Ausländer;9000000;Bayern;Ohne Berufsabschluss;99.020
Okt 24;Frauen;Ausländer;9000000;Bayern;Anerkannter Berufsabschluss;156.390
Okt 24;Frauen;Ausländer;9000000;Bayern;Akademischer Berufsabschluss;112.740
Okt 24;Frauen;Ausländer;10000000;Saarland;Ohne Berufsabschluss;5.880
Okt 24;Frauen;Ausländer;10000000;Saarland;Anerkannter Berufsabschluss;7.970
Okt 24;Frauen;Ausländer;10000000;Saarland;Akademischer Berufsabschluss;3.840
Okt 24;Frauen;Ausländer;11000000;Berlin;Ohne Berufsabschluss;23.960
Okt 24;Frauen;Ausländer;11000000;Berlin;Anerkannter Berufsabschluss;29.840
Okt 24;Frauen;Ausländer;11000000;Berlin;Akademischer Berufsabschluss;61.970
Okt 24;Frauen;Ausländer;12000000;Brandenburg;Ohne Berufsabschluss;6.810
Okt 24;Frauen;Ausländer;12000000;Brandenburg;Anerkannter Berufsabschluss;10.260
Okt 24;Frauen;Ausländer;12000000;Brandenburg;Akademischer Berufsabschluss;9.640
Okt 24;Frauen;Ausländer;13000000;Mecklenburg-Vorpommern;Ohne Berufsabschluss;2.930
Okt 24;Frauen;Ausländer;13000000;Mecklenburg-Vorpommern;Anerkannter Berufsabschluss;4.780
Okt 24;Frauen;Ausländer;13000000;Mecklenburg-Vorpommern;Akademischer Berufsabschluss;4.150
Okt 24;Frauen;Ausländer;14000000;Sachsen;Ohne Berufsabschluss;9.040
Okt 24;Frauen;Ausländer;14000000;Sachsen;Anerkannter Berufsabschluss;16.130
Okt 24;Frauen;Ausländer;14000000;Sachsen;Akademischer Berufsabschluss;16.690
Okt 24;Frauen;Ausländer;15000000;Sachsen-Anhalt;Ohne Berufsabschluss;4.500
Okt 24;Frauen;Ausländer;15000000;Sachsen-Anhalt;Anerkannter Berufsabschluss;5.440
Okt 24;Frauen;Ausländer;15000000;Sachsen-Anhalt;Akademischer Berufsabschluss;5.180
Okt 24;Frauen;Ausländer;16000000;Thüringen;Ohne Berufsabschluss;6.560
Okt 24;Frauen;Ausländer;16000000;Thüringen;Anerkannter Berufsabschluss;7.890
Okt 24;Frauen;Ausländer;16000000;Thüringen;Akademischer Berufsabschluss;6.270
Okt 24;Frauen;Deutsche;1000000;Schleswig-Holstein;Ohne Berufsabschluss;49.740
Okt 24;Frauen;Deutsche;1000000;Schleswig-Holstein;Anerkannter Berufsabschluss;322.210
Okt 24;Frauen;Deutsche;1000000;Schleswig-Holstein;Akademischer Berufsabschluss;71.940
Okt 24;Frauen;Deutsche;2000000;Hamburg;Ohne Berufsabschluss;41.880
Okt 24;Frauen;Deutsche;2000000;Hamburg;Anerkannter Berufsabschluss;225.190
Okt 24;Frauen;Deutsche;2000000;Hamburg;Akademischer Berufsabschluss;132.640
Okt 24;Frauen;Deutsche;3000000;Niedersachsen;Ohne Berufsabschluss;140.600
Okt 24;Frauen;Deutsche;3000000;Niedersachsen;Anerkannter Berufsabschluss;909.740
Okt 24;Frauen;Deutsche;3000000;Niedersachsen;Akademischer Berufsabschluss;207.980
Okt 24;Frauen;Deutsche;4000000;Bremen;Ohne Berufsabschluss;15.150
Okt 24;Frauen;Deutsche;4000000;Bremen;Anerkannter Berufsabschluss;81.800
Okt 24;Frauen;Deutsche;4000000;Bremen;Akademischer Berufsabschluss;29.630
Okt 24;Frauen;Deutsche;5000000;Nordrhein-Westfalen;Ohne Berufsabschluss;363.610
Okt 24;Frauen;Deutsche;5000000;Nordrhein-Westfalen;Anerkannter Berufsabschluss;1.854.770
Okt 24;Frauen;Deutsche;5000000;Nordrhein-Westfalen;Akademischer Berufsabschluss;570.200
Okt 24;Frauen;Deutsche;6000000;Hessen;Ohne Berufsabschluss;113.630
Okt 24;Frauen;Deutsche;6000000;Hessen;Anerkannter Berufsabschluss;634.310
Okt 24;Frauen;Deutsche;6000000;Hessen;Akademischer Berufsabschluss;252.010
Okt 24;Frauen;Deutsche;7000000;Rheinland-Pfalz;Ohne Berufsabschluss;72.270
Okt 24;Frauen;Deutsche;7000000;Rheinland-Pfalz;Anerkannter Berufsabschluss;421.440
Okt 24;Frauen;Deutsche;7000000;Rheinland-Pfalz;Akademischer Berufsabschluss;95.810
Okt 24;Frauen;Deutsche;8000000;Baden-Württemberg;Ohne Berufsabschluss;207.320
Okt 24;Frauen;Deutsche;8000000;Baden-Württemberg;Anerkannter Berufsabschluss;1.205.840
Okt 24;Frauen;Deutsche;8000000;Baden-Württemberg;Akademischer Berufsabschluss;399.190
Okt 24;Frauen;Deutsche;9000000;Bayern;Ohne Berufsabschluss;215.140
Okt 24;Frauen;Deutsche;9000000;Bayern;Anerkannter Berufsabschluss;1.540.000
Okt 24;Frauen;Deutsche;9000000;Bayern;Akademischer Berufsabschluss;474.470
Okt 24;Frauen;Deutsche;10000000;Saarland;Ohne Berufsabschluss;18.520
Okt 24;Frauen;Deutsche;10000000;Saarland;Anerkannter Berufsabschluss;110.250
Okt 24;Frauen;Deutsche;10000000;Saarland;Akademischer Berufsabschluss;23.620
Okt 24;Frauen;Deutsche;11000000;Berlin;Ohne Berufsabschluss;64.490
Okt 24;Frauen;Deutsche;11000000;Berlin;Anerkannter Berufsabschluss;335.470
Okt 24;Frauen;Deutsche;11000000;Berlin;Akademischer Berufsabschluss;227.610
Okt 24;Frauen;Deutsche;12000000;Brandenburg;Ohne Berufsabschluss;29.490
Okt 24;Frauen;Deutsche;12000000;Brandenburg;Anerkannter Berufsabschluss;270.940
Okt 24;Frauen;Deutsche;12000000;Brandenburg;Akademischer Berufsabschluss;63.340
Okt 24;Frauen;Deutsche;13000000;Mecklenburg-Vorpommern;Ohne Berufsabschluss;21.850
Okt 24;Frauen;Deutsche;13000000;Mecklenburg-Vorpommern;Anerkannter Berufsabschluss;196.650
Okt 24;Frauen;Deutsche;13000000;Mecklenburg-Vorpommern;Akademischer Berufsabschluss;42.200
Okt 24;Frauen;Deutsche;14000000;Sachsen;Ohne Berufsabschluss;51.250
Okt 24;Frauen;Deutsche;14000000;Sachsen;Anerkannter Berufsabschluss;508.450
Okt 24;Frauen;Deutsche;14000000;Sachsen;Akademischer Berufsabschluss;148.160
Okt 24;Frauen;Deutsche;15000000;Sachsen-Anhalt;Ohne Berufsabschluss;25.680
Okt 24;Frauen;Deutsche;15000000;Sachsen-Anhalt;Anerkannter Berufsabschluss;269.960
Okt 24;Frauen;Deutsche;15000000;Sachsen-Anhalt;Akademischer Berufsabschluss;54.170
Okt 24;Frauen;Deutsche;16000000;Thüringen;Ohne Berufsabschluss;23.360
Okt 24;Frauen;Deutsche;16000000;Thüringen;Anerkannter Berufsabschluss;261.040
Okt 24;Frauen;Deutsche;16000000;Thüringen;Akademischer Berufsabschluss;56.960
Sep 24;Frauen;Ausländer;1000000;Schleswig-Holstein;Ohne Berufsabschluss;11.080
Sep 24;Frauen;Ausländer;1000000;Schleswig-Holstein;Anerkannter Berufsabschluss;12.800
Sep 24;Frauen;Ausländer;1000000;Schleswig-Holstein;Akademischer Berufsabschluss;7.740
Sep 24;Frauen;Ausländer;2000000;Hamburg;Ohne Berufsabschluss;15.310
Sep 24;Frauen;Ausländer;2000000;Hamburg;Anerkannter Berufsabschluss;19.240
Sep 24;Frauen;Ausländer;2000000;Hamburg;Akademischer Berufsabschluss;21.290
Sep 24;Frauen;Ausländer;3000000;Niedersachsen;Ohne Berufsabschluss;38.410
Sep 24;Frauen;Ausländer;3000000;Niedersachsen;Anerkannter Berufsabschluss;43.920
Sep 24;Frauen;Ausländer;3000000;Niedersachsen;Akademischer Berufsabschluss;26.070
Sep 24;Frauen;Ausländer;4000000;Bremen;Ohne Berufsabschluss;5.020
Sep 24;Frauen;Ausländer;4000000;Bremen;Anerkannter Berufsabschluss;5.560
Sep 24;Frauen;Ausländer;4000000;Bremen;Akademischer Berufsabschluss;4.460
Sep 24;Frauen;Ausländer;5000000;Nordrhein-Westfalen;Ohne Berufsabschluss;115.550
Sep 24;Frauen;Ausländer;5000000;Nordrhein-Westfalen;Anerkannter Berufsabschluss;132.950
Sep 24;Frauen;Ausländer;5000000;Nordrhein-Westfalen;Akademischer Berufsabschluss;83.340
Sep 24;Frauen;Ausländer;6000000;Hessen;Ohne Berufsabschluss;48.260
Sep 24;Frauen;Ausländer;6000000;Hessen;Anerkannter Berufsabschluss;66.520
Sep 24;Frauen;Ausländer;6000000;Hessen;Akademischer Berufsabschluss;53.300
Sep 24;Frauen;Ausländer;7000000;Rheinland-Pfalz;Ohne Berufsabschluss;22.650
Sep 24;Frauen;Ausländer;7000000;Rheinland-Pfalz;Anerkannter Berufsabschluss;28.780
Sep 24;Frauen;Ausländer;7000000;Rheinland-Pfalz;Akademischer Berufsabschluss;14.910
Sep 24;Frauen;Ausländer;8000000;Baden-Württemberg;Ohne Berufsabschluss;100.290
Sep 24;Frauen;Ausländer;8000000;Baden-Württemberg;Anerkannter Berufsabschluss;145.800
Sep 24;Frauen;Ausländer;8000000;Baden-Württemberg;Akademischer Berufsabschluss;77.010
Sep 24;Frauen;Ausländer;9000000;Bayern;Ohne Berufsabschluss;99.420
Sep 24;Frauen;Ausländer;9000000;Bayern;Anerkannter Berufsabschluss;156.090
Sep 24;Frauen;Ausländer;9000000;Bayern;Akademischer Berufsabschluss;112.140
Sep 24;Frauen;Ausländer;10000000;Saarland;Ohne Berufsabschluss;5.730
Sep 24;Frauen;Ausländer;10000000;Saarland;Anerkannter Berufsabschluss;7.950
Sep 24;Frauen;Ausländer;10000000;Saarland;Akademischer Berufsabschluss;3.810
Sep 24;Frauen;Ausländer;11000000;Berlin;Ohne Berufsabschluss;23.370
Sep 24;Frauen;Ausländer;11000000;Berlin;Anerkannter Berufsabschluss;29.610
Sep 24;Frauen;Ausländer;11000000;Berlin;Akademischer Berufsabschluss;61.680
Sep 24;Frauen;Ausländer;12000000;Brandenburg;Ohne Berufsabschluss;6.520
Sep 24;Frauen;Ausländer;12000000;Brandenburg;Anerkannter Berufsabschluss;10.160
Sep 24;Frauen;Ausländer;12000000;Brandenburg;Akademischer Berufsabschluss;9.460
Sep 24;Frauen;Ausländer;13000000;Mecklenburg-Vorpommern;Ohne Berufsabschluss;2.910
Sep 24;Frauen;Ausländer;13000000;Mecklenburg-Vorpommern;Anerkannter Berufsabschluss;4.790
Sep 24;Frauen;Ausländer;13000000;Mecklenburg-Vorpommern;Akademischer Berufsabschluss;4.080
Sep 24;Frauen;Ausländer;14000000;Sachsen;Ohne Berufsabschluss;8.990
Sep 24;Frauen;Ausländer;14000000;Sachsen;Anerkannter Berufsabschluss;16.060
Sep 24;Frauen;Ausländer;14000000;Sachsen;Akademischer Berufsabschluss;16.530
Sep 24;Frauen;Ausländer;15000000;Sachsen-Anhalt;Ohne Berufsabschluss;4.450
Sep 24;Frauen;Ausländer;15000000;Sachsen-Anhalt;Anerkannter Berufsabschluss;5.410
Sep 24;Frauen;Ausländer;15000000;Sachsen-Anhalt;Akademischer Berufsabschluss;5.160
Sep 24;Frauen;Ausländer;16000000;Thüringen;Ohne Berufsabschluss;6.370
Sep 24;Frauen;Ausländer;16000000;Thüringen;Anerkannter Berufsabschluss;7.830
Sep 24;Frauen;Ausländer;16000000;Thüringen;Akademischer Berufsabschluss;6.090
Sep 24;Frauen;Deutsche;1000000;Schleswig-Holstein;Ohne Berufsabschluss;49.530
Sep 24;Frauen;Deutsche;1000000;Schleswig-Holstein;Anerkannter Berufsabschluss;322.470
Sep 24;Frauen;Deutsche;1000000;Schleswig-Holstein;Akademischer Berufsabschluss;71.600
Sep 24;Frauen;Deutsche;2000000;Hamburg;Ohne Berufsabschluss;41.570
Sep 24;Frauen;Deutsche;2000000;Hamburg;Anerkannter Berufsabschluss;225.480
Sep 24;Frauen;Deutsche;2000000;Hamburg;Akademischer Berufsabschluss;132.240
Sep 24;Frauen;Deutsche;3000000;Niedersachsen;Ohne Berufsabschluss;140.310
Sep 24;Frauen;Deutsche;3000000;Niedersachsen;Anerkannter Berufsabschluss;911.560
Sep 24;Frauen;Deutsche;3000000;Niedersachsen;Akademischer Berufsabschluss;207.340
Sep 24;Frauen;Deutsche;4000000;Bremen;Ohne Berufsabschluss;15.140
Sep 24;Frauen;Deutsche;4000000;Bremen;Anerkannter Berufsabschluss;81.920
Sep 24;Frauen;Deutsche;4000000;Bremen;Akademischer Berufsabschluss;29.500
Sep 24;Frauen;Deutsche;5000000;Nordrhein-Westfalen;Ohne Berufsabschluss;360.650
Sep 24;Frauen;Deutsche;5000000;Nordrhein-Westfalen;Anerkannter Berufsabschluss;1.856.410
Sep 24;Frauen;Deutsche;5000000;Nordrhein-Westfalen;Akademischer Berufsabschluss;567.830
Sep 24;Frauen;Deutsche;6000000;Hessen;Ohne Berufsabschluss;112.360
Sep 24;Frauen;Deutsche;6000000;Hessen;Anerkannter Berufsabschluss;634.590
Sep 24;Frauen;Deutsche;6000000;Hessen;Akademischer Berufsabschluss;251.210
Sep 24;Frauen;Deutsche;7000000;Rheinland-Pfalz;Ohne Berufsabschluss;71.670
Sep 24;Frauen;Deutsche;7000000;Rheinland-Pfalz;Anerkannter Berufsabschluss;422.110
Sep 24;Frauen;Deutsche;7000000;Rheinland-Pfalz;Akademischer Berufsabschluss;95.460
Sep 24;Frauen;Deutsche;8000000;Baden-Württemberg;Ohne Berufsabschluss;204.520
Sep 24;Frauen;Deutsche;8000000;Baden-Württemberg;Anerkannter Berufsabschluss;1.207.080
Sep 24;Frauen;Deutsche;8000000;Baden-Württemberg;Akademischer Berufsabschluss;397.640
Sep 24;Frauen;Deutsche;9000000;Bayern;Ohne Berufsabschluss;215.400
Sep 24;Frauen;Deutsche;9000000;Bayern;Anerkannter Berufsabschluss;1.540.550
Sep 24;Frauen;Deutsche;9000000;Bayern;Akademischer Berufsabschluss;472.490
Sep 24;Frauen;Deutsche;10000000;Saarland;Ohne Berufsabschluss;18.300
Sep 24;Frauen;Deutsche;10000000;Saarland;Anerkannter Berufsabschluss;110.350
Sep 24;Frauen;Deutsche;10000000;Saarland;Akademischer Berufsabschluss;23.610
Sep 24;Frauen;Deutsche;11000000;Berlin;Ohne Berufsabschluss;63.700
Sep 24;Frauen;Deutsche;11000000;Berlin;Anerkannter Berufsabschluss;336.220
Sep 24;Frauen;Deutsche;11000000;Berlin;Akademischer Berufsabschluss;227.640
Sep 24;Frauen;Deutsche;12000000;Brandenburg;Ohne Berufsabschluss;28.670
Sep 24;Frauen;Deutsche;12000000;Brandenburg;Anerkannter Berufsabschluss;271.340
Sep 24;Frauen;Deutsche;12000000;Brandenburg;Akademischer Berufsabschluss;63.130
Sep 24;Frauen;Deutsche;13000000;Mecklenburg-Vorpommern;Ohne Berufsabschluss;21.910
Sep 24;Frauen;Deutsche;13000000;Mecklenburg-Vorpommern;Anerkannter Berufsabschluss;197.200
Sep 24;Frauen;Deutsche;13000000;Mecklenburg-Vorpommern;Akademischer Berufsabschluss;42.200
Sep 24;Frauen;Deutsche;14000000;Sachsen;Ohne Berufsabschluss;51.020
Sep 24;Frauen;Deutsche;14000000;Sachsen;Anerkannter Berufsabschluss;509.580
Sep 24;Frauen;Deutsche;14000000;Sachsen;Akademischer Berufsabschluss;148.150
Sep 24;Frauen;Deutsche;15000000;Sachsen-Anhalt;Ohne Berufsabschluss;25.600
Sep 24;Frauen;Deutsche;15000000;Sachsen-Anhalt;Anerkannter Berufsabschluss;270.630
Sep 24;Frauen;Deutsche;15000000;Sachsen-Anhalt;Akademischer Berufsabschluss;54.120
Sep 24;Frauen;Deutsche;16000000;Thüringen;Ohne Berufsabschluss;23.310
Sep 24;Frauen;Deutsche;16000000;Thüringen;Anerkannter Berufsabschluss;261.720
Sep 24;Frauen;Deutsche;16000000;Thüringen;Akademischer Berufsabschluss;56.820
Aug 24;Frauen;Ausländer;1000000;Schleswig-Holstein;Ohne Berufsabschluss;10.780
Aug 24;Frauen;Ausländer;1000000;Schleswig-Holstein;Anerkannter Berufsabschluss;12.660
Aug 24;Frauen;Ausländer;1000000;Schleswig-Holstein;Akademischer Berufsabschluss;7.540
Aug 24;Frauen;Ausländer;2000000;Hamburg;Ohne Berufsabschluss;15.080
Aug 24;Frauen;Ausländer;2000000;Hamburg;Anerkannter Berufsabschluss;19.040
Aug 24;Frauen;Ausländer;2000000;Hamburg;Akademischer Berufsabschluss;20.990
Aug 24;Frauen;Ausländer;3000000;Niedersachsen;Ohne Berufsabschluss;37.650
Aug 24;Frauen;Ausländer;3000000;Niedersachsen;Anerkannter Berufsabschluss;43.420
Aug 24;Frauen;Ausländer;3000000;Niedersachsen;Akademischer Berufsabschluss;25.700
Aug 24;Frauen;Ausländer;4000000;Bremen;Ohne Berufsabschluss;4.980
Aug 24;Frauen;Ausländer;4000000;Bremen;Anerkannter Berufsabschluss;5.550
Aug 24;Frauen;Ausländer;4000000;Bremen;Akademischer Berufsabschluss;4.390
Aug 24;Frauen;Ausländer;5000000;Nordrhein-Westfalen;Ohne Berufsabschluss;113.720
Aug 24;Frauen;Ausländer;5000000;Nordrhein-Westfalen;Anerkannter Berufsabschluss;131.410
Aug 24;Frauen;Ausländer;5000000;Nordrhein-Westfalen;Akademischer Berufsabschluss;82.340
Aug 24;Frauen;Ausländer;6000000;Hessen;Ohne Berufsabschluss;47.440
Aug 24;Frauen;Ausländer;6000000;Hessen;Anerkannter Berufsabschluss;66.020
Aug 24;Frauen;Ausländer;6000000;Hessen;Akademischer Berufsabschluss;52.700
Aug 24;Frauen;Ausländer;7000000;Rheinland-Pfalz;Ohne Berufsabschluss;22.120
Aug 24;Frauen;Ausländer;7000000;Rheinland-Pfalz;Anerkannter Berufsabschluss;28.470
Aug 24;Frauen;Ausländer;7000000;Rheinland-Pfalz;Akademischer Berufsabschluss;14.750
Aug 24;Frauen;Ausländer;8000000;Baden-Württemberg;Ohne Berufsabschluss;96.850
Aug 24;Frauen;Ausländer;8000000;Baden-Württemberg;Anerkannter Berufsabschluss;144.270
Aug 24;Frauen;Ausländer;8000000;Baden-Württemberg;Akademischer Berufsabschluss;75.830
Aug 24;Frauen;Ausländer;9000000;Bayern;Ohne Berufsabschluss;93.850
Aug 24;Frauen;Ausländer;9000000;Bayern;Anerkannter Berufsabschluss;154.480
Aug 24;Frauen;Ausländer;9000000;Bayern;Akademischer Berufsabschluss;110.020
Aug 24;Frauen;Ausländer;10000000;Saarland;Ohne Berufsabschluss;5.670
Aug 24;Frauen;Ausländer;10000000;Saarland;Anerkannter Berufsabschluss;7.920
Aug 24;Frauen;Ausländer;10000000;Saarland;Akademischer Berufsabschluss;3.760
Aug 24;Frauen;Ausländer;11000000;Berlin;Ohne Berufsabschluss;22.710
Aug 24;Frauen;Ausländer;11000000;Berlin;Anerkannter Berufsabschluss;29.270
Aug 24;Frauen;Ausländer;11000000;Berlin;Akademischer Berufsabschluss;61.050
Aug 24;Frauen;Ausländer;12000000;Brandenburg;Ohne Berufsabschluss;6.390
Aug 24;Frauen;Ausländer;12000000;Brandenburg;Anerkannter Berufsabschluss;10.060
Aug 24;Frauen;Ausländer;12000000;Brandenburg;Akademischer Berufsabschluss;9.300
Aug 24;Frauen;Ausländer;13000000;Mecklenburg-Vorpommern;Ohne Berufsabschluss;2.780
Aug 24;Frauen;Ausländer;13000000;Mecklenburg-Vorpommern;Anerkannter Berufsabschluss;4.740
Aug 24;Frauen;Ausländer;13000000;Mecklenburg-Vorpommern;Akademischer Berufsabschluss;3.960
Aug 24;Frauen;Ausländer;14000000;Sachsen;Ohne Berufsabschluss;8.660
Aug 24;Frauen;Ausländer;14000000;Sachsen;Anerkannter Berufsabschluss;15.880
Aug 24;Frauen;Ausländer;14000000;Sachsen;Akademischer Berufsabschluss;16.310
Aug 24;Frauen;Ausländer;15000000;Sachsen-Anhalt;Ohne Berufsabschluss;4.190
Aug 24;Frauen;Ausländer;15000000;Sachsen-Anhalt;Anerkannter Berufsabschluss;5.280
Aug 24;Frauen;Ausländer;15000000;Sachsen-Anhalt;Akademischer Berufsabschluss;5.090
Aug 24;Frauen;Ausländer;16000000;Thüringen;Ohne Berufsabschluss;6.050
Aug 24;Frauen;Ausländer;16000000;Thüringen;Anerkannter Berufsabschluss;7.710
Aug 24;Frauen;Ausländer;16000000;Thüringen;Akademischer Berufsabschluss;6.010
Aug 24;Frauen;Deutsche;1000000;Schleswig-Holstein;Ohne Berufsabschluss;48.330
Aug 24;Frauen;Deutsche;1000000;Schleswig-Holstein;Anerkannter Berufsabschluss;321.480
Aug 24;Frauen;Deutsche;1000000;Schleswig-Holstein;Akademischer Berufsabschluss;70.880
Aug 24;Frauen;Deutsche;2000000;Hamburg;Ohne Berufsabschluss;40.790
Aug 24;Frauen;Deutsche;2000000;Hamburg;Anerkannter Berufsabschluss;224.900
Aug 24;Frauen;Deutsche;2000000;Hamburg;Akademischer Berufsabschluss;131.490
Aug 24;Frauen;Deutsche;3000000;Niedersachsen;Ohne Berufsabschluss;139.560
Aug 24;Frauen;Deutsche;3000000;Niedersachsen;Anerkannter Berufsabschluss;909.980
Aug 24;Frauen;Deutsche;3000000;Niedersachsen;Akademischer Berufsabschluss;205.860
Aug 24;Frauen;Deutsche;4000000;Bremen;Ohne Berufsabschluss;15.070
Aug 24;Frauen;Deutsche;4000000;Bremen;Anerkannter Berufsabschluss;81.900
Aug 24;Frauen;Deutsche;4000000;Bremen;Akademischer Berufsabschluss;29.330
Aug 24;Frauen;Deutsche;5000000;Nordrhein-Westfalen;Ohne Berufsabschluss;356.210
Aug 24;Frauen;Deutsche;5000000;Nordrhein-Westfalen;Anerkannter Berufsabschluss;1.851.850
Aug 24;Frauen;Deutsche;5000000;Nordrhein-Westfalen;Akademischer Berufsabschluss;564.500
Aug 24;Frauen;Deutsche;6000000;Hessen;Ohne Berufsabschluss;110.050
Aug 24;Frauen;Deutsche;6000000;Hessen;Anerkannter Berufsabschluss;633.620
Aug 24;Frauen;Deutsche;6000000;Hessen;Akademischer Berufsabschluss;249.980
Aug 24;Frauen;Deutsche;7000000;Rheinland-Pfalz;Ohne Berufsabschluss;70.260
Aug 24;Frauen;Deutsche;7000000;Rheinland-Pfalz;Anerkannter Berufsabschluss;421.050
Aug 24;Frauen;Deutsche;7000000;Rheinland-Pfalz;Akademischer Berufsabschluss;94.650
Aug 24;Frauen;Deutsche;8000000;Baden-Württemberg;Ohne Berufsabschluss;189.310
Aug 24;Frauen;Deutsche;8000000;Baden-Württemberg;Anerkannter Berufsabschluss;1.204.660
Aug 24;Frauen;Deutsche;8000000;Baden-Württemberg;Akademischer Berufsabschluss;394.950
Aug 24;Frauen;Deutsche;9000000;Bayern;Ohne Berufsabschluss;195.730
Aug 24;Frauen;Deutsche;9000000;Bayern;Anerkannter Berufsabschluss;1.534.480
Aug 24;Frauen;Deutsche;9000000;Bayern;Akademischer Berufsabschluss;469.220
Aug 24;Frauen;Deutsche;10000000;Saarland;Ohne Berufsabschluss;18.110
Aug 24;Frauen;Deutsche;10000000;Saarland;Anerkannter Berufsabschluss;110.260
Aug 24;Frauen;Deutsche;10000000;Saarland;Akademischer Berufsabschluss;23.410
Aug 24;Frauen;Deutsche;11000000;Berlin;Ohne Berufsabschluss;61.700
Aug 24;Frauen;Deutsche;11000000;Berlin;Anerkannter Berufsabschluss;335.490
Aug 24;Frauen;Deutsche;11000000;Berlin;Akademischer Berufsabschluss;226.290
Aug 24;Frauen;Deutsche;12000000;Brandenburg;Ohne Berufsabschluss;27.030
Aug 24;Frauen;Deutsche;12000000;Brandenburg;Anerkannter Berufsabschluss;270.800
Aug 24;Frauen;Deutsche;12000000;Brandenburg;Akademischer Berufsabschluss;62.610
Aug 24;Frauen;Deutsche;13000000;Mecklenburg-Vorpommern;Ohne Berufsabschluss;19.790
Aug 24;Frauen;Deutsche;13000000;Mecklenburg-Vorpommern;Anerkannter Berufsabschluss;196.720
Aug 24;Frauen;Deutsche;13000000;Mecklenburg-Vorpommern;Akademischer Berufsabschluss;41.980
Aug 24;Frauen;Deutsche;14000000;Sachsen;Ohne Berufsabschluss;48.090
Aug 24;Frauen;Deutsche;14000000;Sachsen;Anerkannter Berufsabschluss;509.780
Aug 24;Frauen;Deutsche;14000000;Sachsen;Akademischer Berufsabschluss;147.560
Aug 24;Frauen;Deutsche;15000000;Sachsen-Anhalt;Ohne Berufsabschluss;24.540
Aug 24;Frauen;Deutsche;15000000;Sachsen-Anhalt;Anerkannter Berufsabschluss;270.710
Aug 24;Frauen;Deutsche;15000000;Sachsen-Anhalt;Akademischer Berufsabschluss;53.990
Aug 24;Frauen;Deutsche;16000000;Thüringen;Ohne Berufsabschluss;22.000
Aug 24;Frauen;Deutsche;16000000;Thüringen;Anerkannter Berufsabschluss;262.100
Aug 24;Frauen;Deutsche;16000000;Thüringen;Akademischer Berufsabschluss;56.770
Jul 24;Frauen;Ausländer;1000000;Schleswig-Holstein;Ohne Berufsabschluss;10.520
Jul 24;Frauen;Ausländer;1000000;Schleswig-Holstein;Anerkannter Berufsabschluss;12.550
Jul 24;Frauen;Ausländer;1000000;Schleswig-Holstein;Akademischer Berufsabschluss;7.540
Jul 24;Frauen;Ausländer;2000000;Hamburg;Ohne Berufsabschluss;14.570
Jul 24;Frauen;Ausländer;2000000;Hamburg;Anerkannter Berufsabschluss;18.920
Jul 24;Frauen;Ausländer;2000000;Hamburg;Akademischer Berufsabschluss;20.800
Jul 24;Frauen;Ausländer;3000000;Niedersachsen;Ohne Berufsabschluss;36.040
Jul 24;Frauen;Ausländer;3000000;Niedersachsen;Anerkannter Berufsabschluss;42.800
Jul 24;Frauen;Ausländer;3000000;Niedersachsen;Akademischer Berufsabschluss;25.280
Jul 24;Frauen;Ausländer;4000000;Bremen;Ohne Berufsabschluss;4.760
Jul 24;Frauen;Ausländer;4000000;Bremen;Anerkannter Berufsabschluss;5.490
Jul 24;Frauen;Ausländer;4000000;Bremen;Akademischer Berufsabschluss;4.340
Jul 24;Frauen;Ausländer;5000000;Nordrhein-Westfalen;Ohne Berufsabschluss;110.520
Jul 24;Frauen;Ausländer;5000000;Nordrhein-Westfalen;Anerkannter Berufsabschluss;130.250
Jul 24;Frauen;Ausländer;5000000;Nordrhein-Westfalen;Akademischer Berufsabschluss;81.270
Jul 24;Frauen;Ausländer;6000000;Hessen;Ohne Berufsabschluss;46.850
Jul 24;Frauen;Ausländer;6000000;Hessen;Anerkannter Berufsabschluss;65.790
Jul 24;Frauen;Ausländer;6000000;Hessen;Akademischer Berufsabschluss;52.520
Jul 24;Frauen;Ausländer;7000000;Rheinland-Pfalz;Ohne Berufsabschluss;21.640
Jul 24;Frauen;Ausländer;7000000;Rheinland-Pfalz;Anerkannter Berufsabschluss;28.220
Jul 24;Frauen;Ausländer;7000000;Rheinland-Pfalz;Akademischer Berufsabschluss;14.570
Jul 24;Frauen;Ausländer;8000000;Baden-Württemberg;Ohne Berufsabschluss;97.280
Jul 24;Frauen;Ausländer;8000000;Baden-Württemberg;Anerkannter Berufsabschluss;144.140
Jul 24;Frauen;Ausländer;8000000;Baden-Württemberg;Akademischer Berufsabschluss;76.100
Jul 24;Frauen;Ausländer;9000000;Bayern;Ohne Berufsabschluss;94.740
Jul 24;Frauen;Ausländer;9000000;Bayern;Anerkannter Berufsabschluss;154.870
Jul 24;Frauen;Ausländer;9000000;Bayern;Akademischer Berufsabschluss;110.580
Jul 24;Frauen;Ausländer;10000000;Saarland;Ohne Berufsabschluss;5.540
Jul 24;Frauen;Ausländer;10000000;Saarland;Anerkannter Berufsabschluss;7.860
Jul 24;Frauen;Ausländer;10000000;Saarland;Akademischer Berufsabschluss;3.750
Jul 24;Frauen;Ausländer;11000000;Berlin;Ohne Berufsabschluss;22.720
Jul 24;Frauen;Ausländer;11000000;Berlin;Anerkannter Berufsabschluss;29.020
Jul 24;Frauen;Ausländer;11000000;Berlin;Akademischer Berufsabschluss;60.970
Jul 24;Frauen;Ausländer;12000000;Brandenburg;Ohne Berufsabschluss;6.320
Jul 24;Frauen;Ausländer;12000000;Brandenburg;Anerkannter Berufsabschluss;10.130
Jul 24;Frauen;Ausländer;12000000;Brandenburg;Akademischer Berufsabschluss;9.230
Jul 24;Frauen;Ausländer;13000000;Mecklenburg-Vorpommern;Ohne Berufsabschluss;2.690
Jul 24;Frauen;Ausländer;13000000;Mecklenburg-Vorpommern;Anerkannter Berufsabschluss;4.660
Jul 24;Frauen;Ausländer;13000000;Mecklenburg-Vorpommern;Akademischer Berufsabschluss;3.900
Jul 24;Frauen;Ausländer;14000000;Sachsen;Ohne Berufsabschluss;8.330
Jul 24;Frauen;Ausländer;14000000;Sachsen;Anerkannter Berufsabschluss;15.700
Jul 24;Frauen;Ausländer;14000000;Sachsen;Akademischer Berufsabschluss;16.000
Jul 24;Frauen;Ausländer;15000000;Sachsen-Anhalt;Ohne Berufsabschluss;4.200
Jul 24;Frauen;Ausländer;15000000;Sachsen-Anhalt;Anerkannter Berufsabschluss;5.300
Jul 24;Frauen;Ausländer;15000000;Sachsen-Anhalt;Akademischer Berufsabschluss;4.960
Jul 24;Frauen;Ausländer;16000000;Thüringen;Ohne Berufsabschluss;5.890
Jul 24;Frauen;Ausländer;16000000;Thüringen;Anerkannter Berufsabschluss;7.590
Jul 24;Frauen;Ausländer;16000000;Thüringen;Akademischer Berufsabschluss;5.890
Jul 24;Frauen;Deutsche;1000000;Schleswig-Holstein;Ohne Berufsabschluss;46.410
Jul 24;Frauen;Deutsche;1000000;Schleswig-Holstein;Anerkannter Berufsabschluss;321.010
Jul 24;Frauen;Deutsche;1000000;Schleswig-Holstein;Akademischer Berufsabschluss;70.700
Jul 24;Frauen;Deutsche;2000000;Hamburg;Ohne Berufsabschluss;39.470
Jul 24;Frauen;Deutsche;2000000;Hamburg;Anerkannter Berufsabschluss;224.330
Jul 24;Frauen;Deutsche;2000000;Hamburg;Akademischer Berufsabschluss;130.120
Jul 24;Frauen;Deutsche;3000000;Niedersachsen;Ohne Berufsabschluss;129.500
Jul 24;Frauen;Deutsche;3000000;Niedersachsen;Anerkannter Berufsabschluss;905.180
Jul 24;Frauen;Deutsche;3000000;Niedersachsen;Akademischer Berufsabschluss;202.680
Jul 24;Frauen;Deutsche;4000000;Bremen;Ohne Berufsabschluss;14.230
Jul 24;Frauen;Deutsche;4000000;Bremen;Anerkannter Berufsabschluss;81.570
Jul 24;Frauen;Deutsche;4000000;Bremen;Akademischer Berufsabschluss;29.150
Jul 24;Frauen;Deutsche;5000000;Nordrhein-Westfalen;Ohne Berufsabschluss;338.660
Jul 24;Frauen;Deutsche;5000000;Nordrhein-Westfalen;Anerkannter Berufsabschluss;1.847.460
Jul 24;Frauen;Deutsche;5000000;Nordrhein-Westfalen;Akademischer Berufsabschluss;560.980
Jul 24;Frauen;Deutsche;6000000;Hessen;Ohne Berufsabschluss;105.850
Jul 24;Frauen;Deutsche;6000000;Hessen;Anerkannter Berufsabschluss;632.390
Jul 24;Frauen;Deutsche;6000000;Hessen;Akademischer Berufsabschluss;248.430
Jul 24;Frauen;Deutsche;7000000;Rheinland-Pfalz;Ohne Berufsabschluss;66.900
Jul 24;Frauen;Deutsche;7000000;Rheinland-Pfalz;Anerkannter Berufsabschluss;419.520
Jul 24;Frauen;Deutsche;7000000;Rheinland-Pfalz;Akademischer Berufsabschluss;94.140
Jul 24;Frauen;Deutsche;8000000;Baden-Württemberg;Ohne Berufsabschluss;191.540
Jul 24;Frauen;Deutsche;8000000;Baden-Württemberg;Anerkannter Berufsabschluss;1.202.550
Jul 24;Frauen;Deutsche;8000000;Baden-Württemberg;Akademischer Berufsabschluss;392.550
Jul 24;Frauen;Deutsche;9000000;Bayern;Ohne Berufsabschluss;198.350
Jul 24;Frauen;Deutsche;9000000;Bayern;Anerkannter Berufsabschluss;1.534.320
Jul 24;Frauen;Deutsche;9000000;Bayern;Akademischer Berufsabschluss;466.520
Jul 24;Frauen;Deutsche;10000000;Saarland;Ohne Berufsabschluss;17.230
Jul 24;Frauen;Deutsche;10000000;Saarland;Anerkannter Berufsabschluss;109.960
Jul 24;Frauen;Deutsche;10000000;Saarland;Akademischer Berufsabschluss;23.210
Jul 24;Frauen;Deutsche;11000000;Berlin;Ohne Berufsabschluss;61.680
Jul 24;Frauen;Deutsche;11000000;Berlin;Anerkannter Berufsabschluss;335.960
Jul 24;Frauen;Deutsche;11000000;Berlin;Akademischer Berufsabschluss;225.820
Jul 24;Frauen;Deutsche;12000000;Brandenburg;Ohne Berufsabschluss;26.850
Jul 24;Frauen;Deutsche;12000000;Brandenburg;Anerkannter Berufsabschluss;271.210
Jul 24;Frauen;Deutsche;12000000;Brandenburg;Akademischer Berufsabschluss;62.600
Jul 24;Frauen;Deutsche;13000000;Mecklenburg-Vorpommern;Ohne Berufsabschluss;19.550
Jul 24;Frauen;Deutsche;13000000;Mecklenburg-Vorpommern;Anerkannter Berufsabschluss;196.790
Jul 24;Frauen;Deutsche;13000000;Mecklenburg-Vorpommern;Akademischer Berufsabschluss;41.800
Jul 24;Frauen;Deutsche;14000000;Sachsen;Ohne Berufsabschluss;45.170
Jul 24;Frauen;Deutsche;14000000;Sachsen;Anerkannter Berufsabschluss;508.830
Jul 24;Frauen;Deutsche;14000000;Sachsen;Akademischer Berufsabschluss;147.050
Jul 24;Frauen;Deutsche;15000000;Sachsen-Anhalt;Ohne Berufsabschluss;22.760
Jul 24;Frauen;Deutsche;15000000;Sachsen-Anhalt;Anerkannter Berufsabschluss;270.140
Jul 24;Frauen;Deutsche;15000000;Sachsen-Anhalt;Akademischer Berufsabschluss;53.660
Jul 24;Frauen;Deutsche;16000000;Thüringen;Ohne Berufsabschluss;20.840
Jul 24;Frauen;Deutsche;16000000;Thüringen;Anerkannter Berufsabschluss;261.870
Jul 24;Frauen;Deutsche;16000000;Thüringen;Akademischer Berufsabschluss;56.490
Jun 24;Frauen;Ausländer;1000000;Schleswig-Holstein;Ohne Berufsabschluss;10.480
Jun 24;Frauen;Ausländer;1000000;Schleswig-Holstein;Anerkannter Berufsabschluss;12.560
Jun 24;Frauen;Ausländer;1000000;Schleswig-Holstein;Akademischer Berufsabschluss;7.500
Jun 24;Frauen;Ausländer;2000000;Hamburg;Ohne Berufsabschluss;14.620
Jun 24;Frauen;Ausländer;2000000;Hamburg;Anerkannter Berufsabschluss;18.970
Jun 24;Frauen;Ausländer;2000000;Hamburg;Akademischer Berufsabschluss;20.930
Jun 24;Frauen;Ausländer;3000000;Niedersachsen;Ohne Berufsabschluss;36.080
Jun 24;Frauen;Ausländer;3000000;Niedersachsen;Anerkannter Berufsabschluss;42.920
Jun 24;Frauen;Ausländer;3000000;Niedersachsen;Akademischer Berufsabschluss;25.180
Jun 24;Frauen;Ausländer;4000000;Bremen;Ohne Berufsabschluss;4.830
Jun 24;Frauen;Ausländer;4000000;Bremen;Anerkannter Berufsabschluss;5.510
Jun 24;Frauen;Ausländer;4000000;Bremen;Akademischer Berufsabschluss;4.330
Jun 24;Frauen;Ausländer;5000000;Nordrhein-Westfalen;Ohne Berufsabschluss;110.400
Jun 24;Frauen;Ausländer;5000000;Nordrhein-Westfalen;Anerkannter Berufsabschluss;130.340
Jun 24;Frauen;Ausländer;5000000;Nordrhein-Westfalen;Akademischer Berufsabschluss;81.170
Jun 24;Frauen;Ausländer;6000000;Hessen;Ohne Berufsabschluss;46.930
Jun 24;Frauen;Ausländer;6000000;Hessen;Anerkannter Berufsabschluss;65.970
Jun 24;Frauen;Ausländer;6000000;Hessen;Akademischer Berufsabschluss;52.510
Jun 24;Frauen;Ausländer;7000000;Rheinland-Pfalz;Ohne Berufsabschluss;21.680
Jun 24;Frauen;Ausländer;7000000;Rheinland-Pfalz;Anerkannter Berufsabschluss;28.330
Jun 24;Frauen;Ausländer;7000000;Rheinland-Pfalz;Akademischer Berufsabschluss;14.530
Jun 24;Frauen;Ausländer;8000000;Baden-Württemberg;Ohne Berufsabschluss;97.200
Jun 24;Frauen;Ausländer;8000000;Baden-Württemberg;Anerkannter Berufsabschluss;144.500
Jun 24;Frauen;Ausländer;8000000;Baden-Württemberg;Akademischer Berufsabschluss;76.000
Jun 24;Frauen;Ausländer;9000000;Bayern;Ohne Berufsabschluss;95.000
Jun 24;Frauen;Ausländer;9000000;Bayern;Anerkannter Berufsabschluss;155.260
Jun 24;Frauen;Ausländer;9000000;Bayern;Akademischer Berufsabschluss;110.480
Jun 24;Frauen;Ausländer;10000000;Saarland;Ohne Berufsabschluss;5.540
Jun 24;Frauen;Ausländer;10000000;Saarland;Anerkannter Berufsabschluss;7.860
Jun 24;Frauen;Ausländer;10000000;Saarland;Akademischer Berufsabschluss;3.730
Jun 24;Frauen;Ausländer;11000000;Berlin;Ohne Berufsabschluss;22.760
Jun 24;Frauen;Ausländer;11000000;Berlin;Anerkannter Berufsabschluss;29.100
Jun 24;Frauen;Ausländer;11000000;Berlin;Akademischer Berufsabschluss;61.050
Jun 24;Frauen;Ausländer;12000000;Brandenburg;Ohne Berufsabschluss;6.250
Jun 24;Frauen;Ausländer;12000000;Brandenburg;Anerkannter Berufsabschluss;10.040
Jun 24;Frauen;Ausländer;12000000;Brandenburg;Akademischer Berufsabschluss;9.240
Jun 24;Frauen;Ausländer;13000000;Mecklenburg-Vorpommern;Ohne Berufsabschluss;2.700
Jun 24;Frauen;Ausländer;13000000;Mecklenburg-Vorpommern;Anerkannter Berufsabschluss;4.680
Jun 24;Frauen;Ausländer;13000000;Mecklenburg-Vorpommern;Akademischer Berufsabschluss;3.960
Jun 24;Frauen;Ausländer;14000000;Sachsen;Ohne Berufsabschluss;8.280
Jun 24;Frauen;Ausländer;14000000;Sachsen;Anerkannter Berufsabschluss;15.640
Jun 24;Frauen;Ausländer;14000000;Sachsen;Akademischer Berufsabschluss;16.040
Jun 24;Frauen;Ausländer;15000000;Sachsen-Anhalt;Ohne Berufsabschluss;4.210
Jun 24;Frauen;Ausländer;15000000;Sachsen-Anhalt;Anerkannter Berufsabschluss;5.240
Jun 24;Frauen;Ausländer;15000000;Sachsen-Anhalt;Akademischer Berufsabschluss;4.910
Jun 24;Frauen;Ausländer;16000000;Thüringen;Ohne Berufsabschluss;5.830
Jun 24;Frauen;Ausländer;16000000;Thüringen;Anerkannter Berufsabschluss;7.590
Jun 24;Frauen;Ausländer;16000000;Thüringen;Akademischer Berufsabschluss;5.890
Jun 24;Frauen;Deutsche;1000000;Schleswig-Holstein;Ohne Berufsabschluss;46.900
Jun 24;Frauen;Deutsche;1000000;Schleswig-Holstein;Anerkannter Berufsabschluss;322.170
Jun 24;Frauen;Deutsche;1000000;Schleswig-Holstein;Akademischer Berufsabschluss;70.780
Jun 24;Frauen;Deutsche;2000000;Hamburg;Ohne Berufsabschluss;40.140
Jun 24;Frauen;Deutsche;2000000;Hamburg;Anerkannter Berufsabschluss;225.530
Jun 24;Frauen;Deutsche;2000000;Hamburg;Akademischer Berufsabschluss;131.400
Jun 24;Frauen;Deutsche;3000000;Niedersachsen;Ohne Berufsabschluss;130.350
Jun 24;Frauen;Deutsche;3000000;Niedersachsen;Anerkannter Berufsabschluss;908.650
Jun 24;Frauen;Deutsche;3000000;Niedersachsen;Akademischer Berufsabschluss;203.190
Jun 24;Frauen;Deutsche;4000000;Bremen;Ohne Berufsabschluss;14.330
Jun 24;Frauen;Deutsche;4000000;Bremen;Anerkannter Berufsabschluss;81.930
Jun 24;Frauen;Deutsche;4000000;Bremen;Akademischer Berufsabschluss;29.280
Jun 24;Frauen;Deutsche;5000000;Nordrhein-Westfalen;Ohne Berufsabschluss;341.690
Jun 24;Frauen;Deutsche;5000000;Nordrhein-Westfalen;Anerkannter Berufsabschluss;1.854.720
Jun 24;Frauen;Deutsche;5000000;Nordrhein-Westfalen;Akademischer Berufsabschluss;562.660
Jun 24;Frauen;Deutsche;6000000;Hessen;Ohne Berufsabschluss;106.780
Jun 24;Frauen;Deutsche;6000000;Hessen;Anerkannter Berufsabschluss;635.590
Jun 24;Frauen;Deutsche;6000000;Hessen;Akademischer Berufsabschluss;249.330
Jun 24;Frauen;Deutsche;7000000;Rheinland-Pfalz;Ohne Berufsabschluss;67.850
Jun 24;Frauen;Deutsche;7000000;Rheinland-Pfalz;Anerkannter Berufsabschluss;421.530
Jun 24;Frauen;Deutsche;7000000;Rheinland-Pfalz;Akademischer Berufsabschluss;94.510
Jun 24;Frauen;Deutsche;8000000;Baden-Württemberg;Ohne Berufsabschluss;192.990
Jun 24;Frauen;Deutsche;8000000;Baden-Württemberg;Anerkannter Berufsabschluss;1.208.650
Jun 24;Frauen;Deutsche;8000000;Baden-Württemberg;Akademischer Berufsabschluss;393.420
Jun 24;Frauen;Deutsche;9000000;Bayern;Ohne Berufsabschluss;200.420
Jun 24;Frauen;Deutsche;9000000;Bayern;Anerkannter Berufsabschluss;1.541.410
Jun 24;Frauen;Deutsche;9000000;Bayern;Akademischer Berufsabschluss;467.870
Jun 24;Frauen;Deutsche;10000000;Saarland;Ohne Berufsabschluss;17.340
Jun 24;Frauen;Deutsche;10000000;Saarland;Anerkannter Berufsabschluss;110.610
Jun 24;Frauen;Deutsche;10000000;Saarland;Akademischer Berufsabschluss;23.290
Jun 24;Frauen;Deutsche;11000000;Berlin;Ohne Berufsabschluss;62.330
Jun 24;Frauen;Deutsche;11000000;Berlin;Anerkannter Berufsabschluss;338.190
Jun 24;Frauen;Deutsche;11000000;Berlin;Akademischer Berufsabschluss;227.060
Jun 24;Frauen;Deutsche;12000000;Brandenburg;Ohne Berufsabschluss;27.050
Jun 24;Frauen;Deutsche;12000000;Brandenburg;Anerkannter Berufsabschluss;271.880
Jun 24;Frauen;Deutsche;12000000;Brandenburg;Akademischer Berufsabschluss;62.910
Jun 24;Frauen;Deutsche;13000000;Mecklenburg-Vorpommern;Ohne Berufsabschluss;19.790
Jun 24;Frauen;Deutsche;13000000;Mecklenburg-Vorpommern;Anerkannter Berufsabschluss;198.130
Jun 24;Frauen;Deutsche;13000000;Mecklenburg-Vorpommern;Akademischer Berufsabschluss;42.100
Jun 24;Frauen;Deutsche;14000000;Sachsen;Ohne Berufsabschluss;45.420
Jun 24;Frauen;Deutsche;14000000;Sachsen;Anerkannter Berufsabschluss;510.210
Jun 24;Frauen;Deutsche;14000000;Sachsen;Akademischer Berufsabschluss;147.430
Jun 24;Frauen;Deutsche;15000000;Sachsen-Anhalt;Ohne Berufsabschluss;22.900
Jun 24;Frauen;Deutsche;15000000;Sachsen-Anhalt;Anerkannter Berufsabschluss;271.020
Jun 24;Frauen;Deutsche;15000000;Sachsen-Anhalt;Akademischer Berufsabschluss;53.790
Jun 24;Frauen;Deutsche;16000000;Thüringen;Ohne Berufsabschluss;20.980
Jun 24;Frauen;Deutsche;16000000;Thüringen;Anerkannter Berufsabschluss;263.010
Jun 24;Frauen;Deutsche;16000000;Thüringen;Akademischer Berufsabschluss;56.690
Mai 24;Frauen;Ausländer;1000000;Schleswig-Holstein;Ohne Berufsabschluss;10.350
Mai 24;Frauen;Ausländer;1000000;Schleswig-Holstein;Anerkannter Berufsabschluss;12.470
Mai 24;Frauen;Ausländer;1000000;Schleswig-Holstein;Akademischer Berufsabschluss;7.410
Mai 24;Frauen;Ausländer;2000000;Hamburg;Ohne Berufsabschluss;14.600
Mai 24;Frauen;Ausländer;2000000;Hamburg;Anerkannter Berufsabschluss;18.930
Mai 24;Frauen;Ausländer;2000000;Hamburg;Akademischer Berufsabschluss;20.750
Mai 24;Frauen;Ausländer;3000000;Niedersachsen;Ohne Berufsabschluss;35.990
Mai 24;Frauen;Ausländer;3000000;Niedersachsen;Anerkannter Berufsabschluss;42.910
Mai 24;Frauen;Ausländer;3000000;Niedersachsen;Akademischer Berufsabschluss;25.020
Mai 24;Frauen;Ausländer;4000000;Bremen;Ohne Berufsabschluss;4.860
Mai 24;Frauen;Ausländer;4000000;Bremen;Anerkannter Berufsabschluss;5.520
Mai 24;Frauen;Ausländer;4000000;Bremen;Akademischer Berufsabschluss;4.290
Mai 24;Frauen;Ausländer;5000000;Nordrhein-Westfalen;Ohne Berufsabschluss;110.140
Mai 24;Frauen;Ausländer;5000000;Nordrhein-Westfalen;Anerkannter Berufsabschluss;130.110
Mai 24;Frauen;Ausländer;5000000;Nordrhein-Westfalen;Akademischer Berufsabschluss;80.470
Mai 24;Frauen;Ausländer;6000000;Hessen;Ohne Berufsabschluss;46.890
Mai 24;Frauen;Ausländer;6000000;Hessen;Anerkannter Berufsabschluss;65.930
Mai 24;Frauen;Ausländer;6000000;Hessen;Akademischer Berufsabschluss;52.100
Mai 24;Frauen;Ausländer;7000000;Rheinland-Pfalz;Ohne Berufsabschluss;21.610
Mai 24;Frauen;Ausländer;7000000;Rheinland-Pfalz;Anerkannter Berufsabschluss;28.220
Mai 24;Frauen;Ausländer;7000000;Rheinland-Pfalz;Akademischer Berufsabschluss;14.390
Mai 24;Frauen;Ausländer;8000000;Baden-Württemberg;Ohne Berufsabschluss;97.160
Mai 24;Frauen;Ausländer;8000000;Baden-Württemberg;Anerkannter Berufsabschluss;144.250
Mai 24;Frauen;Ausländer;8000000;Baden-Württemberg;Akademischer Berufsabschluss;75.330
Mai 24;Frauen;Ausländer;9000000;Bayern;Ohne Berufsabschluss;94.680
Mai 24;Frauen;Ausländer;9000000;Bayern;Anerkannter Berufsabschluss;155.100
Mai 24;Frauen;Ausländer;9000000;Bayern;Akademischer Berufsabschluss;109.370
Mai 24;Frauen;Ausländer;10000000;Saarland;Ohne Berufsabschluss;5.540
Mai 24;Frauen;Ausländer;10000000;Saarland;Anerkannter Berufsabschluss;7.880
Mai 24;Frauen;Ausländer;10000000;Saarland;Akademischer Berufsabschluss;3.710
Mai 24;Frauen;Ausländer;11000000;Berlin;Ohne Berufsabschluss;22.590
Mai 24;Frauen;Ausländer;11000000;Berlin;Anerkannter Berufsabschluss;29.100
Mai 24;Frauen;Ausländer;11000000;Berlin;Akademischer Berufsabschluss;60.650
Mai 24;Frauen;Ausländer;12000000;Brandenburg;Ohne Berufsabschluss;6.220
Mai 24;Frauen;Ausländer;12000000;Brandenburg;Anerkannter Berufsabschluss;10.020
Mai 24;Frauen;Ausländer;12000000;Brandenburg;Akademischer Berufsabschluss;9.190
Mai 24;Frauen;Ausländer;13000000;Mecklenburg-Vorpommern;Ohne Berufsabschluss;2.650
Mai 24;Frauen;Ausländer;13000000;Mecklenburg-Vorpommern;Anerkannter Berufsabschluss;4.610
Mai 24;Frauen;Ausländer;13000000;Mecklenburg-Vorpommern;Akademischer Berufsabschluss;3.920
Mai 24;Frauen;Ausländer;14000000;Sachsen;Ohne Berufsabschluss;8.300
Mai 24;Frauen;Ausländer;14000000;Sachsen;Anerkannter Berufsabschluss;15.570
Mai 24;Frauen;Ausländer;14000000;Sachsen;Akademischer Berufsabschluss;15.940
Mai 24;Frauen;Ausländer;15000000;Sachsen-Anhalt;Ohne Berufsabschluss;4.220
Mai 24;Frauen;Ausländer;15000000;Sachsen-Anhalt;Anerkannter Berufsabschluss;5.220
Mai 24;Frauen;Ausländer;15000000;Sachsen-Anhalt;Akademischer Berufsabschluss;4.850
Mai 24;Frauen;Ausländer;16000000;Thüringen;Ohne Berufsabschluss;5.780
Mai 24;Frauen;Ausländer;16000000;Thüringen;Anerkannter Berufsabschluss;7.560
Mai 24;Frauen;Ausländer;16000000;Thüringen;Akademischer Berufsabschluss;5.810
Mai 24;Frauen;Deutsche;1000000;Schleswig-Holstein;Ohne Berufsabschluss;47.150
Mai 24;Frauen;Deutsche;1000000;Schleswig-Holstein;Anerkannter Berufsabschluss;322.660
Mai 24;Frauen;Deutsche;1000000;Schleswig-Holstein;Akademischer Berufsabschluss;70.520
Mai 24;Frauen;Deutsche;2000000;Hamburg;Ohne Berufsabschluss;40.360
Mai 24;Frauen;Deutsche;2000000;Hamburg;Anerkannter Berufsabschluss;226.030
Mai 24;Frauen;Deutsche;2000000;Hamburg;Akademischer Berufsabschluss;131.050
Mai 24;Frauen;Deutsche;3000000;Niedersachsen;Ohne Berufsabschluss;131.710
Mai 24;Frauen;Deutsche;3000000;Niedersachsen;Anerkannter Berufsabschluss;911.620
Mai 24;Frauen;Deutsche;3000000;Niedersachsen;Akademischer Berufsabschluss;204.200
Mai 24;Frauen;Deutsche;4000000;Bremen;Ohne Berufsabschluss;14.480
Mai 24;Frauen;Deutsche;4000000;Bremen;Anerkannter Berufsabschluss;82.240
Mai 24;Frauen;Deutsche;4000000;Bremen;Akademischer Berufsabschluss;29.180
Mai 24;Frauen;Deutsche;5000000;Nordrhein-Westfalen;Ohne Berufsabschluss;344.520
Mai 24;Frauen;Deutsche;5000000;Nordrhein-Westfalen;Anerkannter Berufsabschluss;1.859.370
Mai 24;Frauen;Deutsche;5000000;Nordrhein-Westfalen;Akademischer Berufsabschluss;561.400
Mai 24;Frauen;Deutsche;6000000;Hessen;Ohne Berufsabschluss;107.570
Mai 24;Frauen;Deutsche;6000000;Hessen;Anerkannter Berufsabschluss;637.300
Mai 24;Frauen;Deutsche;6000000;Hessen;Akademischer Berufsabschluss;248.720
Mai 24;Frauen;Deutsche;7000000;Rheinland-Pfalz;Ohne Berufsabschluss;68.410
Mai 24;Frauen;Deutsche;7000000;Rheinland-Pfalz;Anerkannter Berufsabschluss;422.590
Mai 24;Frauen;Deutsche;7000000;Rheinland-Pfalz;Akademischer Berufsabschluss;94.220
Mai 24;Frauen;Deutsche;8000000;Baden-Württemberg;Ohne Berufsabschluss;194.670
Mai 24;Frauen;Deutsche;8000000;Baden-Württemberg;Anerkannter Berufsabschluss;1.211.250
Mai 24;Frauen;Deutsche;8000000;Baden-Württemberg;Akademischer Berufsabschluss;392.190
Mai 24;Frauen;Deutsche;9000000;Bayern;Ohne Berufsabschluss;201.730
Mai 24;Frauen;Deutsche;9000000;Bayern;Anerkannter Berufsabschluss;1.544.780
Mai 24;Frauen;Deutsche;9000000;Bayern;Akademischer Berufsabschluss;466.130
Mai 24;Frauen;Deutsche;10000000;Saarland;Ohne Berufsabschluss;17.510
Mai 24;Frauen;Deutsche;10000000;Saarland;Anerkannter Berufsabschluss;111.060
Mai 24;Frauen;Deutsche;10000000;Saarland;Akademischer Berufsabschluss;23.240
Mai 24;Frauen;Deutsche;11000000;Berlin;Ohne Berufsabschluss;62.720
Mai 24;Frauen;Deutsche;11000000;Berlin;Anerkannter Berufsabschluss;339.140
Mai 24;Frauen;Deutsche;11000000;Berlin;Akademischer Berufsabschluss;226.830
Mai 24;Frauen;Deutsche;12000000;Brandenburg;Ohne Berufsabschluss;27.270
Mai 24;Frauen;Deutsche;12000000;Brandenburg;Anerkannter Berufsabschluss;272.810
Mai 24;Frauen;Deutsche;12000000;Brandenburg;Akademischer Berufsabschluss;62.890
Mai 24;Frauen;Deutsche;13000000;Mecklenburg-Vorpommern;Ohne Berufsabschluss;19.860
Mai 24;Frauen;Deutsche;13000000;Mecklenburg-Vorpommern;Anerkannter Berufsabschluss;198.270
Mai 24;Frauen;Deutsche;13000000;Mecklenburg-Vorpommern;Akademischer Berufsabschluss;41.970
Mai 24;Frauen;Deutsche;14000000;Sachsen;Ohne Berufsabschluss;45.780
Mai 24;Frauen;Deutsche;14000000;Sachsen;Anerkannter Berufsabschluss;511.700
Mai 24;Frauen;Deutsche;14000000;Sachsen;Akademischer Berufsabschluss;147.460
Mai 24;Frauen;Deutsche;15000000;Sachsen-Anhalt;Ohne Berufsabschluss;23.170
Mai 24;Frauen;Deutsche;15000000;Sachsen-Anhalt;Anerkannter Berufsabschluss;272.160
Mai 24;Frauen;Deutsche;15000000;Sachsen-Anhalt;Akademischer Berufsabschluss;53.930
Mai 24;Frauen;Deutsche;16000000;Thüringen;Ohne Berufsabschluss;21.200
Mai 24;Frauen;Deutsche;16000000;Thüringen;Anerkannter Berufsabschluss;264.010
Mai 24;Frauen;Deutsche;16000000;Thüringen;Akademischer Berufsabschluss;56.870
Apr 24;Frauen;Ausländer;1000000;Schleswig-Holstein;Ohne Berufsabschluss;10.280
Apr 24;Frauen;Ausländer;1000000;Schleswig-Holstein;Anerkannter Berufsabschluss;12.350
Apr 24;Frauen;Ausländer;1000000;Schleswig-Holstein;Akademischer Berufsabschluss;7.300
Apr 24;Frauen;Ausländer;2000000;Hamburg;Ohne Berufsabschluss;14.580
Apr 24;Frauen;Ausländer;2000000;Hamburg;Anerkannter Berufsabschluss;18.840
Apr 24;Frauen;Ausländer;2000000;Hamburg;Akademischer Berufsabschluss;20.530
Apr 24;Frauen;Ausländer;3000000;Niedersachsen;Ohne Berufsabschluss;35.660
Apr 24;Frauen;Ausländer;3000000;Niedersachsen;Anerkannter Berufsabschluss;42.630
Apr 24;Frauen;Ausländer;3000000;Niedersachsen;Akademischer Berufsabschluss;24.710
Apr 24;Frauen;Ausländer;4000000;Bremen;Ohne Berufsabschluss;4.840
Apr 24;Frauen;Ausländer;4000000;Bremen;Anerkannter Berufsabschluss;5.500
Apr 24;Frauen;Ausländer;4000000;Bremen;Akademischer Berufsabschluss;4.250
Apr 24;Frauen;Ausländer;5000000;Nordrhein-Westfalen;Ohne Berufsabschluss;109.650
Apr 24;Frauen;Ausländer;5000000;Nordrhein-Westfalen;Anerkannter Berufsabschluss;129.390
Apr 24;Frauen;Ausländer;5000000;Nordrhein-Westfalen;Akademischer Berufsabschluss;79.570
Apr 24;Frauen;Ausländer;6000000;Hessen;Ohne Berufsabschluss;46.640
Apr 24;Frauen;Ausländer;6000000;Hessen;Anerkannter Berufsabschluss;65.600
Apr 24;Frauen;Ausländer;6000000;Hessen;Akademischer Berufsabschluss;51.550
Apr 24;Frauen;Ausländer;7000000;Rheinland-Pfalz;Ohne Berufsabschluss;21.380
Apr 24;Frauen;Ausländer;7000000;Rheinland-Pfalz;Anerkannter Berufsabschluss;28.060
Apr 24;Frauen;Ausländer;7000000;Rheinland-Pfalz;Akademischer Berufsabschluss;14.190
Apr 24;Frauen;Ausländer;8000000;Baden-Württemberg;Ohne Berufsabschluss;97.140
Apr 24;Frauen;Ausländer;8000000;Baden-Württemberg;Anerkannter Berufsabschluss;143.690
Apr 24;Frauen;Ausländer;8000000;Baden-Württemberg;Akademischer Berufsabschluss;74.620
Apr 24;Frauen;Ausländer;9000000;Bayern;Ohne Berufsabschluss;94.440
Apr 24;Frauen;Ausländer;9000000;Bayern;Anerkannter Berufsabschluss;154.610
Apr 24;Frauen;Ausländer;9000000;Bayern;Akademischer Berufsabschluss;108.340
Apr 24;Frauen;Ausländer;10000000;Saarland;Ohne Berufsabschluss;5.550
Apr 24;Frauen;Ausländer;10000000;Saarland;Anerkannter Berufsabschluss;7.850
Apr 24;Frauen;Ausländer;10000000;Saarland;Akademischer Berufsabschluss;3.670
Apr 24;Frauen;Ausländer;11000000;Berlin;Ohne Berufsabschluss;22.490
Apr 24;Frauen;Ausländer;11000000;Berlin;Anerkannter Berufsabschluss;28.900
Apr 24;Frauen;Ausländer;11000000;Berlin;Akademischer Berufsabschluss;60.100
Apr 24;Frauen;Ausländer;12000000;Brandenburg;Ohne Berufsabschluss;6.180
Apr 24;Frauen;Ausländer;12000000;Brandenburg;Anerkannter Berufsabschluss;9.900
Apr 24;Frauen;Ausländer;12000000;Brandenburg;Akademischer Berufsabschluss;9.100
Apr 24;Frauen;Ausländer;13000000;Mecklenburg-Vorpommern;Ohne Berufsabschluss;2.580
Apr 24;Frauen;Ausländer;13000000;Mecklenburg-Vorpommern;Anerkannter Berufsabschluss;4.520
Apr 24;Frauen;Ausländer;13000000;Mecklenburg-Vorpommern;Akademischer Berufsabschluss;3.840
Apr 24;Frauen;Ausländer;14000000;Sachsen;Ohne Berufsabschluss;8.190
Apr 24;Frauen;Ausländer;14000000;Sachsen;Anerkannter Berufsabschluss;15.410
Apr 24;Frauen;Ausländer;14000000;Sachsen;Akademischer Berufsabschluss;15.690
Apr 24;Frauen;Ausländer;15000000;Sachsen-Anhalt;Ohne Berufsabschluss;4.160
Apr 24;Frauen;Ausländer;15000000;Sachsen-Anhalt;Anerkannter Berufsabschluss;5.210
Apr 24;Frauen;Ausländer;15000000;Sachsen-Anhalt;Akademischer Berufsabschluss;4.800
Apr 24;Frauen;Ausländer;16000000;Thüringen;Ohne Berufsabschluss;5.740
Apr 24;Frauen;Ausländer;16000000;Thüringen;Anerkannter Berufsabschluss;7.470
Apr 24;Frauen;Ausländer;16000000;Thüringen;Akademischer Berufsabschluss;5.700
Apr 24;Frauen;Deutsche;1000000;Schleswig-Holstein;Ohne Berufsabschluss;47.400
Apr 24;Frauen;Deutsche;1000000;Schleswig-Holstein;Anerkannter Berufsabschluss;322.490
Apr 24;Frauen;Deutsche;1000000;Schleswig-Holstein;Akademischer Berufsabschluss;70.120
Apr 24;Frauen;Deutsche;2000000;Hamburg;Ohne Berufsabschluss;40.460
Apr 24;Frauen;Deutsche;2000000;Hamburg;Anerkannter Berufsabschluss;226.580
Apr 24;Frauen;Deutsche;2000000;Hamburg;Akademischer Berufsabschluss;130.490
Apr 24;Frauen;Deutsche;3000000;Niedersachsen;Ohne Berufsabschluss;132.440
Apr 24;Frauen;Deutsche;3000000;Niedersachsen;Anerkannter Berufsabschluss;912.060
Apr 24;Frauen;Deutsche;3000000;Niedersachsen;Akademischer Berufsabschluss;203.120
Apr 24;Frauen;Deutsche;4000000;Bremen;Ohne Berufsabschluss;14.640
Apr 24;Frauen;Deutsche;4000000;Bremen;Anerkannter Berufsabschluss;82.390
Apr 24;Frauen;Deutsche;4000000;Bremen;Akademischer Berufsabschluss;29.100
Apr 24;Frauen;Deutsche;5000000;Nordrhein-Westfalen;Ohne Berufsabschluss;347.180
Apr 24;Frauen;Deutsche;5000000;Nordrhein-Westfalen;Anerkannter Berufsabschluss;1.859.920
Apr 24;Frauen;Deutsche;5000000;Nordrhein-Westfalen;Akademischer Berufsabschluss;559.300
Apr 24;Frauen;Deutsche;6000000;Hessen;Ohne Berufsabschluss;108.580
Apr 24;Frauen;Deutsche;6000000;Hessen;Anerkannter Berufsabschluss;637.340
Apr 24;Frauen;Deutsche;6000000;Hessen;Akademischer Berufsabschluss;247.570
Apr 24;Frauen;Deutsche;7000000;Rheinland-Pfalz;Ohne Berufsabschluss;68.900
Apr 24;Frauen;Deutsche;7000000;Rheinland-Pfalz;Anerkannter Berufsabschluss;422.790
Apr 24;Frauen;Deutsche;7000000;Rheinland-Pfalz;Akademischer Berufsabschluss;93.730
Apr 24;Frauen;Deutsche;8000000;Baden-Württemberg;Ohne Berufsabschluss;197.370
Apr 24;Frauen;Deutsche;8000000;Baden-Württemberg;Anerkannter Berufsabschluss;1.211.480
Apr 24;Frauen;Deutsche;8000000;Baden-Württemberg;Akademischer Berufsabschluss;389.580
Apr 24;Frauen;Deutsche;9000000;Bayern;Ohne Berufsabschluss;203.170
Apr 24;Frauen;Deutsche;9000000;Bayern;Anerkannter Berufsabschluss;1.545.470
Apr 24;Frauen;Deutsche;9000000;Bayern;Akademischer Berufsabschluss;463.990
Apr 24;Frauen;Deutsche;10000000;Saarland;Ohne Berufsabschluss;17.750
Apr 24;Frauen;Deutsche;10000000;Saarland;Anerkannter Berufsabschluss;111.000
Apr 24;Frauen;Deutsche;10000000;Saarland;Akademischer Berufsabschluss;23.150
Apr 24;Frauen;Deutsche;11000000;Berlin;Ohne Berufsabschluss;63.180
Apr 24;Frauen;Deutsche;11000000;Berlin;Anerkannter Berufsabschluss;339.880
Apr 24;Frauen;Deutsche;11000000;Berlin;Akademischer Berufsabschluss;225.680
Apr 24;Frauen;Deutsche;12000000;Brandenburg;Ohne Berufsabschluss;27.580
Apr 24;Frauen;Deutsche;12000000;Brandenburg;Anerkannter Berufsabschluss;272.550
Apr 24;Frauen;Deutsche;12000000;Brandenburg;Akademischer Berufsabschluss;62.640
Apr 24;Frauen;Deutsche;13000000;Mecklenburg-Vorpommern;Ohne Berufsabschluss;19.840
Apr 24;Frauen;Deutsche;13000000;Mecklenburg-Vorpommern;Anerkannter Berufsabschluss;197.880
Apr 24;Frauen;Deutsche;13000000;Mecklenburg-Vorpommern;Akademischer Berufsabschluss;41.880
Apr 24;Frauen;Deutsche;14000000;Sachsen;Ohne Berufsabschluss;46.140
Apr 24;Frauen;Deutsche;14000000;Sachsen;Anerkannter Berufsabschluss;512.300
Apr 24;Frauen;Deutsche;14000000;Sachsen;Akademischer Berufsabschluss;146.830
Apr 24;Frauen;Deutsche;15000000;Sachsen-Anhalt;Ohne Berufsabschluss;23.340
Apr 24;Frauen;Deutsche;15000000;Sachsen-Anhalt;Anerkannter Berufsabschluss;272.710
Apr 24;Frauen;Deutsche;15000000;Sachsen-Anhalt;Akademischer Berufsabschluss;54.100
Apr 24;Frauen;Deutsche;16000000;Thüringen;Ohne Berufsabschluss;21.360
Apr 24;Frauen;Deutsche;16000000;Thüringen;Anerkannter Berufsabschluss;264.200
Apr 24;Frauen;Deutsche;16000000;Thüringen;Akademischer Berufsabschluss;56.070
Mrz 24;Frauen;Ausländer;1000000;Schleswig-Holstein;Ohne Berufsabschluss;10.060
Mrz 24;Frauen;Ausländer;1000000;Schleswig-Holstein;Anerkannter Berufsabschluss;12.230
Mrz 24;Frauen;Ausländer;1000000;Schleswig-Holstein;Akademischer Berufsabschluss;7.230
Mrz 24;Frauen;Ausländer;2000000;Hamburg;Ohne Berufsabschluss;14.530
Mrz 24;Frauen;Ausländer;2000000;Hamburg;Anerkannter Berufsabschluss;18.730
Mrz 24;Frauen;Ausländer;2000000;Hamburg;Akademischer Berufsabschluss;20.410
Mrz 24;Frauen;Ausländer;3000000;Niedersachsen;Ohne Berufsabschluss;35.220
Mrz 24;Frauen;Ausländer;3000000;Niedersachsen;Anerkannter Berufsabschluss;42.420
Mrz 24;Frauen;Ausländer;3000000;Niedersachsen;Akademischer Berufsabschluss;24.380
Mrz 24;Frauen;Ausländer;4000000;Bremen;Ohne Berufsabschluss;4.800
Mrz 24;Frauen;Ausländer;4000000;Bremen;Anerkannter Berufsabschluss;5.490
Mrz 24;Frauen;Ausländer;4000000;Bremen;Akademischer Berufsabschluss;4.190
Mrz 24;Frauen;Ausländer;5000000;Nordrhein-Westfalen;Ohne Berufsabschluss;108.460
Mrz 24;Frauen;Ausländer;5000000;Nordrhein-Westfalen;Anerkannter Berufsabschluss;128.920
Mrz 24;Frauen;Ausländer;5000000;Nordrhein-Westfalen;Akademischer Berufsabschluss;78.930
Mrz 24;Frauen;Ausländer;6000000;Hessen;Ohne Berufsabschluss;46.270
Mrz 24;Frauen;Ausländer;6000000;Hessen;Anerkannter Berufsabschluss;65.300
Mrz 24;Frauen;Ausländer;6000000;Hessen;Akademischer Berufsabschluss;51.200
Mrz 24;Frauen;Ausländer;7000000;Rheinland-Pfalz;Ohne Berufsabschluss;21.070
Mrz 24;Frauen;Ausländer;7000000;Rheinland-Pfalz;Anerkannter Berufsabschluss;27.880
Mrz 24;Frauen;Ausländer;7000000;Rheinland-Pfalz;Akademischer Berufsabschluss;14.020
Mrz 24;Frauen;Ausländer;8000000;Baden-Württemberg;Ohne Berufsabschluss;96.410
Mrz 24;Frauen;Ausländer;8000000;Baden-Württemberg;Anerkannter Berufsabschluss;142.840
Mrz 24;Frauen;Ausländer;8000000;Baden-Württemberg;Akademischer Berufsabschluss;73.700
Mrz 24;Frauen;Ausländer;9000000;Bayern;Ohne Berufsabschluss;93.930
Mrz 24;Frauen;Ausländer;9000000;Bayern;Anerkannter Berufsabschluss;153.400
Mrz 24;Frauen;Ausländer;9000000;Bayern;Akademischer Berufsabschluss;107.240
Mrz 24;Frauen;Ausländer;10000000;Saarland;Ohne Berufsabschluss;5.490
Mrz 24;Frauen;Ausländer;10000000;Saarland;Anerkannter Berufsabschluss;7.810
Mrz 24;Frauen;Ausländer;10000000;Saarland;Akademischer Berufsabschluss;3.650
Mrz 24;Frauen;Ausländer;11000000;Berlin;Ohne Berufsabschluss;22.140
Mrz 24;Frauen;Ausländer;11000000;Berlin;Anerkannter Berufsabschluss;28.750
Mrz 24;Frauen;Ausländer;11000000;Berlin;Akademischer Berufsabschluss;59.750
Mrz 24;Frauen;Ausländer;12000000;Brandenburg;Ohne Berufsabschluss;6.000
Mrz 24;Frauen;Ausländer;12000000;Brandenburg;Anerkannter Berufsabschluss;9.720
Mrz 24;Frauen;Ausländer;12000000;Brandenburg;Akademischer Berufsabschluss;8.980
Mrz 24;Frauen;Ausländer;13000000;Mecklenburg-Vorpommern;Ohne Berufsabschluss;2.520
Mrz 24;Frauen;Ausländer;13000000;Mecklenburg-Vorpommern;Anerkannter Berufsabschluss;4.380
Mrz 24;Frauen;Ausländer;13000000;Mecklenburg-Vorpommern;Akademischer Berufsabschluss;3.730
Mrz 24;Frauen;Ausländer;14000000;Sachsen;Ohne Berufsabschluss;8.120
Mrz 24;Frauen;Ausländer;14000000;Sachsen;Anerkannter Berufsabschluss;15.140
Mrz 24;Frauen;Ausländer;14000000;Sachsen;Akademischer Berufsabschluss;15.470
Mrz 24;Frauen;Ausländer;15000000;Sachsen-Anhalt;Ohne Berufsabschluss;4.080
Mrz 24;Frauen;Ausländer;15000000;Sachsen-Anhalt;Anerkannter Berufsabschluss;5.090
Mrz 24;Frauen;Ausländer;15000000;Sachsen-Anhalt;Akademischer Berufsabschluss;4.720
Mrz 24;Frauen;Ausländer;16000000;Thüringen;Ohne Berufsabschluss;5.660
Mrz 24;Frauen;Ausländer;16000000;Thüringen;Anerkannter Berufsabschluss;7.290
Mrz 24;Frauen;Ausländer;16000000;Thüringen;Akademischer Berufsabschluss;5.620
Mrz 24;Frauen;Deutsche;1000000;Schleswig-Holstein;Ohne Berufsabschluss;47.590
Mrz 24;Frauen;Deutsche;1000000;Schleswig-Holstein;Anerkannter Berufsabschluss;322.390
Mrz 24;Frauen;Deutsche;1000000;Schleswig-Holstein;Akademischer Berufsabschluss;69.750
Mrz 24;Frauen;Deutsche;2000000;Hamburg;Ohne Berufsabschluss;40.860
Mrz 24;Frauen;Deutsche;2000000;Hamburg;Anerkannter Berufsabschluss;226.930
Mrz 24;Frauen;Deutsche;2000000;Hamburg;Akademischer Berufsabschluss;130.070
Mrz 24;Frauen;Deutsche;3000000;Niedersachsen;Ohne Berufsabschluss;132.880
Mrz 24;Frauen;Deutsche;3000000;Niedersachsen;Anerkannter Berufsabschluss;912.460
Mrz 24;Frauen;Deutsche;3000000;Niedersachsen;Akademischer Berufsabschluss;202.320
Mrz 24;Frauen;Deutsche;4000000;Bremen;Ohne Berufsabschluss;14.680
Mrz 24;Frauen;Deutsche;4000000;Bremen;Anerkannter Berufsabschluss;82.550
Mrz 24;Frauen;Deutsche;4000000;Bremen;Akademischer Berufsabschluss;29.060
Mrz 24;Frauen;Deutsche;5000000;Nordrhein-Westfalen;Ohne Berufsabschluss;348.160
Mrz 24;Frauen;Deutsche;5000000;Nordrhein-Westfalen;Anerkannter Berufsabschluss;1.861.550
Mrz 24;Frauen;Deutsche;5000000;Nordrhein-Westfalen;Akademischer Berufsabschluss;557.810
Mrz 24;Frauen;Deutsche;6000000;Hessen;Ohne Berufsabschluss;108.780
Mrz 24;Frauen;Deutsche;6000000;Hessen;Anerkannter Berufsabschluss;637.670
Mrz 24;Frauen;Deutsche;6000000;Hessen;Akademischer Berufsabschluss;246.720
Mrz 24;Frauen;Deutsche;7000000;Rheinland-Pfalz;Ohne Berufsabschluss;69.230
Mrz 24;Frauen;Deutsche;7000000;Rheinland-Pfalz;Anerkannter Berufsabschluss;423.080
Mrz 24;Frauen;Deutsche;7000000;Rheinland-Pfalz;Akademischer Berufsabschluss;93.270
Mrz 24;Frauen;Deutsche;8000000;Baden-Württemberg;Ohne Berufsabschluss;199.450
Mrz 24;Frauen;Deutsche;8000000;Baden-Württemberg;Anerkannter Berufsabschluss;1.211.320
Mrz 24;Frauen;Deutsche;8000000;Baden-Württemberg;Akademischer Berufsabschluss;387.920
Mrz 24;Frauen;Deutsche;9000000;Bayern;Ohne Berufsabschluss;205.880
Mrz 24;Frauen;Deutsche;9000000;Bayern;Anerkannter Berufsabschluss;1.544.750
Mrz 24;Frauen;Deutsche;9000000;Bayern;Akademischer Berufsabschluss;462.000
Mrz 24;Frauen;Deutsche;10000000;Saarland;Ohne Berufsabschluss;17.870
Mrz 24;Frauen;Deutsche;10000000;Saarland;Anerkannter Berufsabschluss;111.130
Mrz 24;Frauen;Deutsche;10000000;Saarland;Akademischer Berufsabschluss;23.100
Mrz 24;Frauen;Deutsche;11000000;Berlin;Ohne Berufsabschluss;63.010
Mrz 24;Frauen;Deutsche;11000000;Berlin;Anerkannter Berufsabschluss;339.640
Mrz 24;Frauen;Deutsche;11000000;Berlin;Akademischer Berufsabschluss;225.060
Mrz 24;Frauen;Deutsche;12000000;Brandenburg;Ohne Berufsabschluss;27.610
Mrz 24;Frauen;Deutsche;12000000;Brandenburg;Anerkannter Berufsabschluss;272.480
Mrz 24;Frauen;Deutsche;12000000;Brandenburg;Akademischer Berufsabschluss;62.360
Mrz 24;Frauen;Deutsche;13000000;Mecklenburg-Vorpommern;Ohne Berufsabschluss;20.040
Mrz 24;Frauen;Deutsche;13000000;Mecklenburg-Vorpommern;Anerkannter Berufsabschluss;197.060
Mrz 24;Frauen;Deutsche;13000000;Mecklenburg-Vorpommern;Akademischer Berufsabschluss;41.750
Mrz 24;Frauen;Deutsche;14000000;Sachsen;Ohne Berufsabschluss;47.270
Mrz 24;Frauen;Deutsche;14000000;Sachsen;Anerkannter Berufsabschluss;511.890
Mrz 24;Frauen;Deutsche;14000000;Sachsen;Akademischer Berufsabschluss;146.500
Mrz 24;Frauen;Deutsche;15000000;Sachsen-Anhalt;Ohne Berufsabschluss;23.560
Mrz 24;Frauen;Deutsche;15000000;Sachsen-Anhalt;Anerkannter Berufsabschluss;272.640
Mrz 24;Frauen;Deutsche;15000000;Sachsen-Anhalt;Akademischer Berufsabschluss;54.020
Mrz 24;Frauen;Deutsche;16000000;Thüringen;Ohne Berufsabschluss;21.690
Mrz 24;Frauen;Deutsche;16000000;Thüringen;Anerkannter Berufsabschluss;264.160
Mrz 24;Frauen;Deutsche;16000000;Thüringen;Akademischer Berufsabschluss;55.930
Feb 24;Frauen;Ausländer;1000000;Schleswig-Holstein;Ohne Berufsabschluss;9.920
Feb 24;Frauen;Ausländer;1000000;Schleswig-Holstein;Anerkannter Berufsabschluss;12.020
Feb 24;Frauen;Ausländer;1000000;Schleswig-Holstein;Akademischer Berufsabschluss;7.160
Feb 24;Frauen;Ausländer;2000000;Hamburg;Ohne Berufsabschluss;14.460
Feb 24;Frauen;Ausländer;2000000;Hamburg;Anerkannter Berufsabschluss;18.640
Feb 24;Frauen;Ausländer;2000000;Hamburg;Akademischer Berufsabschluss;20.270
Feb 24;Frauen;Ausländer;3000000;Niedersachsen;Ohne Berufsabschluss;34.690
Feb 24;Frauen;Ausländer;3000000;Niedersachsen;Anerkannter Berufsabschluss;41.890
Feb 24;Frauen;Ausländer;3000000;Niedersachsen;Akademischer Berufsabschluss;24.030
Feb 24;Frauen;Ausländer;4000000;Bremen;Ohne Berufsabschluss;4.830
Feb 24;Frauen;Ausländer;4000000;Bremen;Anerkannter Berufsabschluss;5.500
Feb 24;Frauen;Ausländer;4000000;Bremen;Akademischer Berufsabschluss;4.130
Feb 24;Frauen;Ausländer;5000000;Nordrhein-Westfalen;Ohne Berufsabschluss;107.840
Feb 24;Frauen;Ausländer;5000000;Nordrhein-Westfalen;Anerkannter Berufsabschluss;128.180
Feb 24;Frauen;Ausländer;5000000;Nordrhein-Westfalen;Akademischer Berufsabschluss;78.290
Feb 24;Frauen;Ausländer;6000000;Hessen;Ohne Berufsabschluss;46.230
Feb 24;Frauen;Ausländer;6000000;Hessen;Anerkannter Berufsabschluss;65.060
Feb 24;Frauen;Ausländer;6000000;Hessen;Akademischer Berufsabschluss;50.800
Feb 24;Frauen;Ausländer;7000000;Rheinland-Pfalz;Ohne Berufsabschluss;20.940
Feb 24;Frauen;Ausländer;7000000;Rheinland-Pfalz;Anerkannter Berufsabschluss;27.710
Feb 24;Frauen;Ausländer;7000000;Rheinland-Pfalz;Akademischer Berufsabschluss;13.870
Feb 24;Frauen;Ausländer;8000000;Baden-Württemberg;Ohne Berufsabschluss;96.230
Feb 24;Frauen;Ausländer;8000000;Baden-Württemberg;Anerkannter Berufsabschluss;142.140
Feb 24;Frauen;Ausländer;8000000;Baden-Württemberg;Akademischer Berufsabschluss;73.240
Feb 24;Frauen;Ausländer;9000000;Bayern;Ohne Berufsabschluss;93.680
Feb 24;Frauen;Ausländer;9000000;Bayern;Anerkannter Berufsabschluss;152.600
Feb 24;Frauen;Ausländer;9000000;Bayern;Akademischer Berufsabschluss;106.440
Feb 24;Frauen;Ausländer;10000000;Saarland;Ohne Berufsabschluss;5.450
Feb 24;Frauen;Ausländer;10000000;Saarland;Anerkannter Berufsabschluss;7.790
Feb 24;Frauen;Ausländer;10000000;Saarland;Akademischer Berufsabschluss;3.630
Feb 24;Frauen;Ausländer;11000000;Berlin;Ohne Berufsabschluss;22.050
Feb 24;Frauen;Ausländer;11000000;Berlin;Anerkannter Berufsabschluss;28.710
Feb 24;Frauen;Ausländer;11000000;Berlin;Akademischer Berufsabschluss;59.530
Feb 24;Frauen;Ausländer;12000000;Brandenburg;Ohne Berufsabschluss;5.960
Feb 24;Frauen;Ausländer;12000000;Brandenburg;Anerkannter Berufsabschluss;9.570
Feb 24;Frauen;Ausländer;12000000;Brandenburg;Akademischer Berufsabschluss;8.860
Feb 24;Frauen;Ausländer;13000000;Mecklenburg-Vorpommern;Ohne Berufsabschluss;2.430
Feb 24;Frauen;Ausländer;13000000;Mecklenburg-Vorpommern;Anerkannter Berufsabschluss;4.110
Feb 24;Frauen;Ausländer;13000000;Mecklenburg-Vorpommern;Akademischer Berufsabschluss;3.640
Feb 24;Frauen;Ausländer;14000000;Sachsen;Ohne Berufsabschluss;7.980
Feb 24;Frauen;Ausländer;14000000;Sachsen;Anerkannter Berufsabschluss;14.990
Feb 24;Frauen;Ausländer;14000000;Sachsen;Akademischer Berufsabschluss;15.210
Feb 24;Frauen;Ausländer;15000000;Sachsen-Anhalt;Ohne Berufsabschluss;3.960
Feb 24;Frauen;Ausländer;15000000;Sachsen-Anhalt;Anerkannter Berufsabschluss;5.020
Feb 24;Frauen;Ausländer;15000000;Sachsen-Anhalt;Akademischer Berufsabschluss;4.680
Feb 24;Frauen;Ausländer;16000000;Thüringen;Ohne Berufsabschluss;5.600
Feb 24;Frauen;Ausländer;16000000;Thüringen;Anerkannter Berufsabschluss;7.220
Feb 24;Frauen;Ausländer;16000000;Thüringen;Akademischer Berufsabschluss;5.610
Feb 24;Frauen;Deutsche;1000000;Schleswig-Holstein;Ohne Berufsabschluss;48.020
Feb 24;Frauen;Deutsche;1000000;Schleswig-Holstein;Anerkannter Berufsabschluss;321.620
Feb 24;Frauen;Deutsche;1000000;Schleswig-Holstein;Akademischer Berufsabschluss;69.340
Feb 24;Frauen;Deutsche;2000000;Hamburg;Ohne Berufsabschluss;41.130
Feb 24;Frauen;Deutsche;2000000;Hamburg;Anerkannter Berufsabschluss;226.890
Feb 24;Frauen;Deutsche;2000000;Hamburg;Akademischer Berufsabschluss;129.900
Feb 24;Frauen;Deutsche;3000000;Niedersachsen;Ohne Berufsabschluss;133.880
Feb 24;Frauen;Deutsche;3000000;Niedersachsen;Anerkannter Berufsabschluss;910.890
Feb 24;Frauen;Deutsche;3000000;Niedersachsen;Akademischer Berufsabschluss;201.400
Feb 24;Frauen;Deutsche;4000000;Bremen;Ohne Berufsabschluss;14.750
Feb 24;Frauen;Deutsche;4000000;Bremen;Anerkannter Berufsabschluss;82.650
Feb 24;Frauen;Deutsche;4000000;Bremen;Akademischer Berufsabschluss;28.900
Feb 24;Frauen;Deutsche;5000000;Nordrhein-Westfalen;Ohne Berufsabschluss;350.950
Feb 24;Frauen;Deutsche;5000000;Nordrhein-Westfalen;Anerkannter Berufsabschluss;1.860.250
Feb 24;Frauen;Deutsche;5000000;Nordrhein-Westfalen;Akademischer Berufsabschluss;555.820
Feb 24;Frauen;Deutsche;6000000;Hessen;Ohne Berufsabschluss;109.370
Feb 24;Frauen;Deutsche;6000000;Hessen;Anerkannter Berufsabschluss;637.770
Feb 24;Frauen;Deutsche;6000000;Hessen;Akademischer Berufsabschluss;246.190
Feb 24;Frauen;Deutsche;7000000;Rheinland-Pfalz;Ohne Berufsabschluss;69.820
Feb 24;Frauen;Deutsche;7000000;Rheinland-Pfalz;Anerkannter Berufsabschluss;422.640
Feb 24;Frauen;Deutsche;7000000;Rheinland-Pfalz;Akademischer Berufsabschluss;92.830
Feb 24;Frauen;Deutsche;8000000;Baden-Württemberg;Ohne Berufsabschluss;202.080
Feb 24;Frauen;Deutsche;8000000;Baden-Württemberg;Anerkannter Berufsabschluss;1.212.570
Feb 24;Frauen;Deutsche;8000000;Baden-Württemberg;Akademischer Berufsabschluss;387.730
Feb 24;Frauen;Deutsche;9000000;Bayern;Ohne Berufsabschluss;208.120
Feb 24;Frauen;Deutsche;9000000;Bayern;Anerkannter Berufsabschluss;1.543.880
Feb 24;Frauen;Deutsche;9000000;Bayern;Akademischer Berufsabschluss;460.610
Feb 24;Frauen;Deutsche;10000000;Saarland;Ohne Berufsabschluss;18.010
Feb 24;Frauen;Deutsche;10000000;Saarland;Anerkannter Berufsabschluss;111.270
Feb 24;Frauen;Deutsche;10000000;Saarland;Akademischer Berufsabschluss;23.050
Feb 24;Frauen;Deutsche;11000000;Berlin;Ohne Berufsabschluss;63.380
Feb 24;Frauen;Deutsche;11000000;Berlin;Anerkannter Berufsabschluss;340.090
Feb 24;Frauen;Deutsche;11000000;Berlin;Akademischer Berufsabschluss;224.780
Feb 24;Frauen;Deutsche;12000000;Brandenburg;Ohne Berufsabschluss;27.750
Feb 24;Frauen;Deutsche;12000000;Brandenburg;Anerkannter Berufsabschluss;272.100
Feb 24;Frauen;Deutsche;12000000;Brandenburg;Akademischer Berufsabschluss;62.180
Feb 24;Frauen;Deutsche;13000000;Mecklenburg-Vorpommern;Ohne Berufsabschluss;20.210
Feb 24;Frauen;Deutsche;13000000;Mecklenburg-Vorpommern;Anerkannter Berufsabschluss;196.180
Feb 24;Frauen;Deutsche;13000000;Mecklenburg-Vorpommern;Akademischer Berufsabschluss;41.640
Feb 24;Frauen;Deutsche;14000000;Sachsen;Ohne Berufsabschluss;47.820
Feb 24;Frauen;Deutsche;14000000;Sachsen;Anerkannter Berufsabschluss;511.820
Feb 24;Frauen;Deutsche;14000000;Sachsen;Akademischer Berufsabschluss;146.190
Feb 24;Frauen;Deutsche;15000000;Sachsen-Anhalt;Ohne Berufsabschluss;24.000
Feb 24;Frauen;Deutsche;15000000;Sachsen-Anhalt;Anerkannter Berufsabschluss;273.030
Feb 24;Frauen;Deutsche;15000000;Sachsen-Anhalt;Akademischer Berufsabschluss;53.880
Feb 24;Frauen;Deutsche;16000000;Thüringen;Ohne Berufsabschluss;21.980
Feb 24;Frauen;Deutsche;16000000;Thüringen;Anerkannter Berufsabschluss;264.190
Feb 24;Frauen;Deutsche;16000000;Thüringen;Akademischer Berufsabschluss;55.990
Jan 24;Frauen;Ausländer;1000000;Schleswig-Holstein;Ohne Berufsabschluss;9.890
Jan 24;Frauen;Ausländer;1000000;Schleswig-Holstein;Anerkannter Berufsabschluss;11.860
Jan 24;Frauen;Ausländer;1000000;Schleswig-Holstein;Akademischer Berufsabschluss;7.050
Jan 24;Frauen;Ausländer;2000000;Hamburg;Ohne Berufsabschluss;14.450
Jan 24;Frauen;Ausländer;2000000;Hamburg;Anerkannter Berufsabschluss;18.420
Jan 24;Frauen;Ausländer;2000000;Hamburg;Akademischer Berufsabschluss;20.080
Jan 24;Frauen;Ausländer;3000000;Niedersachsen;Ohne Berufsabschluss;34.540
Jan 24;Frauen;Ausländer;3000000;Niedersachsen;Anerkannter Berufsabschluss;41.580
Jan 24;Frauen;Ausländer;3000000;Niedersachsen;Akademischer Berufsabschluss;23.740
Jan 24;Frauen;Ausländer;4000000;Bremen;Ohne Berufsabschluss;4.820
Jan 24;Frauen;Ausländer;4000000;Bremen;Anerkannter Berufsabschluss;5.460
Jan 24;Frauen;Ausländer;4000000;Bremen;Akademischer Berufsabschluss;4.120
Jan 24;Frauen;Ausländer;5000000;Nordrhein-Westfalen;Ohne Berufsabschluss;107.900
Jan 24;Frauen;Ausländer;5000000;Nordrhein-Westfalen;Anerkannter Berufsabschluss;127.380
Jan 24;Frauen;Ausländer;5000000;Nordrhein-Westfalen;Akademischer Berufsabschluss;77.560
Jan 24;Frauen;Ausländer;6000000;Hessen;Ohne Berufsabschluss;46.350
Jan 24;Frauen;Ausländer;6000000;Hessen;Anerkannter Berufsabschluss;64.760
Jan 24;Frauen;Ausländer;6000000;Hessen;Akademischer Berufsabschluss;50.180
Jan 24;Frauen;Ausländer;7000000;Rheinland-Pfalz;Ohne Berufsabschluss;20.940
Jan 24;Frauen;Ausländer;7000000;Rheinland-Pfalz;Anerkannter Berufsabschluss;27.530
Jan 24;Frauen;Ausländer;7000000;Rheinland-Pfalz;Akademischer Berufsabschluss;13.750
Jan 24;Frauen;Ausländer;8000000;Baden-Württemberg;Ohne Berufsabschluss;96.490
Jan 24;Frauen;Ausländer;8000000;Baden-Württemberg;Anerkannter Berufsabschluss;141.210
Jan 24;Frauen;Ausländer;8000000;Baden-Württemberg;Akademischer Berufsabschluss;72.650
Jan 24;Frauen;Ausländer;9000000;Bayern;Ohne Berufsabschluss;93.800
Jan 24;Frauen;Ausländer;9000000;Bayern;Anerkannter Berufsabschluss;151.610
Jan 24;Frauen;Ausländer;9000000;Bayern;Akademischer Berufsabschluss;105.640
Jan 24;Frauen;Ausländer;10000000;Saarland;Ohne Berufsabschluss;5.490
Jan 24;Frauen;Ausländer;10000000;Saarland;Anerkannter Berufsabschluss;7.770
Jan 24;Frauen;Ausländer;10000000;Saarland;Akademischer Berufsabschluss;3.570
Jan 24;Frauen;Ausländer;11000000;Berlin;Ohne Berufsabschluss;22.020
Jan 24;Frauen;Ausländer;11000000;Berlin;Anerkannter Berufsabschluss;28.430
Jan 24;Frauen;Ausländer;11000000;Berlin;Akademischer Berufsabschluss;59.080
Jan 24;Frauen;Ausländer;12000000;Brandenburg;Ohne Berufsabschluss;5.930
Jan 24;Frauen;Ausländer;12000000;Brandenburg;Anerkannter Berufsabschluss;9.480
Jan 24;Frauen;Ausländer;12000000;Brandenburg;Akademischer Berufsabschluss;8.780
Jan 24;Frauen;Ausländer;13000000;Mecklenburg-Vorpommern;Ohne Berufsabschluss;2.450
Jan 24;Frauen;Ausländer;13000000;Mecklenburg-Vorpommern;Anerkannter Berufsabschluss;4.030
Jan 24;Frauen;Ausländer;13000000;Mecklenburg-Vorpommern;Akademischer Berufsabschluss;3.610
Jan 24;Frauen;Ausländer;14000000;Sachsen;Ohne Berufsabschluss;7.960
Jan 24;Frauen;Ausländer;14000000;Sachsen;Anerkannter Berufsabschluss;14.900
Jan 24;Frauen;Ausländer;14000000;Sachsen;Akademischer Berufsabschluss;15.000
Jan 24;Frauen;Ausländer;15000000;Sachsen-Anhalt;Ohne Berufsabschluss;3.920
Jan 24;Frauen;Ausländer;15000000;Sachsen-Anhalt;Anerkannter Berufsabschluss;4.990
Jan 24;Frauen;Ausländer;15000000;Sachsen-Anhalt;Akademischer Berufsabschluss;4.610
Jan 24;Frauen;Ausländer;16000000;Thüringen;Ohne Berufsabschluss;5.680
Jan 24;Frauen;Ausländer;16000000;Thüringen;Anerkannter Berufsabschluss;7.200
Jan 24;Frauen;Ausländer;16000000;Thüringen;Akademischer Berufsabschluss;5.540
Jan 24;Frauen;Deutsche;1000000;Schleswig-Holstein;Ohne Berufsabschluss;49.030
Jan 24;Frauen;Deutsche;1000000;Schleswig-Holstein;Anerkannter Berufsabschluss;320.870
Jan 24;Frauen;Deutsche;1000000;Schleswig-Holstein;Akademischer Berufsabschluss;69.000
Jan 24;Frauen;Deutsche;2000000;Hamburg;Ohne Berufsabschluss;41.230
Jan 24;Frauen;Deutsche;2000000;Hamburg;Anerkannter Berufsabschluss;226.730
Jan 24;Frauen;Deutsche;2000000;Hamburg;Akademischer Berufsabschluss;129.410
Jan 24;Frauen;Deutsche;3000000;Niedersachsen;Ohne Berufsabschluss;135.940
Jan 24;Frauen;Deutsche;3000000;Niedersachsen;Anerkannter Berufsabschluss;909.810
Jan 24;Frauen;Deutsche;3000000;Niedersachsen;Akademischer Berufsabschluss;200.450
Jan 24;Frauen;Deutsche;4000000;Bremen;Ohne Berufsabschluss;14.900
Jan 24;Frauen;Deutsche;4000000;Bremen;Anerkannter Berufsabschluss;82.680
Jan 24;Frauen;Deutsche;4000000;Bremen;Akademischer Berufsabschluss;28.870
Jan 24;Frauen;Deutsche;5000000;Nordrhein-Westfalen;Ohne Berufsabschluss;356.070
Jan 24;Frauen;Deutsche;5000000;Nordrhein-Westfalen;Anerkannter Berufsabschluss;1.858.100
Jan 24;Frauen;Deutsche;5000000;Nordrhein-Westfalen;Akademischer Berufsabschluss;553.660
Jan 24;Frauen;Deutsche;6000000;Hessen;Ohne Berufsabschluss;111.200
Jan 24;Frauen;Deutsche;6000000;Hessen;Anerkannter Berufsabschluss;637.100
Jan 24;Frauen;Deutsche;6000000;Hessen;Akademischer Berufsabschluss;245.000
Jan 24;Frauen;Deutsche;7000000;Rheinland-Pfalz;Ohne Berufsabschluss;71.180
Jan 24;Frauen;Deutsche;7000000;Rheinland-Pfalz;Anerkannter Berufsabschluss;422.230
Jan 24;Frauen;Deutsche;7000000;Rheinland-Pfalz;Akademischer Berufsabschluss;92.430
Jan 24;Frauen;Deutsche;8000000;Baden-Württemberg;Ohne Berufsabschluss;206.950
Jan 24;Frauen;Deutsche;8000000;Baden-Württemberg;Anerkannter Berufsabschluss;1.210.500
Jan 24;Frauen;Deutsche;8000000;Baden-Württemberg;Akademischer Berufsabschluss;386.330
Jan 24;Frauen;Deutsche;9000000;Bayern;Ohne Berufsabschluss;212.700
Jan 24;Frauen;Deutsche;9000000;Bayern;Anerkannter Berufsabschluss;1.541.740
Jan 24;Frauen;Deutsche;9000000;Bayern;Akademischer Berufsabschluss;459.230
Jan 24;Frauen;Deutsche;10000000;Saarland;Ohne Berufsabschluss;18.470
Jan 24;Frauen;Deutsche;10000000;Saarland;Anerkannter Berufsabschluss;111.150
Jan 24;Frauen;Deutsche;10000000;Saarland;Akademischer Berufsabschluss;23.040
Jan 24;Frauen;Deutsche;11000000;Berlin;Ohne Berufsabschluss;63.720
Jan 24;Frauen;Deutsche;11000000;Berlin;Anerkannter Berufsabschluss;340.000
Jan 24;Frauen;Deutsche;11000000;Berlin;Akademischer Berufsabschluss;224.630
Jan 24;Frauen;Deutsche;12000000;Brandenburg;Ohne Berufsabschluss;28.390
Jan 24;Frauen;Deutsche;12000000;Brandenburg;Anerkannter Berufsabschluss;271.990
Jan 24;Frauen;Deutsche;12000000;Brandenburg;Akademischer Berufsabschluss;61.960
Jan 24;Frauen;Deutsche;13000000;Mecklenburg-Vorpommern;Ohne Berufsabschluss;20.800
Jan 24;Frauen;Deutsche;13000000;Mecklenburg-Vorpommern;Anerkannter Berufsabschluss;196.280
Jan 24;Frauen;Deutsche;13000000;Mecklenburg-Vorpommern;Akademischer Berufsabschluss;41.560
Jan 24;Frauen;Deutsche;14000000;Sachsen;Ohne Berufsabschluss;48.540
Jan 24;Frauen;Deutsche;14000000;Sachsen;Anerkannter Berufsabschluss;512.330
Jan 24;Frauen;Deutsche;14000000;Sachsen;Akademischer Berufsabschluss;146.260
Jan 24;Frauen;Deutsche;15000000;Sachsen-Anhalt;Ohne Berufsabschluss;24.400
Jan 24;Frauen;Deutsche;15000000;Sachsen-Anhalt;Anerkannter Berufsabschluss;273.080
Jan 24;Frauen;Deutsche;15000000;Sachsen-Anhalt;Akademischer Berufsabschluss;53.830
Jan 24;Frauen;Deutsche;16000000;Thüringen;Ohne Berufsabschluss;22.170
Jan 24;Frauen;Deutsche;16000000;Thüringen;Anerkannter Berufsabschluss;264.220
Jan 24;Frauen;Deutsche;16000000;Thüringen;Akademischer Berufsabschluss;55.900
Dez 23;Frauen;Ausländer;1000000;Schleswig-Holstein;Ohne Berufsabschluss;9.940
Dez 23;Frauen;Ausländer;1000000;Schleswig-Holstein;Anerkannter Berufsabschluss;11.880
Dez 23;Frauen;Ausländer;1000000;Schleswig-Holstein;Akademischer Berufsabschluss;7.030
Dez 23;Frauen;Ausländer;2000000;Hamburg;Ohne Berufsabschluss;14.560
Dez 23;Frauen;Ausländer;2000000;Hamburg;Anerkannter Berufsabschluss;18.450
Dez 23;Frauen;Ausländer;2000000;Hamburg;Akademischer Berufsabschluss;20.030
Dez 23;Frauen;Ausländer;3000000;Niedersachsen;Ohne Berufsabschluss;34.710
Dez 23;Frauen;Ausländer;3000000;Niedersachsen;Anerkannter Berufsabschluss;41.460
Dez 23;Frauen;Ausländer;3000000;Niedersachsen;Akademischer Berufsabschluss;23.680
Dez 23;Frauen;Ausländer;4000000;Bremen;Ohne Berufsabschluss;4.820
Dez 23;Frauen;Ausländer;4000000;Bremen;Anerkannter Berufsabschluss;5.420
Dez 23;Frauen;Ausländer;4000000;Bremen;Akademischer Berufsabschluss;4.120
Dez 23;Frauen;Ausländer;5000000;Nordrhein-Westfalen;Ohne Berufsabschluss;108.420
Dez 23;Frauen;Ausländer;5000000;Nordrhein-Westfalen;Anerkannter Berufsabschluss;126.780
Dez 23;Frauen;Ausländer;5000000;Nordrhein-Westfalen;Akademischer Berufsabschluss;77.360
Dez 23;Frauen;Ausländer;6000000;Hessen;Ohne Berufsabschluss;46.400
Dez 23;Frauen;Ausländer;6000000;Hessen;Anerkannter Berufsabschluss;64.680
Dez 23;Frauen;Ausländer;6000000;Hessen;Akademischer Berufsabschluss;50.080
Dez 23;Frauen;Ausländer;7000000;Rheinland-Pfalz;Ohne Berufsabschluss;20.980
Dez 23;Frauen;Ausländer;7000000;Rheinland-Pfalz;Anerkannter Berufsabschluss;27.370
Dez 23;Frauen;Ausländer;7000000;Rheinland-Pfalz;Akademischer Berufsabschluss;13.720
Dez 23;Frauen;Ausländer;8000000;Baden-Württemberg;Ohne Berufsabschluss;96.640
Dez 23;Frauen;Ausländer;8000000;Baden-Württemberg;Anerkannter Berufsabschluss;141.620
Dez 23;Frauen;Ausländer;8000000;Baden-Württemberg;Akademischer Berufsabschluss;72.350
Dez 23;Frauen;Ausländer;9000000;Bayern;Ohne Berufsabschluss;94.170
Dez 23;Frauen;Ausländer;9000000;Bayern;Anerkannter Berufsabschluss;151.680
Dez 23;Frauen;Ausländer;9000000;Bayern;Akademischer Berufsabschluss;105.280
Dez 23;Frauen;Ausländer;10000000;Saarland;Ohne Berufsabschluss;5.530
Dez 23;Frauen;Ausländer;10000000;Saarland;Anerkannter Berufsabschluss;7.760
Dez 23;Frauen;Ausländer;10000000;Saarland;Akademischer Berufsabschluss;3.600
Dez 23;Frauen;Ausländer;11000000;Berlin;Ohne Berufsabschluss;22.240
Dez 23;Frauen;Ausländer;11000000;Berlin;Anerkannter Berufsabschluss;28.610
Dez 23;Frauen;Ausländer;11000000;Berlin;Akademischer Berufsabschluss;59.190
Dez 23;Frauen;Ausländer;12000000;Brandenburg;Ohne Berufsabschluss;5.940
Dez 23;Frauen;Ausländer;12000000;Brandenburg;Anerkannter Berufsabschluss;9.470
Dez 23;Frauen;Ausländer;12000000;Brandenburg;Akademischer Berufsabschluss;8.800
Dez 23;Frauen;Ausländer;13000000;Mecklenburg-Vorpommern;Ohne Berufsabschluss;2.470
Dez 23;Frauen;Ausländer;13000000;Mecklenburg-Vorpommern;Anerkannter Berufsabschluss;4.060
Dez 23;Frauen;Ausländer;13000000;Mecklenburg-Vorpommern;Akademischer Berufsabschluss;3.640
Dez 23;Frauen;Ausländer;14000000;Sachsen;Ohne Berufsabschluss;7.950
Dez 23;Frauen;Ausländer;14000000;Sachsen;Anerkannter Berufsabschluss;14.910
Dez 23;Frauen;Ausländer;14000000;Sachsen;Akademischer Berufsabschluss;14.970
Dez 23;Frauen;Ausländer;15000000;Sachsen-Anhalt;Ohne Berufsabschluss;3.930
Dez 23;Frauen;Ausländer;15000000;Sachsen-Anhalt;Anerkannter Berufsabschluss;4.960
Dez 23;Frauen;Ausländer;15000000;Sachsen-Anhalt;Akademischer Berufsabschluss;4.660
Dez 23;Frauen;Ausländer;16000000;Thüringen;Ohne Berufsabschluss;5.870
Dez 23;Frauen;Ausländer;16000000;Thüringen;Anerkannter Berufsabschluss;7.210
Dez 23;Frauen;Ausländer;16000000;Thüringen;Akademischer Berufsabschluss;5.550
Dez 23;Frauen;Deutsche;1000000;Schleswig-Holstein;Ohne Berufsabschluss;49.560
Dez 23;Frauen;Deutsche;1000000;Schleswig-Holstein;Anerkannter Berufsabschluss;322.170
Dez 23;Frauen;Deutsche;1000000;Schleswig-Holstein;Akademischer Berufsabschluss;68.980
Dez 23;Frauen;Deutsche;2000000;Hamburg;Ohne Berufsabschluss;41.940
Dez 23;Frauen;Deutsche;2000000;Hamburg;Anerkannter Berufsabschluss;228.430
Dez 23;Frauen;Deutsche;2000000;Hamburg;Akademischer Berufsabschluss;129.340
Dez 23;Frauen;Deutsche;3000000;Niedersachsen;Ohne Berufsabschluss;139.750
Dez 23;Frauen;Deutsche;3000000;Niedersachsen;Anerkannter Berufsabschluss;910.540
Dez 23;Frauen;Deutsche;3000000;Niedersachsen;Akademischer Berufsabschluss;200.880
Dez 23;Frauen;Deutsche;4000000;Bremen;Ohne Berufsabschluss;15.280
Dez 23;Frauen;Deutsche;4000000;Bremen;Anerkannter Berufsabschluss;82.730
Dez 23;Frauen;Deutsche;4000000;Bremen;Akademischer Berufsabschluss;28.940
Dez 23;Frauen;Deutsche;5000000;Nordrhein-Westfalen;Ohne Berufsabschluss;362.800
Dez 23;Frauen;Deutsche;5000000;Nordrhein-Westfalen;Anerkannter Berufsabschluss;1.861.550
Dez 23;Frauen;Deutsche;5000000;Nordrhein-Westfalen;Akademischer Berufsabschluss;553.270
Dez 23;Frauen;Deutsche;6000000;Hessen;Ohne Berufsabschluss;112.450
Dez 23;Frauen;Deutsche;6000000;Hessen;Anerkannter Berufsabschluss;638.610
Dez 23;Frauen;Deutsche;6000000;Hessen;Akademischer Berufsabschluss;244.960
Dez 23;Frauen;Deutsche;7000000;Rheinland-Pfalz;Ohne Berufsabschluss;72.570
Dez 23;Frauen;Deutsche;7000000;Rheinland-Pfalz;Anerkannter Berufsabschluss;423.480
Dez 23;Frauen;Deutsche;7000000;Rheinland-Pfalz;Akademischer Berufsabschluss;92.490
Dez 23;Frauen;Deutsche;8000000;Baden-Württemberg;Ohne Berufsabschluss;208.930
Dez 23;Frauen;Deutsche;8000000;Baden-Württemberg;Anerkannter Berufsabschluss;1.214.890
Dez 23;Frauen;Deutsche;8000000;Baden-Württemberg;Akademischer Berufsabschluss;386.160
Dez 23;Frauen;Deutsche;9000000;Bayern;Ohne Berufsabschluss;214.870
Dez 23;Frauen;Deutsche;9000000;Bayern;Anerkannter Berufsabschluss;1.546.060
Dez 23;Frauen;Deutsche;9000000;Bayern;Akademischer Berufsabschluss;458.780
Dez 23;Frauen;Deutsche;10000000;Saarland;Ohne Berufsabschluss;18.790
Dez 23;Frauen;Deutsche;10000000;Saarland;Anerkannter Berufsabschluss;111.410
Dez 23;Frauen;Deutsche;10000000;Saarland;Akademischer Berufsabschluss;23.010
Dez 23;Frauen;Deutsche;11000000;Berlin;Ohne Berufsabschluss;64.030
Dez 23;Frauen;Deutsche;11000000;Berlin;Anerkannter Berufsabschluss;341.950
Dez 23;Frauen;Deutsche;11000000;Berlin;Akademischer Berufsabschluss;225.460
Dez 23;Frauen;Deutsche;12000000;Brandenburg;Ohne Berufsabschluss;28.790
Dez 23;Frauen;Deutsche;12000000;Brandenburg;Anerkannter Berufsabschluss;273.660
Dez 23;Frauen;Deutsche;12000000;Brandenburg;Akademischer Berufsabschluss;62.060
Dez 23;Frauen;Deutsche;13000000;Mecklenburg-Vorpommern;Ohne Berufsabschluss;21.160
Dez 23;Frauen;Deutsche;13000000;Mecklenburg-Vorpommern;Anerkannter Berufsabschluss;197.840
Dez 23;Frauen;Deutsche;13000000;Mecklenburg-Vorpommern;Akademischer Berufsabschluss;41.690
Dez 23;Frauen;Deutsche;14000000;Sachsen;Ohne Berufsabschluss;49.400
Dez 23;Frauen;Deutsche;14000000;Sachsen;Anerkannter Berufsabschluss;515.340
Dez 23;Frauen;Deutsche;14000000;Sachsen;Akademischer Berufsabschluss;146.920
Dez 23;Frauen;Deutsche;15000000;Sachsen-Anhalt;Ohne Berufsabschluss;24.800
Dez 23;Frauen;Deutsche;15000000;Sachsen-Anhalt;Anerkannter Berufsabschluss;274.630
Dez 23;Frauen;Deutsche;15000000;Sachsen-Anhalt;Akademischer Berufsabschluss;54.110
Dez 23;Frauen;Deutsche;16000000;Thüringen;Ohne Berufsabschluss;22.690
Dez 23;Frauen;Deutsche;16000000;Thüringen;Anerkannter Berufsabschluss;265.300
Dez 23;Frauen;Deutsche;16000000;Thüringen;Akademischer Berufsabschluss;56.320
Nov 23;Frauen;Ausländer;1000000;Schleswig-Holstein;Ohne Berufsabschluss;10.050
Nov 23;Frauen;Ausländer;1000000;Schleswig-Holstein;Anerkannter Berufsabschluss;11.930
Nov 23;Frauen;Ausländer;1000000;Schleswig-Holstein;Akademischer Berufsabschluss;7.010
Nov 23;Frauen;Ausländer;2000000;Hamburg;Ohne Berufsabschluss;14.660
Nov 23;Frauen;Ausländer;2000000;Hamburg;Anerkannter Berufsabschluss;18.510
Nov 23;Frauen;Ausländer;2000000;Hamburg;Akademischer Berufsabschluss;19.940
Nov 23;Frauen;Ausländer;3000000;Niedersachsen;Ohne Berufsabschluss;35.200
Nov 23;Frauen;Ausländer;3000000;Niedersachsen;Anerkannter Berufsabschluss;41.630
Nov 23;Frauen;Ausländer;3000000;Niedersachsen;Akademischer Berufsabschluss;23.620
Nov 23;Frauen;Ausländer;4000000;Bremen;Ohne Berufsabschluss;4.900
Nov 23;Frauen;Ausländer;4000000;Bremen;Anerkannter Berufsabschluss;5.400
Nov 23;Frauen;Ausländer;4000000;Bremen;Akademischer Berufsabschluss;4.110
Nov 23;Frauen;Ausländer;5000000;Nordrhein-Westfalen;Ohne Berufsabschluss;109.520
Nov 23;Frauen;Ausländer;5000000;Nordrhein-Westfalen;Anerkannter Berufsabschluss;126.860
Nov 23;Frauen;Ausländer;5000000;Nordrhein-Westfalen;Akademischer Berufsabschluss;76.960
Nov 23;Frauen;Ausländer;6000000;Hessen;Ohne Berufsabschluss;46.820
Nov 23;Frauen;Ausländer;6000000;Hessen;Anerkannter Berufsabschluss;64.950
Nov 23;Frauen;Ausländer;6000000;Hessen;Akademischer Berufsabschluss;50.020
Nov 23;Frauen;Ausländer;7000000;Rheinland-Pfalz;Ohne Berufsabschluss;21.350
Nov 23;Frauen;Ausländer;7000000;Rheinland-Pfalz;Anerkannter Berufsabschluss;27.530
Nov 23;Frauen;Ausländer;7000000;Rheinland-Pfalz;Akademischer Berufsabschluss;13.640
Nov 23;Frauen;Ausländer;8000000;Baden-Württemberg;Ohne Berufsabschluss;97.420
Nov 23;Frauen;Ausländer;8000000;Baden-Württemberg;Anerkannter Berufsabschluss;142.020
Nov 23;Frauen;Ausländer;8000000;Baden-Württemberg;Akademischer Berufsabschluss;72.100
Nov 23;Frauen;Ausländer;9000000;Bayern;Ohne Berufsabschluss;95.090
Nov 23;Frauen;Ausländer;9000000;Bayern;Anerkannter Berufsabschluss;151.980
Nov 23;Frauen;Ausländer;9000000;Bayern;Akademischer Berufsabschluss;104.920
Nov 23;Frauen;Ausländer;10000000;Saarland;Ohne Berufsabschluss;5.570
Nov 23;Frauen;Ausländer;10000000;Saarland;Anerkannter Berufsabschluss;7.810
Nov 23;Frauen;Ausländer;10000000;Saarland;Akademischer Berufsabschluss;3.580
Nov 23;Frauen;Ausländer;11000000;Berlin;Ohne Berufsabschluss;22.420
Nov 23;Frauen;Ausländer;11000000;Berlin;Anerkannter Berufsabschluss;28.680
Nov 23;Frauen;Ausländer;11000000;Berlin;Akademischer Berufsabschluss;59.130
Nov 23;Frauen;Ausländer;12000000;Brandenburg;Ohne Berufsabschluss;6.080
Nov 23;Frauen;Ausländer;12000000;Brandenburg;Anerkannter Berufsabschluss;9.560
Nov 23;Frauen;Ausländer;12000000;Brandenburg;Akademischer Berufsabschluss;8.740
Nov 23;Frauen;Ausländer;13000000;Mecklenburg-Vorpommern;Ohne Berufsabschluss;2.520
Nov 23;Frauen;Ausländer;13000000;Mecklenburg-Vorpommern;Anerkannter Berufsabschluss;4.090
Nov 23;Frauen;Ausländer;13000000;Mecklenburg-Vorpommern;Akademischer Berufsabschluss;3.610
Nov 23;Frauen;Ausländer;14000000;Sachsen;Ohne Berufsabschluss;8.020
Nov 23;Frauen;Ausländer;14000000;Sachsen;Anerkannter Berufsabschluss;14.980
Nov 23;Frauen;Ausländer;14000000;Sachsen;Akademischer Berufsabschluss;14.900
Nov 23;Frauen;Ausländer;15000000;Sachsen-Anhalt;Ohne Berufsabschluss;3.970
Nov 23;Frauen;Ausländer;15000000;Sachsen-Anhalt;Anerkannter Berufsabschluss;4.990
Nov 23;Frauen;Ausländer;15000000;Sachsen-Anhalt;Akademischer Berufsabschluss;4.640
Nov 23;Frauen;Ausländer;16000000;Thüringen;Ohne Berufsabschluss;6.020
Nov 23;Frauen;Ausländer;16000000;Thüringen;Anerkannter Berufsabschluss;7.350
Nov 23;Frauen;Ausländer;16000000;Thüringen;Akademischer Berufsabschluss;5.580
Nov 23;Frauen;Deutsche;1000000;Schleswig-Holstein;Ohne Berufsabschluss;49.960
Nov 23;Frauen;Deutsche;1000000;Schleswig-Holstein;Anerkannter Berufsabschluss;323.380
Nov 23;Frauen;Deutsche;1000000;Schleswig-Holstein;Akademischer Berufsabschluss;68.900
Nov 23;Frauen;Deutsche;2000000;Hamburg;Ohne Berufsabschluss;42.230
Nov 23;Frauen;Deutsche;2000000;Hamburg;Anerkannter Berufsabschluss;229.180
Nov 23;Frauen;Deutsche;2000000;Hamburg;Akademischer Berufsabschluss;129.250
Nov 23;Frauen;Deutsche;3000000;Niedersachsen;Ohne Berufsabschluss;140.870
Nov 23;Frauen;Deutsche;3000000;Niedersachsen;Anerkannter Berufsabschluss;913.500
Nov 23;Frauen;Deutsche;3000000;Niedersachsen;Akademischer Berufsabschluss;200.710
Nov 23;Frauen;Deutsche;4000000;Bremen;Ohne Berufsabschluss;15.440
Nov 23;Frauen;Deutsche;4000000;Bremen;Anerkannter Berufsabschluss;82.910
Nov 23;Frauen;Deutsche;4000000;Bremen;Akademischer Berufsabschluss;28.940
Nov 23;Frauen;Deutsche;5000000;Nordrhein-Westfalen;Ohne Berufsabschluss;365.400
Nov 23;Frauen;Deutsche;5000000;Nordrhein-Westfalen;Anerkannter Berufsabschluss;1.865.890
Nov 23;Frauen;Deutsche;5000000;Nordrhein-Westfalen;Akademischer Berufsabschluss;552.770
Nov 23;Frauen;Deutsche;6000000;Hessen;Ohne Berufsabschluss;113.240
Nov 23;Frauen;Deutsche;6000000;Hessen;Anerkannter Berufsabschluss;641.020
Nov 23;Frauen;Deutsche;6000000;Hessen;Akademischer Berufsabschluss;244.790
Nov 23;Frauen;Deutsche;7000000;Rheinland-Pfalz;Ohne Berufsabschluss;73.160
Nov 23;Frauen;Deutsche;7000000;Rheinland-Pfalz;Anerkannter Berufsabschluss;424.690
Nov 23;Frauen;Deutsche;7000000;Rheinland-Pfalz;Akademischer Berufsabschluss;92.350
Nov 23;Frauen;Deutsche;8000000;Baden-Württemberg;Ohne Berufsabschluss;210.120
Nov 23;Frauen;Deutsche;8000000;Baden-Württemberg;Anerkannter Berufsabschluss;1.218.730
Nov 23;Frauen;Deutsche;8000000;Baden-Württemberg;Akademischer Berufsabschluss;385.840
Nov 23;Frauen;Deutsche;9000000;Bayern;Ohne Berufsabschluss;216.550
Nov 23;Frauen;Deutsche;9000000;Bayern;Anerkannter Berufsabschluss;1.550.680
Nov 23;Frauen;Deutsche;9000000;Bayern;Akademischer Berufsabschluss;458.520
Nov 23;Frauen;Deutsche;10000000;Saarland;Ohne Berufsabschluss;18.870
Nov 23;Frauen;Deutsche;10000000;Saarland;Anerkannter Berufsabschluss;111.750
Nov 23;Frauen;Deutsche;10000000;Saarland;Akademischer Berufsabschluss;22.950
Nov 23;Frauen;Deutsche;11000000;Berlin;Ohne Berufsabschluss;64.720
Nov 23;Frauen;Deutsche;11000000;Berlin;Anerkannter Berufsabschluss;343.650
Nov 23;Frauen;Deutsche;11000000;Berlin;Akademischer Berufsabschluss;225.770
Nov 23;Frauen;Deutsche;12000000;Brandenburg;Ohne Berufsabschluss;28.930
Nov 23;Frauen;Deutsche;12000000;Brandenburg;Anerkannter Berufsabschluss;274.660
Nov 23;Frauen;Deutsche;12000000;Brandenburg;Akademischer Berufsabschluss;62.080
Nov 23;Frauen;Deutsche;13000000;Mecklenburg-Vorpommern;Ohne Berufsabschluss;21.390
Nov 23;Frauen;Deutsche;13000000;Mecklenburg-Vorpommern;Anerkannter Berufsabschluss;199.160
Nov 23;Frauen;Deutsche;13000000;Mecklenburg-Vorpommern;Akademischer Berufsabschluss;41.790
Nov 23;Frauen;Deutsche;14000000;Sachsen;Ohne Berufsabschluss;49.820
Nov 23;Frauen;Deutsche;14000000;Sachsen;Anerkannter Berufsabschluss;517.240
Nov 23;Frauen;Deutsche;14000000;Sachsen;Akademischer Berufsabschluss;147.040
Nov 23;Frauen;Deutsche;15000000;Sachsen-Anhalt;Ohne Berufsabschluss;24.890
Nov 23;Frauen;Deutsche;15000000;Sachsen-Anhalt;Anerkannter Berufsabschluss;275.810
Nov 23;Frauen;Deutsche;15000000;Sachsen-Anhalt;Akademischer Berufsabschluss;54.140
Nov 23;Frauen;Deutsche;16000000;Thüringen;Ohne Berufsabschluss;22.940
Nov 23;Frauen;Deutsche;16000000;Thüringen;Anerkannter Berufsabschluss;266.380
Nov 23;Frauen;Deutsche;16000000;Thüringen;Akademischer Berufsabschluss;56.410
Okt 23;Frauen;Ausländer;1000000;Schleswig-Holstein;Ohne Berufsabschluss;10.080
Okt 23;Frauen;Ausländer;1000000;Schleswig-Holstein;Anerkannter Berufsabschluss;11.920
Okt 23;Frauen;Ausländer;1000000;Schleswig-Holstein;Akademischer Berufsabschluss;6.930
Okt 23;Frauen;Ausländer;2000000;Hamburg;Ohne Berufsabschluss;14.590
Okt 23;Frauen;Ausländer;2000000;Hamburg;Anerkannter Berufsabschluss;18.340
Okt 23;Frauen;Ausländer;2000000;Hamburg;Akademischer Berufsabschluss;19.700
Okt 23;Frauen;Ausländer;3000000;Niedersachsen;Ohne Berufsabschluss;35.120
Okt 23;Frauen;Ausländer;3000000;Niedersachsen;Anerkannter Berufsabschluss;41.590
Okt 23;Frauen;Ausländer;3000000;Niedersachsen;Akademischer Berufsabschluss;23.350
Okt 23;Frauen;Ausländer;4000000;Bremen;Ohne Berufsabschluss;4.820
Okt 23;Frauen;Ausländer;4000000;Bremen;Anerkannter Berufsabschluss;5.350
Okt 23;Frauen;Ausländer;4000000;Bremen;Akademischer Berufsabschluss;4.050
Okt 23;Frauen;Ausländer;5000000;Nordrhein-Westfalen;Ohne Berufsabschluss;108.940
Okt 23;Frauen;Ausländer;5000000;Nordrhein-Westfalen;Anerkannter Berufsabschluss;126.410
Okt 23;Frauen;Ausländer;5000000;Nordrhein-Westfalen;Akademischer Berufsabschluss;75.910
Okt 23;Frauen;Ausländer;6000000;Hessen;Ohne Berufsabschluss;46.690
Okt 23;Frauen;Ausländer;6000000;Hessen;Anerkannter Berufsabschluss;64.710
Okt 23;Frauen;Ausländer;6000000;Hessen;Akademischer Berufsabschluss;49.370
Okt 23;Frauen;Ausländer;7000000;Rheinland-Pfalz;Ohne Berufsabschluss;21.330
Okt 23;Frauen;Ausländer;7000000;Rheinland-Pfalz;Anerkannter Berufsabschluss;27.430
Okt 23;Frauen;Ausländer;7000000;Rheinland-Pfalz;Akademischer Berufsabschluss;13.460
Okt 23;Frauen;Ausländer;8000000;Baden-Württemberg;Ohne Berufsabschluss;97.330
Okt 23;Frauen;Ausländer;8000000;Baden-Württemberg;Anerkannter Berufsabschluss;141.410
Okt 23;Frauen;Ausländer;8000000;Baden-Württemberg;Akademischer Berufsabschluss;71.390
Okt 23;Frauen;Ausländer;9000000;Bayern;Ohne Berufsabschluss;94.890
Okt 23;Frauen;Ausländer;9000000;Bayern;Anerkannter Berufsabschluss;151.600
Okt 23;Frauen;Ausländer;9000000;Bayern;Akademischer Berufsabschluss;103.840
Okt 23;Frauen;Ausländer;10000000;Saarland;Ohne Berufsabschluss;5.510
Okt 23;Frauen;Ausländer;10000000;Saarland;Anerkannter Berufsabschluss;7.770
Okt 23;Frauen;Ausländer;10000000;Saarland;Akademischer Berufsabschluss;3.530
Okt 23;Frauen;Ausländer;11000000;Berlin;Ohne Berufsabschluss;22.060
Okt 23;Frauen;Ausländer;11000000;Berlin;Anerkannter Berufsabschluss;28.360
Okt 23;Frauen;Ausländer;11000000;Berlin;Akademischer Berufsabschluss;58.760
Okt 23;Frauen;Ausländer;12000000;Brandenburg;Ohne Berufsabschluss;5.940
Okt 23;Frauen;Ausländer;12000000;Brandenburg;Anerkannter Berufsabschluss;9.470
Okt 23;Frauen;Ausländer;12000000;Brandenburg;Akademischer Berufsabschluss;8.600
Okt 23;Frauen;Ausländer;13000000;Mecklenburg-Vorpommern;Ohne Berufsabschluss;2.580
Okt 23;Frauen;Ausländer;13000000;Mecklenburg-Vorpommern;Anerkannter Berufsabschluss;4.210
Okt 23;Frauen;Ausländer;13000000;Mecklenburg-Vorpommern;Akademischer Berufsabschluss;3.610
Okt 23;Frauen;Ausländer;14000000;Sachsen;Ohne Berufsabschluss;7.950
Okt 23;Frauen;Ausländer;14000000;Sachsen;Anerkannter Berufsabschluss;14.880
Okt 23;Frauen;Ausländer;14000000;Sachsen;Akademischer Berufsabschluss;14.660
Okt 23;Frauen;Ausländer;15000000;Sachsen-Anhalt;Ohne Berufsabschluss;3.920
Okt 23;Frauen;Ausländer;15000000;Sachsen-Anhalt;Anerkannter Berufsabschluss;4.910
Okt 23;Frauen;Ausländer;15000000;Sachsen-Anhalt;Akademischer Berufsabschluss;4.560
Okt 23;Frauen;Ausländer;16000000;Thüringen;Ohne Berufsabschluss;5.950
Okt 23;Frauen;Ausländer;16000000;Thüringen;Anerkannter Berufsabschluss;7.310
Okt 23;Frauen;Ausländer;16000000;Thüringen;Akademischer Berufsabschluss;5.480
Okt 23;Frauen;Deutsche;1000000;Schleswig-Holstein;Ohne Berufsabschluss;50.040
Okt 23;Frauen;Deutsche;1000000;Schleswig-Holstein;Anerkannter Berufsabschluss;323.550
Okt 23;Frauen;Deutsche;1000000;Schleswig-Holstein;Akademischer Berufsabschluss;68.480
Okt 23;Frauen;Deutsche;2000000;Hamburg;Ohne Berufsabschluss;42.100
Okt 23;Frauen;Deutsche;2000000;Hamburg;Anerkannter Berufsabschluss;229.020
Okt 23;Frauen;Deutsche;2000000;Hamburg;Akademischer Berufsabschluss;128.160
Okt 23;Frauen;Deutsche;3000000;Niedersachsen;Ohne Berufsabschluss;141.020
Okt 23;Frauen;Deutsche;3000000;Niedersachsen;Anerkannter Berufsabschluss;913.790
Okt 23;Frauen;Deutsche;3000000;Niedersachsen;Akademischer Berufsabschluss;199.510
Okt 23;Frauen;Deutsche;4000000;Bremen;Ohne Berufsabschluss;15.410
Okt 23;Frauen;Deutsche;4000000;Bremen;Anerkannter Berufsabschluss;82.700
Okt 23;Frauen;Deutsche;4000000;Bremen;Akademischer Berufsabschluss;28.620
Okt 23;Frauen;Deutsche;5000000;Nordrhein-Westfalen;Ohne Berufsabschluss;366.140
Okt 23;Frauen;Deutsche;5000000;Nordrhein-Westfalen;Anerkannter Berufsabschluss;1.865.540
Okt 23;Frauen;Deutsche;5000000;Nordrhein-Westfalen;Akademischer Berufsabschluss;549.060
Okt 23;Frauen;Deutsche;6000000;Hessen;Ohne Berufsabschluss;113.130
Okt 23;Frauen;Deutsche;6000000;Hessen;Anerkannter Berufsabschluss;641.000
Okt 23;Frauen;Deutsche;6000000;Hessen;Akademischer Berufsabschluss;243.490
Okt 23;Frauen;Deutsche;7000000;Rheinland-Pfalz;Ohne Berufsabschluss;73.310
Okt 23;Frauen;Deutsche;7000000;Rheinland-Pfalz;Anerkannter Berufsabschluss;425.040
Okt 23;Frauen;Deutsche;7000000;Rheinland-Pfalz;Akademischer Berufsabschluss;91.770
Okt 23;Frauen;Deutsche;8000000;Baden-Württemberg;Ohne Berufsabschluss;210.220
Okt 23;Frauen;Deutsche;8000000;Baden-Württemberg;Anerkannter Berufsabschluss;1.219.130
Okt 23;Frauen;Deutsche;8000000;Baden-Württemberg;Akademischer Berufsabschluss;383.300
Okt 23;Frauen;Deutsche;9000000;Bayern;Ohne Berufsabschluss;217.050
Okt 23;Frauen;Deutsche;9000000;Bayern;Anerkannter Berufsabschluss;1.552.350
Okt 23;Frauen;Deutsche;9000000;Bayern;Akademischer Berufsabschluss;456.050
Okt 23;Frauen;Deutsche;10000000;Saarland;Ohne Berufsabschluss;18.910
Okt 23;Frauen;Deutsche;10000000;Saarland;Anerkannter Berufsabschluss;111.680
Okt 23;Frauen;Deutsche;10000000;Saarland;Akademischer Berufsabschluss;22.830
Okt 23;Frauen;Deutsche;11000000;Berlin;Ohne Berufsabschluss;64.390
Okt 23;Frauen;Deutsche;11000000;Berlin;Anerkannter Berufsabschluss;343.490
Okt 23;Frauen;Deutsche;11000000;Berlin;Akademischer Berufsabschluss;224.390
Okt 23;Frauen;Deutsche;12000000;Brandenburg;Ohne Berufsabschluss;28.900
Okt 23;Frauen;Deutsche;12000000;Brandenburg;Anerkannter Berufsabschluss;275.020
Okt 23;Frauen;Deutsche;12000000;Brandenburg;Akademischer Berufsabschluss;61.810
Okt 23;Frauen;Deutsche;13000000;Mecklenburg-Vorpommern;Ohne Berufsabschluss;21.510
Okt 23;Frauen;Deutsche;13000000;Mecklenburg-Vorpommern;Anerkannter Berufsabschluss;200.250
Okt 23;Frauen;Deutsche;13000000;Mecklenburg-Vorpommern;Akademischer Berufsabschluss;41.660
Okt 23;Frauen;Deutsche;14000000;Sachsen;Ohne Berufsabschluss;49.760
Okt 23;Frauen;Deutsche;14000000;Sachsen;Anerkannter Berufsabschluss;517.920
Okt 23;Frauen;Deutsche;14000000;Sachsen;Akademischer Berufsabschluss;146.410
Okt 23;Frauen;Deutsche;15000000;Sachsen-Anhalt;Ohne Berufsabschluss;24.880
Okt 23;Frauen;Deutsche;15000000;Sachsen-Anhalt;Anerkannter Berufsabschluss;275.970
Okt 23;Frauen;Deutsche;15000000;Sachsen-Anhalt;Akademischer Berufsabschluss;53.710
Okt 23;Frauen;Deutsche;16000000;Thüringen;Ohne Berufsabschluss;23.000
Okt 23;Frauen;Deutsche;16000000;Thüringen;Anerkannter Berufsabschluss;266.960
Okt 23;Frauen;Deutsche;16000000;Thüringen;Akademischer Berufsabschluss;56.170
Sep 23;Frauen;Ausländer;1000000;Schleswig-Holstein;Ohne Berufsabschluss;9.910
Sep 23;Frauen;Ausländer;1000000;Schleswig-Holstein;Anerkannter Berufsabschluss;11.870
Sep 23;Frauen;Ausländer;1000000;Schleswig-Holstein;Akademischer Berufsabschluss;6.880
Sep 23;Frauen;Ausländer;2000000;Hamburg;Ohne Berufsabschluss;14.420
Sep 23;Frauen;Ausländer;2000000;Hamburg;Anerkannter Berufsabschluss;18.210
Sep 23;Frauen;Ausländer;2000000;Hamburg;Akademischer Berufsabschluss;19.500
Sep 23;Frauen;Ausländer;3000000;Niedersachsen;Ohne Berufsabschluss;34.920
Sep 23;Frauen;Ausländer;3000000;Niedersachsen;Anerkannter Berufsabschluss;41.450
Sep 23;Frauen;Ausländer;3000000;Niedersachsen;Akademischer Berufsabschluss;23.030
Sep 23;Frauen;Ausländer;4000000;Bremen;Ohne Berufsabschluss;4.740
Sep 23;Frauen;Ausländer;4000000;Bremen;Anerkannter Berufsabschluss;5.320
Sep 23;Frauen;Ausländer;4000000;Bremen;Akademischer Berufsabschluss;4.080
Sep 23;Frauen;Ausländer;5000000;Nordrhein-Westfalen;Ohne Berufsabschluss;107.410
Sep 23;Frauen;Ausländer;5000000;Nordrhein-Westfalen;Anerkannter Berufsabschluss;125.870
Sep 23;Frauen;Ausländer;5000000;Nordrhein-Westfalen;Akademischer Berufsabschluss;75.100
Sep 23;Frauen;Ausländer;6000000;Hessen;Ohne Berufsabschluss;46.050
Sep 23;Frauen;Ausländer;6000000;Hessen;Anerkannter Berufsabschluss;64.490
Sep 23;Frauen;Ausländer;6000000;Hessen;Akademischer Berufsabschluss;48.860
Sep 23;Frauen;Ausländer;7000000;Rheinland-Pfalz;Ohne Berufsabschluss;21.080
Sep 23;Frauen;Ausländer;7000000;Rheinland-Pfalz;Anerkannter Berufsabschluss;27.410
Sep 23;Frauen;Ausländer;7000000;Rheinland-Pfalz;Akademischer Berufsabschluss;13.270
Sep 23;Frauen;Ausländer;8000000;Baden-Württemberg;Ohne Berufsabschluss;96.390
Sep 23;Frauen;Ausländer;8000000;Baden-Württemberg;Anerkannter Berufsabschluss;141.070
Sep 23;Frauen;Ausländer;8000000;Baden-Württemberg;Akademischer Berufsabschluss;70.480
Sep 23;Frauen;Ausländer;9000000;Bayern;Ohne Berufsabschluss;94.230
Sep 23;Frauen;Ausländer;9000000;Bayern;Anerkannter Berufsabschluss;150.770
Sep 23;Frauen;Ausländer;9000000;Bayern;Akademischer Berufsabschluss;102.780
Sep 23;Frauen;Ausländer;10000000;Saarland;Ohne Berufsabschluss;5.310
Sep 23;Frauen;Ausländer;10000000;Saarland;Anerkannter Berufsabschluss;7.710
Sep 23;Frauen;Ausländer;10000000;Saarland;Akademischer Berufsabschluss;3.460
Sep 23;Frauen;Ausländer;11000000;Berlin;Ohne Berufsabschluss;21.730
Sep 23;Frauen;Ausländer;11000000;Berlin;Anerkannter Berufsabschluss;28.180
Sep 23;Frauen;Ausländer;11000000;Berlin;Akademischer Berufsabschluss;58.400
Sep 23;Frauen;Ausländer;12000000;Brandenburg;Ohne Berufsabschluss;5.760
Sep 23;Frauen;Ausländer;12000000;Brandenburg;Anerkannter Berufsabschluss;9.420
Sep 23;Frauen;Ausländer;12000000;Brandenburg;Akademischer Berufsabschluss;8.470
Sep 23;Frauen;Ausländer;13000000;Mecklenburg-Vorpommern;Ohne Berufsabschluss;2.590
Sep 23;Frauen;Ausländer;13000000;Mecklenburg-Vorpommern;Anerkannter Berufsabschluss;4.230
Sep 23;Frauen;Ausländer;13000000;Mecklenburg-Vorpommern;Akademischer Berufsabschluss;3.600
Sep 23;Frauen;Ausländer;14000000;Sachsen;Ohne Berufsabschluss;7.810
Sep 23;Frauen;Ausländer;14000000;Sachsen;Anerkannter Berufsabschluss;14.730
Sep 23;Frauen;Ausländer;14000000;Sachsen;Akademischer Berufsabschluss;14.500
Sep 23;Frauen;Ausländer;15000000;Sachsen-Anhalt;Ohne Berufsabschluss;3.840
Sep 23;Frauen;Ausländer;15000000;Sachsen-Anhalt;Anerkannter Berufsabschluss;4.850
Sep 23;Frauen;Ausländer;15000000;Sachsen-Anhalt;Akademischer Berufsabschluss;4.530
Sep 23;Frauen;Ausländer;16000000;Thüringen;Ohne Berufsabschluss;5.940
Sep 23;Frauen;Ausländer;16000000;Thüringen;Anerkannter Berufsabschluss;7.320
Sep 23;Frauen;Ausländer;16000000;Thüringen;Akademischer Berufsabschluss;5.460
Sep 23;Frauen;Deutsche;1000000;Schleswig-Holstein;Ohne Berufsabschluss;49.840
Sep 23;Frauen;Deutsche;1000000;Schleswig-Holstein;Anerkannter Berufsabschluss;324.100
Sep 23;Frauen;Deutsche;1000000;Schleswig-Holstein;Akademischer Berufsabschluss;68.170
Sep 23;Frauen;Deutsche;2000000;Hamburg;Ohne Berufsabschluss;41.810
Sep 23;Frauen;Deutsche;2000000;Hamburg;Anerkannter Berufsabschluss;229.190
Sep 23;Frauen;Deutsche;2000000;Hamburg;Akademischer Berufsabschluss;127.770
Sep 23;Frauen;Deutsche;3000000;Niedersachsen;Ohne Berufsabschluss;140.660
Sep 23;Frauen;Deutsche;3000000;Niedersachsen;Anerkannter Berufsabschluss;914.860
Sep 23;Frauen;Deutsche;3000000;Niedersachsen;Akademischer Berufsabschluss;198.350
Sep 23;Frauen;Deutsche;4000000;Bremen;Ohne Berufsabschluss;15.390
Sep 23;Frauen;Deutsche;4000000;Bremen;Anerkannter Berufsabschluss;83.040
Sep 23;Frauen;Deutsche;4000000;Bremen;Akademischer Berufsabschluss;28.570
Sep 23;Frauen;Deutsche;5000000;Nordrhein-Westfalen;Ohne Berufsabschluss;363.490
Sep 23;Frauen;Deutsche;5000000;Nordrhein-Westfalen;Anerkannter Berufsabschluss;1.866.760
Sep 23;Frauen;Deutsche;5000000;Nordrhein-Westfalen;Akademischer Berufsabschluss;546.250
Sep 23;Frauen;Deutsche;6000000;Hessen;Ohne Berufsabschluss;111.850
Sep 23;Frauen;Deutsche;6000000;Hessen;Anerkannter Berufsabschluss;641.500
Sep 23;Frauen;Deutsche;6000000;Hessen;Akademischer Berufsabschluss;242.520
Sep 23;Frauen;Deutsche;7000000;Rheinland-Pfalz;Ohne Berufsabschluss;72.850
Sep 23;Frauen;Deutsche;7000000;Rheinland-Pfalz;Anerkannter Berufsabschluss;425.380
Sep 23;Frauen;Deutsche;7000000;Rheinland-Pfalz;Akademischer Berufsabschluss;91.330
Sep 23;Frauen;Deutsche;8000000;Baden-Württemberg;Ohne Berufsabschluss;207.530
Sep 23;Frauen;Deutsche;8000000;Baden-Württemberg;Anerkannter Berufsabschluss;1.219.800
Sep 23;Frauen;Deutsche;8000000;Baden-Württemberg;Akademischer Berufsabschluss;381.290
Sep 23;Frauen;Deutsche;9000000;Bayern;Ohne Berufsabschluss;217.050
Sep 23;Frauen;Deutsche;9000000;Bayern;Anerkannter Berufsabschluss;1.552.560
Sep 23;Frauen;Deutsche;9000000;Bayern;Akademischer Berufsabschluss;453.610
Sep 23;Frauen;Deutsche;10000000;Saarland;Ohne Berufsabschluss;18.620
Sep 23;Frauen;Deutsche;10000000;Saarland;Anerkannter Berufsabschluss;111.750
Sep 23;Frauen;Deutsche;10000000;Saarland;Akademischer Berufsabschluss;22.710
Sep 23;Frauen;Deutsche;11000000;Berlin;Ohne Berufsabschluss;63.750
Sep 23;Frauen;Deutsche;11000000;Berlin;Anerkannter Berufsabschluss;343.870
Sep 23;Frauen;Deutsche;11000000;Berlin;Akademischer Berufsabschluss;223.800
Sep 23;Frauen;Deutsche;12000000;Brandenburg;Ohne Berufsabschluss;28.090
Sep 23;Frauen;Deutsche;12000000;Brandenburg;Anerkannter Berufsabschluss;275.500
Sep 23;Frauen;Deutsche;12000000;Brandenburg;Akademischer Berufsabschluss;61.620
Sep 23;Frauen;Deutsche;13000000;Mecklenburg-Vorpommern;Ohne Berufsabschluss;21.560
Sep 23;Frauen;Deutsche;13000000;Mecklenburg-Vorpommern;Anerkannter Berufsabschluss;200.840
Sep 23;Frauen;Deutsche;13000000;Mecklenburg-Vorpommern;Akademischer Berufsabschluss;41.540
Sep 23;Frauen;Deutsche;14000000;Sachsen;Ohne Berufsabschluss;49.370
Sep 23;Frauen;Deutsche;14000000;Sachsen;Anerkannter Berufsabschluss;518.100
Sep 23;Frauen;Deutsche;14000000;Sachsen;Akademischer Berufsabschluss;146.260
Sep 23;Frauen;Deutsche;15000000;Sachsen-Anhalt;Ohne Berufsabschluss;24.860
Sep 23;Frauen;Deutsche;15000000;Sachsen-Anhalt;Anerkannter Berufsabschluss;276.970
Sep 23;Frauen;Deutsche;15000000;Sachsen-Anhalt;Akademischer Berufsabschluss;53.710
Sep 23;Frauen;Deutsche;16000000;Thüringen;Ohne Berufsabschluss;22.890
Sep 23;Frauen;Deutsche;16000000;Thüringen;Anerkannter Berufsabschluss;267.740
Sep 23;Frauen;Deutsche;16000000;Thüringen;Akademischer Berufsabschluss;56.180
Aug 23;Frauen;Ausländer;1000000;Schleswig-Holstein;Ohne Berufsabschluss;9.700
Aug 23;Frauen;Ausländer;1000000;Schleswig-Holstein;Anerkannter Berufsabschluss;11.720
Aug 23;Frauen;Ausländer;1000000;Schleswig-Holstein;Akademischer Berufsabschluss;6.760
Aug 23;Frauen;Ausländer;2000000;Hamburg;Ohne Berufsabschluss;14.240
Aug 23;Frauen;Ausländer;2000000;Hamburg;Anerkannter Berufsabschluss;18.030
Aug 23;Frauen;Ausländer;2000000;Hamburg;Akademischer Berufsabschluss;19.290
Aug 23;Frauen;Ausländer;3000000;Niedersachsen;Ohne Berufsabschluss;34.310
Aug 23;Frauen;Ausländer;3000000;Niedersachsen;Anerkannter Berufsabschluss;40.870
Aug 23;Frauen;Ausländer;3000000;Niedersachsen;Akademischer Berufsabschluss;22.740
Aug 23;Frauen;Ausländer;4000000;Bremen;Ohne Berufsabschluss;4.700
Aug 23;Frauen;Ausländer;4000000;Bremen;Anerkannter Berufsabschluss;5.290
Aug 23;Frauen;Ausländer;4000000;Bremen;Akademischer Berufsabschluss;4.030
Aug 23;Frauen;Ausländer;5000000;Nordrhein-Westfalen;Ohne Berufsabschluss;105.900
Aug 23;Frauen;Ausländer;5000000;Nordrhein-Westfalen;Anerkannter Berufsabschluss;124.810
Aug 23;Frauen;Ausländer;5000000;Nordrhein-Westfalen;Akademischer Berufsabschluss;74.060
Aug 23;Frauen;Ausländer;6000000;Hessen;Ohne Berufsabschluss;45.140
Aug 23;Frauen;Ausländer;6000000;Hessen;Anerkannter Berufsabschluss;63.870
Aug 23;Frauen;Ausländer;6000000;Hessen;Akademischer Berufsabschluss;48.070
Aug 23;Frauen;Ausländer;7000000;Rheinland-Pfalz;Ohne Berufsabschluss;20.450
Aug 23;Frauen;Ausländer;7000000;Rheinland-Pfalz;Anerkannter Berufsabschluss;27.050
Aug 23;Frauen;Ausländer;7000000;Rheinland-Pfalz;Akademischer Berufsabschluss;13.130
Aug 23;Frauen;Ausländer;8000000;Baden-Württemberg;Ohne Berufsabschluss;93.400
Aug 23;Frauen;Ausländer;8000000;Baden-Württemberg;Anerkannter Berufsabschluss;139.870
Aug 23;Frauen;Ausländer;8000000;Baden-Württemberg;Akademischer Berufsabschluss;69.290
Aug 23;Frauen;Ausländer;9000000;Bayern;Ohne Berufsabschluss;89.910
Aug 23;Frauen;Ausländer;9000000;Bayern;Anerkannter Berufsabschluss;149.330
Aug 23;Frauen;Ausländer;9000000;Bayern;Akademischer Berufsabschluss;101.260
Aug 23;Frauen;Ausländer;10000000;Saarland;Ohne Berufsabschluss;5.200
Aug 23;Frauen;Ausländer;10000000;Saarland;Anerkannter Berufsabschluss;7.610
Aug 23;Frauen;Ausländer;10000000;Saarland;Akademischer Berufsabschluss;3.390
Aug 23;Frauen;Ausländer;11000000;Berlin;Ohne Berufsabschluss;21.390
Aug 23;Frauen;Ausländer;11000000;Berlin;Anerkannter Berufsabschluss;27.840
Aug 23;Frauen;Ausländer;11000000;Berlin;Akademischer Berufsabschluss;57.670
Aug 23;Frauen;Ausländer;12000000;Brandenburg;Ohne Berufsabschluss;5.670
Aug 23;Frauen;Ausländer;12000000;Brandenburg;Anerkannter Berufsabschluss;9.350
Aug 23;Frauen;Ausländer;12000000;Brandenburg;Akademischer Berufsabschluss;8.370
Aug 23;Frauen;Ausländer;13000000;Mecklenburg-Vorpommern;Ohne Berufsabschluss;2.480
Aug 23;Frauen;Ausländer;13000000;Mecklenburg-Vorpommern;Anerkannter Berufsabschluss;4.210
Aug 23;Frauen;Ausländer;13000000;Mecklenburg-Vorpommern;Akademischer Berufsabschluss;3.560
Aug 23;Frauen;Ausländer;14000000;Sachsen;Ohne Berufsabschluss;7.440
Aug 23;Frauen;Ausländer;14000000;Sachsen;Anerkannter Berufsabschluss;14.580
Aug 23;Frauen;Ausländer;14000000;Sachsen;Akademischer Berufsabschluss;14.360
Aug 23;Frauen;Ausländer;15000000;Sachsen-Anhalt;Ohne Berufsabschluss;3.650
Aug 23;Frauen;Ausländer;15000000;Sachsen-Anhalt;Anerkannter Berufsabschluss;4.790
Aug 23;Frauen;Ausländer;15000000;Sachsen-Anhalt;Akademischer Berufsabschluss;4.420
Aug 23;Frauen;Ausländer;16000000;Thüringen;Ohne Berufsabschluss;5.610
Aug 23;Frauen;Ausländer;16000000;Thüringen;Anerkannter Berufsabschluss;7.170
Aug 23;Frauen;Ausländer;16000000;Thüringen;Akademischer Berufsabschluss;5.370
Aug 23;Frauen;Deutsche;1000000;Schleswig-Holstein;Ohne Berufsabschluss;48.890
Aug 23;Frauen;Deutsche;1000000;Schleswig-Holstein;Anerkannter Berufsabschluss;323.010
Aug 23;Frauen;Deutsche;1000000;Schleswig-Holstein;Akademischer Berufsabschluss;67.580
Aug 23;Frauen;Deutsche;2000000;Hamburg;Ohne Berufsabschluss;41.500
Aug 23;Frauen;Deutsche;2000000;Hamburg;Anerkannter Berufsabschluss;228.770
Aug 23;Frauen;Deutsche;2000000;Hamburg;Akademischer Berufsabschluss;127.280
Aug 23;Frauen;Deutsche;3000000;Niedersachsen;Ohne Berufsabschluss;139.560
Aug 23;Frauen;Deutsche;3000000;Niedersachsen;Anerkannter Berufsabschluss;913.420
Aug 23;Frauen;Deutsche;3000000;Niedersachsen;Akademischer Berufsabschluss;197.070
Aug 23;Frauen;Deutsche;4000000;Bremen;Ohne Berufsabschluss;15.070
Aug 23;Frauen;Deutsche;4000000;Bremen;Anerkannter Berufsabschluss;82.930
Aug 23;Frauen;Deutsche;4000000;Bremen;Akademischer Berufsabschluss;28.430
Aug 23;Frauen;Deutsche;5000000;Nordrhein-Westfalen;Ohne Berufsabschluss;360.530
Aug 23;Frauen;Deutsche;5000000;Nordrhein-Westfalen;Anerkannter Berufsabschluss;1.863.270
Aug 23;Frauen;Deutsche;5000000;Nordrhein-Westfalen;Akademischer Berufsabschluss;543.340
Aug 23;Frauen;Deutsche;6000000;Hessen;Ohne Berufsabschluss;107.910
Aug 23;Frauen;Deutsche;6000000;Hessen;Anerkannter Berufsabschluss;639.190
Aug 23;Frauen;Deutsche;6000000;Hessen;Akademischer Berufsabschluss;240.800
Aug 23;Frauen;Deutsche;7000000;Rheinland-Pfalz;Ohne Berufsabschluss;70.560
Aug 23;Frauen;Deutsche;7000000;Rheinland-Pfalz;Anerkannter Berufsabschluss;423.670
Aug 23;Frauen;Deutsche;7000000;Rheinland-Pfalz;Akademischer Berufsabschluss;90.650
Aug 23;Frauen;Deutsche;8000000;Baden-Württemberg;Ohne Berufsabschluss;192.510
Aug 23;Frauen;Deutsche;8000000;Baden-Württemberg;Anerkannter Berufsabschluss;1.216.740
Aug 23;Frauen;Deutsche;8000000;Baden-Württemberg;Akademischer Berufsabschluss;378.330
Aug 23;Frauen;Deutsche;9000000;Bayern;Ohne Berufsabschluss;198.540
Aug 23;Frauen;Deutsche;9000000;Bayern;Anerkannter Berufsabschluss;1.546.350
Aug 23;Frauen;Deutsche;9000000;Bayern;Akademischer Berufsabschluss;450.610
Aug 23;Frauen;Deutsche;10000000;Saarland;Ohne Berufsabschluss;18.270
Aug 23;Frauen;Deutsche;10000000;Saarland;Anerkannter Berufsabschluss;111.330
Aug 23;Frauen;Deutsche;10000000;Saarland;Akademischer Berufsabschluss;22.610
Aug 23;Frauen;Deutsche;11000000;Berlin;Ohne Berufsabschluss;61.840
Aug 23;Frauen;Deutsche;11000000;Berlin;Anerkannter Berufsabschluss;343.460
Aug 23;Frauen;Deutsche;11000000;Berlin;Akademischer Berufsabschluss;222.670
Aug 23;Frauen;Deutsche;12000000;Brandenburg;Ohne Berufsabschluss;26.970
Aug 23;Frauen;Deutsche;12000000;Brandenburg;Anerkannter Berufsabschluss;275.580
Aug 23;Frauen;Deutsche;12000000;Brandenburg;Akademischer Berufsabschluss;61.530
Aug 23;Frauen;Deutsche;13000000;Mecklenburg-Vorpommern;Ohne Berufsabschluss;19.620
Aug 23;Frauen;Deutsche;13000000;Mecklenburg-Vorpommern;Anerkannter Berufsabschluss;200.770
Aug 23;Frauen;Deutsche;13000000;Mecklenburg-Vorpommern;Akademischer Berufsabschluss;41.410
Aug 23;Frauen;Deutsche;14000000;Sachsen;Ohne Berufsabschluss;45.730
Aug 23;Frauen;Deutsche;14000000;Sachsen;Anerkannter Berufsabschluss;518.400
Aug 23;Frauen;Deutsche;14000000;Sachsen;Akademischer Berufsabschluss;146.030
Aug 23;Frauen;Deutsche;15000000;Sachsen-Anhalt;Ohne Berufsabschluss;23.600
Aug 23;Frauen;Deutsche;15000000;Sachsen-Anhalt;Anerkannter Berufsabschluss;276.900
Aug 23;Frauen;Deutsche;15000000;Sachsen-Anhalt;Akademischer Berufsabschluss;53.530
Aug 23;Frauen;Deutsche;16000000;Thüringen;Ohne Berufsabschluss;21.210
Aug 23;Frauen;Deutsche;16000000;Thüringen;Anerkannter Berufsabschluss;267.740
Aug 23;Frauen;Deutsche;16000000;Thüringen;Akademischer Berufsabschluss;56.130
Jul 23;Frauen;Ausländer;1000000;Schleswig-Holstein;Ohne Berufsabschluss;9.380
Jul 23;Frauen;Ausländer;1000000;Schleswig-Holstein;Anerkannter Berufsabschluss;11.570
Jul 23;Frauen;Ausländer;1000000;Schleswig-Holstein;Akademischer Berufsabschluss;6.690
Jul 23;Frauen;Ausländer;2000000;Hamburg;Ohne Berufsabschluss;13.670
Jul 23;Frauen;Ausländer;2000000;Hamburg;Anerkannter Berufsabschluss;17.860
Jul 23;Frauen;Ausländer;2000000;Hamburg;Akademischer Berufsabschluss;18.960
Jul 23;Frauen;Ausländer;3000000;Niedersachsen;Ohne Berufsabschluss;33.120
Jul 23;Frauen;Ausländer;3000000;Niedersachsen;Anerkannter Berufsabschluss;40.330
Jul 23;Frauen;Ausländer;3000000;Niedersachsen;Akademischer Berufsabschluss;22.290
Jul 23;Frauen;Ausländer;4000000;Bremen;Ohne Berufsabschluss;4.520
Jul 23;Frauen;Ausländer;4000000;Bremen;Anerkannter Berufsabschluss;5.250
Jul 23;Frauen;Ausländer;4000000;Bremen;Akademischer Berufsabschluss;4.010
Jul 23;Frauen;Ausländer;5000000;Nordrhein-Westfalen;Ohne Berufsabschluss;102.920
Jul 23;Frauen;Ausländer;5000000;Nordrhein-Westfalen;Anerkannter Berufsabschluss;123.220
Jul 23;Frauen;Ausländer;5000000;Nordrhein-Westfalen;Akademischer Berufsabschluss;73.000
Jul 23;Frauen;Ausländer;6000000;Hessen;Ohne Berufsabschluss;44.870
Jul 23;Frauen;Ausländer;6000000;Hessen;Anerkannter Berufsabschluss;63.670
Jul 23;Frauen;Ausländer;6000000;Hessen;Akademischer Berufsabschluss;47.920
Jul 23;Frauen;Ausländer;7000000;Rheinland-Pfalz;Ohne Berufsabschluss;20.100
Jul 23;Frauen;Ausländer;7000000;Rheinland-Pfalz;Anerkannter Berufsabschluss;26.880
Jul 23;Frauen;Ausländer;7000000;Rheinland-Pfalz;Akademischer Berufsabschluss;13.050
Jul 23;Frauen;Ausländer;8000000;Baden-Württemberg;Ohne Berufsabschluss;93.560
Jul 23;Frauen;Ausländer;8000000;Baden-Württemberg;Anerkannter Berufsabschluss;139.580
Jul 23;Frauen;Ausländer;8000000;Baden-Württemberg;Akademischer Berufsabschluss;69.230
Jul 23;Frauen;Ausländer;9000000;Bayern;Ohne Berufsabschluss;90.220
Jul 23;Frauen;Ausländer;9000000;Bayern;Anerkannter Berufsabschluss;149.150
Jul 23;Frauen;Ausländer;9000000;Bayern;Akademischer Berufsabschluss;101.160
Jul 23;Frauen;Ausländer;10000000;Saarland;Ohne Berufsabschluss;5.190
Jul 23;Frauen;Ausländer;10000000;Saarland;Anerkannter Berufsabschluss;7.600
Jul 23;Frauen;Ausländer;10000000;Saarland;Akademischer Berufsabschluss;3.370
Jul 23;Frauen;Ausländer;11000000;Berlin;Ohne Berufsabschluss;21.230
Jul 23;Frauen;Ausländer;11000000;Berlin;Anerkannter Berufsabschluss;27.600
Jul 23;Frauen;Ausländer;11000000;Berlin;Akademischer Berufsabschluss;57.240
Jul 23;Frauen;Ausländer;12000000;Brandenburg;Ohne Berufsabschluss;5.550
Jul 23;Frauen;Ausländer;12000000;Brandenburg;Anerkannter Berufsabschluss;9.300
Jul 23;Frauen;Ausländer;12000000;Brandenburg;Akademischer Berufsabschluss;8.290
Jul 23;Frauen;Ausländer;13000000;Mecklenburg-Vorpommern;Ohne Berufsabschluss;2.440
Jul 23;Frauen;Ausländer;13000000;Mecklenburg-Vorpommern;Anerkannter Berufsabschluss;4.180
Jul 23;Frauen;Ausländer;13000000;Mecklenburg-Vorpommern;Akademischer Berufsabschluss;3.460
Jul 23;Frauen;Ausländer;14000000;Sachsen;Ohne Berufsabschluss;7.180
Jul 23;Frauen;Ausländer;14000000;Sachsen;Anerkannter Berufsabschluss;14.410
Jul 23;Frauen;Ausländer;14000000;Sachsen;Akademischer Berufsabschluss;14.210
Jul 23;Frauen;Ausländer;15000000;Sachsen-Anhalt;Ohne Berufsabschluss;3.590
Jul 23;Frauen;Ausländer;15000000;Sachsen-Anhalt;Anerkannter Berufsabschluss;4.760
Jul 23;Frauen;Ausländer;15000000;Sachsen-Anhalt;Akademischer Berufsabschluss;4.440
Jul 23;Frauen;Ausländer;16000000;Thüringen;Ohne Berufsabschluss;5.480
Jul 23;Frauen;Ausländer;16000000;Thüringen;Anerkannter Berufsabschluss;7.110
Jul 23;Frauen;Ausländer;16000000;Thüringen;Akademischer Berufsabschluss;5.290
Jul 23;Frauen;Deutsche;1000000;Schleswig-Holstein;Ohne Berufsabschluss;46.440
Jul 23;Frauen;Deutsche;1000000;Schleswig-Holstein;Anerkannter Berufsabschluss;321.460
Jul 23;Frauen;Deutsche;1000000;Schleswig-Holstein;Akademischer Berufsabschluss;67.030
Jul 23;Frauen;Deutsche;2000000;Hamburg;Ohne Berufsabschluss;39.930
Jul 23;Frauen;Deutsche;2000000;Hamburg;Anerkannter Berufsabschluss;227.770
Jul 23;Frauen;Deutsche;2000000;Hamburg;Akademischer Berufsabschluss;125.530
Jul 23;Frauen;Deutsche;3000000;Niedersachsen;Ohne Berufsabschluss;129.650
Jul 23;Frauen;Deutsche;3000000;Niedersachsen;Anerkannter Berufsabschluss;908.440
Jul 23;Frauen;Deutsche;3000000;Niedersachsen;Akademischer Berufsabschluss;194.030
Jul 23;Frauen;Deutsche;4000000;Bremen;Ohne Berufsabschluss;14.300
Jul 23;Frauen;Deutsche;4000000;Bremen;Anerkannter Berufsabschluss;82.480
Jul 23;Frauen;Deutsche;4000000;Bremen;Akademischer Berufsabschluss;28.120
Jul 23;Frauen;Deutsche;5000000;Nordrhein-Westfalen;Ohne Berufsabschluss;340.440
Jul 23;Frauen;Deutsche;5000000;Nordrhein-Westfalen;Anerkannter Berufsabschluss;1.854.350
Jul 23;Frauen;Deutsche;5000000;Nordrhein-Westfalen;Akademischer Berufsabschluss;539.180
Jul 23;Frauen;Deutsche;6000000;Hessen;Ohne Berufsabschluss;104.710
Jul 23;Frauen;Deutsche;6000000;Hessen;Anerkannter Berufsabschluss;637.590
Jul 23;Frauen;Deutsche;6000000;Hessen;Akademischer Berufsabschluss;239.210
Jul 23;Frauen;Deutsche;7000000;Rheinland-Pfalz;Ohne Berufsabschluss;67.860
Jul 23;Frauen;Deutsche;7000000;Rheinland-Pfalz;Anerkannter Berufsabschluss;422.650
Jul 23;Frauen;Deutsche;7000000;Rheinland-Pfalz;Akademischer Berufsabschluss;89.880
Jul 23;Frauen;Deutsche;8000000;Baden-Württemberg;Ohne Berufsabschluss;194.440
Jul 23;Frauen;Deutsche;8000000;Baden-Württemberg;Anerkannter Berufsabschluss;1.214.460
Jul 23;Frauen;Deutsche;8000000;Baden-Württemberg;Akademischer Berufsabschluss;375.660
Jul 23;Frauen;Deutsche;9000000;Bayern;Ohne Berufsabschluss;200.950
Jul 23;Frauen;Deutsche;9000000;Bayern;Anerkannter Berufsabschluss;1.544.290
Jul 23;Frauen;Deutsche;9000000;Bayern;Akademischer Berufsabschluss;448.030
Jul 23;Frauen;Deutsche;10000000;Saarland;Ohne Berufsabschluss;17.690
Jul 23;Frauen;Deutsche;10000000;Saarland;Anerkannter Berufsabschluss;111.230
Jul 23;Frauen;Deutsche;10000000;Saarland;Akademischer Berufsabschluss;22.490
Jul 23;Frauen;Deutsche;11000000;Berlin;Ohne Berufsabschluss;61.410
Jul 23;Frauen;Deutsche;11000000;Berlin;Anerkannter Berufsabschluss;342.910
Jul 23;Frauen;Deutsche;11000000;Berlin;Akademischer Berufsabschluss;221.320
Jul 23;Frauen;Deutsche;12000000;Brandenburg;Ohne Berufsabschluss;26.140
Jul 23;Frauen;Deutsche;12000000;Brandenburg;Anerkannter Berufsabschluss;275.090
Jul 23;Frauen;Deutsche;12000000;Brandenburg;Akademischer Berufsabschluss;61.080
Jul 23;Frauen;Deutsche;13000000;Mecklenburg-Vorpommern;Ohne Berufsabschluss;19.090
Jul 23;Frauen;Deutsche;13000000;Mecklenburg-Vorpommern;Anerkannter Berufsabschluss;200.200
Jul 23;Frauen;Deutsche;13000000;Mecklenburg-Vorpommern;Akademischer Berufsabschluss;41.200
Jul 23;Frauen;Deutsche;14000000;Sachsen;Ohne Berufsabschluss;43.580
Jul 23;Frauen;Deutsche;14000000;Sachsen;Anerkannter Berufsabschluss;517.620
Jul 23;Frauen;Deutsche;14000000;Sachsen;Akademischer Berufsabschluss;145.490
Jul 23;Frauen;Deutsche;15000000;Sachsen-Anhalt;Ohne Berufsabschluss;22.040
Jul 23;Frauen;Deutsche;15000000;Sachsen-Anhalt;Anerkannter Berufsabschluss;276.120
Jul 23;Frauen;Deutsche;15000000;Sachsen-Anhalt;Akademischer Berufsabschluss;53.150
Jul 23;Frauen;Deutsche;16000000;Thüringen;Ohne Berufsabschluss;20.190
Jul 23;Frauen;Deutsche;16000000;Thüringen;Anerkannter Berufsabschluss;267.090
Jul 23;Frauen;Deutsche;16000000;Thüringen;Akademischer Berufsabschluss;55.640
Jun 23;Frauen;Ausländer;1000000;Schleswig-Holstein;Ohne Berufsabschluss;9.340
Jun 23;Frauen;Ausländer;1000000;Schleswig-Holstein;Anerkannter Berufsabschluss;11.620
Jun 23;Frauen;Ausländer;1000000;Schleswig-Holstein;Akademischer Berufsabschluss;6.680
Jun 23;Frauen;Ausländer;2000000;Hamburg;Ohne Berufsabschluss;13.620
Jun 23;Frauen;Ausländer;2000000;Hamburg;Anerkannter Berufsabschluss;17.920
Jun 23;Frauen;Ausländer;2000000;Hamburg;Akademischer Berufsabschluss;19.060
Jun 23;Frauen;Ausländer;3000000;Niedersachsen;Ohne Berufsabschluss;33.060
Jun 23;Frauen;Ausländer;3000000;Niedersachsen;Anerkannter Berufsabschluss;40.300
Jun 23;Frauen;Ausländer;3000000;Niedersachsen;Akademischer Berufsabschluss;22.260
Jun 23;Frauen;Ausländer;4000000;Bremen;Ohne Berufsabschluss;4.590
Jun 23;Frauen;Ausländer;4000000;Bremen;Anerkannter Berufsabschluss;5.240
Jun 23;Frauen;Ausländer;4000000;Bremen;Akademischer Berufsabschluss;3.990
Jun 23;Frauen;Ausländer;5000000;Nordrhein-Westfalen;Ohne Berufsabschluss;103.090
Jun 23;Frauen;Ausländer;5000000;Nordrhein-Westfalen;Anerkannter Berufsabschluss;123.560
Jun 23;Frauen;Ausländer;5000000;Nordrhein-Westfalen;Akademischer Berufsabschluss;73.020
Jun 23;Frauen;Ausländer;6000000;Hessen;Ohne Berufsabschluss;45.100
Jun 23;Frauen;Ausländer;6000000;Hessen;Anerkannter Berufsabschluss;64.020
Jun 23;Frauen;Ausländer;6000000;Hessen;Akademischer Berufsabschluss;48.010
Jun 23;Frauen;Ausländer;7000000;Rheinland-Pfalz;Ohne Berufsabschluss;20.290
Jun 23;Frauen;Ausländer;7000000;Rheinland-Pfalz;Anerkannter Berufsabschluss;27.050
Jun 23;Frauen;Ausländer;7000000;Rheinland-Pfalz;Akademischer Berufsabschluss;13.070
Jun 23;Frauen;Ausländer;8000000;Baden-Württemberg;Ohne Berufsabschluss;93.580
Jun 23;Frauen;Ausländer;8000000;Baden-Württemberg;Anerkannter Berufsabschluss;140.060
Jun 23;Frauen;Ausländer;8000000;Baden-Württemberg;Akademischer Berufsabschluss;69.240
Jun 23;Frauen;Ausländer;9000000;Bayern;Ohne Berufsabschluss;90.280
Jun 23;Frauen;Ausländer;9000000;Bayern;Anerkannter Berufsabschluss;149.800
Jun 23;Frauen;Ausländer;9000000;Bayern;Akademischer Berufsabschluss;100.920
Jun 23;Frauen;Ausländer;10000000;Saarland;Ohne Berufsabschluss;5.180
Jun 23;Frauen;Ausländer;10000000;Saarland;Anerkannter Berufsabschluss;7.630
Jun 23;Frauen;Ausländer;10000000;Saarland;Akademischer Berufsabschluss;3.370
Jun 23;Frauen;Ausländer;11000000;Berlin;Ohne Berufsabschluss;21.260
Jun 23;Frauen;Ausländer;11000000;Berlin;Anerkannter Berufsabschluss;27.700
Jun 23;Frauen;Ausländer;11000000;Berlin;Akademischer Berufsabschluss;57.410
Jun 23;Frauen;Ausländer;12000000;Brandenburg;Ohne Berufsabschluss;5.500
Jun 23;Frauen;Ausländer;12000000;Brandenburg;Anerkannter Berufsabschluss;9.340
Jun 23;Frauen;Ausländer;12000000;Brandenburg;Akademischer Berufsabschluss;8.350
Jun 23;Frauen;Ausländer;13000000;Mecklenburg-Vorpommern;Ohne Berufsabschluss;2.380
Jun 23;Frauen;Ausländer;13000000;Mecklenburg-Vorpommern;Anerkannter Berufsabschluss;4.200
Jun 23;Frauen;Ausländer;13000000;Mecklenburg-Vorpommern;Akademischer Berufsabschluss;3.510
Jun 23;Frauen;Ausländer;14000000;Sachsen;Ohne Berufsabschluss;7.200
Jun 23;Frauen;Ausländer;14000000;Sachsen;Anerkannter Berufsabschluss;14.440
Jun 23;Frauen;Ausländer;14000000;Sachsen;Akademischer Berufsabschluss;14.200
Jun 23;Frauen;Ausländer;15000000;Sachsen-Anhalt;Ohne Berufsabschluss;3.570
Jun 23;Frauen;Ausländer;15000000;Sachsen-Anhalt;Anerkannter Berufsabschluss;4.740
Jun 23;Frauen;Ausländer;15000000;Sachsen-Anhalt;Akademischer Berufsabschluss;4.470
Jun 23;Frauen;Ausländer;16000000;Thüringen;Ohne Berufsabschluss;5.460
Jun 23;Frauen;Ausländer;16000000;Thüringen;Anerkannter Berufsabschluss;7.120
Jun 23;Frauen;Ausländer;16000000;Thüringen;Akademischer Berufsabschluss;5.300
Jun 23;Frauen;Deutsche;1000000;Schleswig-Holstein;Ohne Berufsabschluss;47.070
Jun 23;Frauen;Deutsche;1000000;Schleswig-Holstein;Anerkannter Berufsabschluss;322.970
Jun 23;Frauen;Deutsche;1000000;Schleswig-Holstein;Akademischer Berufsabschluss;67.410
Jun 23;Frauen;Deutsche;2000000;Hamburg;Ohne Berufsabschluss;40.270
Jun 23;Frauen;Deutsche;2000000;Hamburg;Anerkannter Berufsabschluss;228.510
Jun 23;Frauen;Deutsche;2000000;Hamburg;Akademischer Berufsabschluss;126.570
Jun 23;Frauen;Deutsche;3000000;Niedersachsen;Ohne Berufsabschluss;130.840
Jun 23;Frauen;Deutsche;3000000;Niedersachsen;Anerkannter Berufsabschluss;911.930
Jun 23;Frauen;Deutsche;3000000;Niedersachsen;Akademischer Berufsabschluss;196.040
Jun 23;Frauen;Deutsche;4000000;Bremen;Ohne Berufsabschluss;14.500
Jun 23;Frauen;Deutsche;4000000;Bremen;Anerkannter Berufsabschluss;82.920
Jun 23;Frauen;Deutsche;4000000;Bremen;Akademischer Berufsabschluss;28.250
Jun 23;Frauen;Deutsche;5000000;Nordrhein-Westfalen;Ohne Berufsabschluss;342.720
Jun 23;Frauen;Deutsche;5000000;Nordrhein-Westfalen;Anerkannter Berufsabschluss;1.861.700
Jun 23;Frauen;Deutsche;5000000;Nordrhein-Westfalen;Akademischer Berufsabschluss;540.530
Jun 23;Frauen;Deutsche;6000000;Hessen;Ohne Berufsabschluss;105.880
Jun 23;Frauen;Deutsche;6000000;Hessen;Anerkannter Berufsabschluss;640.480
Jun 23;Frauen;Deutsche;6000000;Hessen;Akademischer Berufsabschluss;239.970
Jun 23;Frauen;Deutsche;7000000;Rheinland-Pfalz;Ohne Berufsabschluss;68.960
Jun 23;Frauen;Deutsche;7000000;Rheinland-Pfalz;Anerkannter Berufsabschluss;424.850
Jun 23;Frauen;Deutsche;7000000;Rheinland-Pfalz;Akademischer Berufsabschluss;90.360
Jun 23;Frauen;Deutsche;8000000;Baden-Württemberg;Ohne Berufsabschluss;196.060
Jun 23;Frauen;Deutsche;8000000;Baden-Württemberg;Anerkannter Berufsabschluss;1.220.540
Jun 23;Frauen;Deutsche;8000000;Baden-Württemberg;Akademischer Berufsabschluss;376.850
Jun 23;Frauen;Deutsche;9000000;Bayern;Ohne Berufsabschluss;203.240
Jun 23;Frauen;Deutsche;9000000;Bayern;Anerkannter Berufsabschluss;1.551.580
Jun 23;Frauen;Deutsche;9000000;Bayern;Akademischer Berufsabschluss;449.550
Jun 23;Frauen;Deutsche;10000000;Saarland;Ohne Berufsabschluss;17.840
Jun 23;Frauen;Deutsche;10000000;Saarland;Anerkannter Berufsabschluss;111.830
Jun 23;Frauen;Deutsche;10000000;Saarland;Akademischer Berufsabschluss;22.570
Jun 23;Frauen;Deutsche;11000000;Berlin;Ohne Berufsabschluss;62.080
Jun 23;Frauen;Deutsche;11000000;Berlin;Anerkannter Berufsabschluss;344.320
Jun 23;Frauen;Deutsche;11000000;Berlin;Akademischer Berufsabschluss;223.000
Jun 23;Frauen;Deutsche;12000000;Brandenburg;Ohne Berufsabschluss;26.310
Jun 23;Frauen;Deutsche;12000000;Brandenburg;Anerkannter Berufsabschluss;276.470
Jun 23;Frauen;Deutsche;12000000;Brandenburg;Akademischer Berufsabschluss;61.460
Jun 23;Frauen;Deutsche;13000000;Mecklenburg-Vorpommern;Ohne Berufsabschluss;19.280
Jun 23;Frauen;Deutsche;13000000;Mecklenburg-Vorpommern;Anerkannter Berufsabschluss;201.330
Jun 23;Frauen;Deutsche;13000000;Mecklenburg-Vorpommern;Akademischer Berufsabschluss;41.510
Jun 23;Frauen;Deutsche;14000000;Sachsen;Ohne Berufsabschluss;44.080
Jun 23;Frauen;Deutsche;14000000;Sachsen;Anerkannter Berufsabschluss;519.560
Jun 23;Frauen;Deutsche;14000000;Sachsen;Akademischer Berufsabschluss;146.090
Jun 23;Frauen;Deutsche;15000000;Sachsen-Anhalt;Ohne Berufsabschluss;22.240
Jun 23;Frauen;Deutsche;15000000;Sachsen-Anhalt;Anerkannter Berufsabschluss;277.270
Jun 23;Frauen;Deutsche;15000000;Sachsen-Anhalt;Akademischer Berufsabschluss;53.560
Jun 23;Frauen;Deutsche;16000000;Thüringen;Ohne Berufsabschluss;20.370
Jun 23;Frauen;Deutsche;16000000;Thüringen;Anerkannter Berufsabschluss;268.730
Jun 23;Frauen;Deutsche;16000000;Thüringen;Akademischer Berufsabschluss;56.010
Mai 23;Frauen;Ausländer;1000000;Schleswig-Holstein;Ohne Berufsabschluss;9.290
Mai 23;Frauen;Ausländer;1000000;Schleswig-Holstein;Anerkannter Berufsabschluss;11.550
Mai 23;Frauen;Ausländer;1000000;Schleswig-Holstein;Akademischer Berufsabschluss;6.640
Mai 23;Frauen;Ausländer;2000000;Hamburg;Ohne Berufsabschluss;13.570
Mai 23;Frauen;Ausländer;2000000;Hamburg;Anerkannter Berufsabschluss;17.890
Mai 23;Frauen;Ausländer;2000000;Hamburg;Akademischer Berufsabschluss;18.910
Mai 23;Frauen;Ausländer;3000000;Niedersachsen;Ohne Berufsabschluss;32.860
Mai 23;Frauen;Ausländer;3000000;Niedersachsen;Anerkannter Berufsabschluss;40.290
Mai 23;Frauen;Ausländer;3000000;Niedersachsen;Akademischer Berufsabschluss;22.100
Mai 23;Frauen;Ausländer;4000000;Bremen;Ohne Berufsabschluss;4.650
Mai 23;Frauen;Ausländer;4000000;Bremen;Anerkannter Berufsabschluss;5.290
Mai 23;Frauen;Ausländer;4000000;Bremen;Akademischer Berufsabschluss;3.990
Mai 23;Frauen;Ausländer;5000000;Nordrhein-Westfalen;Ohne Berufsabschluss;102.950
Mai 23;Frauen;Ausländer;5000000;Nordrhein-Westfalen;Anerkannter Berufsabschluss;123.560
Mai 23;Frauen;Ausländer;5000000;Nordrhein-Westfalen;Akademischer Berufsabschluss;72.530
Mai 23;Frauen;Ausländer;6000000;Hessen;Ohne Berufsabschluss;44.770
Mai 23;Frauen;Ausländer;6000000;Hessen;Anerkannter Berufsabschluss;63.840
Mai 23;Frauen;Ausländer;6000000;Hessen;Akademischer Berufsabschluss;47.590
Mai 23;Frauen;Ausländer;7000000;Rheinland-Pfalz;Ohne Berufsabschluss;20.030
Mai 23;Frauen;Ausländer;7000000;Rheinland-Pfalz;Anerkannter Berufsabschluss;27.010
Mai 23;Frauen;Ausländer;7000000;Rheinland-Pfalz;Akademischer Berufsabschluss;12.980
Mai 23;Frauen;Ausländer;8000000;Baden-Württemberg;Ohne Berufsabschluss;93.230
Mai 23;Frauen;Ausländer;8000000;Baden-Württemberg;Anerkannter Berufsabschluss;139.700
Mai 23;Frauen;Ausländer;8000000;Baden-Württemberg;Akademischer Berufsabschluss;68.680
Mai 23;Frauen;Ausländer;9000000;Bayern;Ohne Berufsabschluss;89.780
Mai 23;Frauen;Ausländer;9000000;Bayern;Anerkannter Berufsabschluss;149.420
Mai 23;Frauen;Ausländer;9000000;Bayern;Akademischer Berufsabschluss;100.050
Mai 23;Frauen;Ausländer;10000000;Saarland;Ohne Berufsabschluss;5.120
Mai 23;Frauen;Ausländer;10000000;Saarland;Anerkannter Berufsabschluss;7.620
Mai 23;Frauen;Ausländer;10000000;Saarland;Akademischer Berufsabschluss;3.350
Mai 23;Frauen;Ausländer;11000000;Berlin;Ohne Berufsabschluss;21.130
Mai 23;Frauen;Ausländer;11000000;Berlin;Anerkannter Berufsabschluss;27.620
Mai 23;Frauen;Ausländer;11000000;Berlin;Akademischer Berufsabschluss;57.080
Mai 23;Frauen;Ausländer;12000000;Brandenburg;Ohne Berufsabschluss;5.380
Mai 23;Frauen;Ausländer;12000000;Brandenburg;Anerkannter Berufsabschluss;9.250
Mai 23;Frauen;Ausländer;12000000;Brandenburg;Akademischer Berufsabschluss;8.260
Mai 23;Frauen;Ausländer;13000000;Mecklenburg-Vorpommern;Ohne Berufsabschluss;2.310
Mai 23;Frauen;Ausländer;13000000;Mecklenburg-Vorpommern;Anerkannter Berufsabschluss;4.150
Mai 23;Frauen;Ausländer;13000000;Mecklenburg-Vorpommern;Akademischer Berufsabschluss;3.470
Mai 23;Frauen;Ausländer;14000000;Sachsen;Ohne Berufsabschluss;7.130
Mai 23;Frauen;Ausländer;14000000;Sachsen;Anerkannter Berufsabschluss;14.390
Mai 23;Frauen;Ausländer;14000000;Sachsen;Akademischer Berufsabschluss;14.030
Mai 23;Frauen;Ausländer;15000000;Sachsen-Anhalt;Ohne Berufsabschluss;3.540
Mai 23;Frauen;Ausländer;15000000;Sachsen-Anhalt;Anerkannter Berufsabschluss;4.730
Mai 23;Frauen;Ausländer;15000000;Sachsen-Anhalt;Akademischer Berufsabschluss;4.390
Mai 23;Frauen;Ausländer;16000000;Thüringen;Ohne Berufsabschluss;5.390
Mai 23;Frauen;Ausländer;16000000;Thüringen;Anerkannter Berufsabschluss;7.030
Mai 23;Frauen;Ausländer;16000000;Thüringen;Akademischer Berufsabschluss;5.290
Mai 23;Frauen;Deutsche;1000000;Schleswig-Holstein;Ohne Berufsabschluss;47.390
Mai 23;Frauen;Deutsche;1000000;Schleswig-Holstein;Anerkannter Berufsabschluss;323.490
Mai 23;Frauen;Deutsche;1000000;Schleswig-Holstein;Akademischer Berufsabschluss;67.060
Mai 23;Frauen;Deutsche;2000000;Hamburg;Ohne Berufsabschluss;40.440
Mai 23;Frauen;Deutsche;2000000;Hamburg;Anerkannter Berufsabschluss;229.260
Mai 23;Frauen;Deutsche;2000000;Hamburg;Akademischer Berufsabschluss;126.270
Mai 23;Frauen;Deutsche;3000000;Niedersachsen;Ohne Berufsabschluss;131.750
Mai 23;Frauen;Deutsche;3000000;Niedersachsen;Anerkannter Berufsabschluss;914.280
Mai 23;Frauen;Deutsche;3000000;Niedersachsen;Akademischer Berufsabschluss;195.480
Mai 23;Frauen;Deutsche;4000000;Bremen;Ohne Berufsabschluss;14.700
Mai 23;Frauen;Deutsche;4000000;Bremen;Anerkannter Berufsabschluss;83.270
Mai 23;Frauen;Deutsche;4000000;Bremen;Akademischer Berufsabschluss;28.170
Mai 23;Frauen;Deutsche;5000000;Nordrhein-Westfalen;Ohne Berufsabschluss;345.890
Mai 23;Frauen;Deutsche;5000000;Nordrhein-Westfalen;Anerkannter Berufsabschluss;1.867.510
Mai 23;Frauen;Deutsche;5000000;Nordrhein-Westfalen;Akademischer Berufsabschluss;539.760
Mai 23;Frauen;Deutsche;6000000;Hessen;Ohne Berufsabschluss;106.430
Mai 23;Frauen;Deutsche;6000000;Hessen;Anerkannter Berufsabschluss;641.880
Mai 23;Frauen;Deutsche;6000000;Hessen;Akademischer Berufsabschluss;239.180
Mai 23;Frauen;Deutsche;7000000;Rheinland-Pfalz;Ohne Berufsabschluss;69.410
Mai 23;Frauen;Deutsche;7000000;Rheinland-Pfalz;Anerkannter Berufsabschluss;425.660
Mai 23;Frauen;Deutsche;7000000;Rheinland-Pfalz;Akademischer Berufsabschluss;90.120
Mai 23;Frauen;Deutsche;8000000;Baden-Württemberg;Ohne Berufsabschluss;197.360
Mai 23;Frauen;Deutsche;8000000;Baden-Württemberg;Anerkannter Berufsabschluss;1.222.970
Mai 23;Frauen;Deutsche;8000000;Baden-Württemberg;Akademischer Berufsabschluss;375.610
Mai 23;Frauen;Deutsche;9000000;Bayern;Ohne Berufsabschluss;204.160
Mai 23;Frauen;Deutsche;9000000;Bayern;Anerkannter Berufsabschluss;1.554.680
Mai 23;Frauen;Deutsche;9000000;Bayern;Akademischer Berufsabschluss;448.320
Mai 23;Frauen;Deutsche;10000000;Saarland;Ohne Berufsabschluss;17.890
Mai 23;Frauen;Deutsche;10000000;Saarland;Anerkannter Berufsabschluss;111.830
Mai 23;Frauen;Deutsche;10000000;Saarland;Akademischer Berufsabschluss;22.480
Mai 23;Frauen;Deutsche;11000000;Berlin;Ohne Berufsabschluss;62.320
Mai 23;Frauen;Deutsche;11000000;Berlin;Anerkannter Berufsabschluss;345.020
Mai 23;Frauen;Deutsche;11000000;Berlin;Akademischer Berufsabschluss;222.550
Mai 23;Frauen;Deutsche;12000000;Brandenburg;Ohne Berufsabschluss;26.480
Mai 23;Frauen;Deutsche;12000000;Brandenburg;Anerkannter Berufsabschluss;276.750
Mai 23;Frauen;Deutsche;12000000;Brandenburg;Akademischer Berufsabschluss;61.400
Mai 23;Frauen;Deutsche;13000000;Mecklenburg-Vorpommern;Ohne Berufsabschluss;19.290
Mai 23;Frauen;Deutsche;13000000;Mecklenburg-Vorpommern;Anerkannter Berufsabschluss;201.670
Mai 23;Frauen;Deutsche;13000000;Mecklenburg-Vorpommern;Akademischer Berufsabschluss;41.420
Mai 23;Frauen;Deutsche;14000000;Sachsen;Ohne Berufsabschluss;44.290
Mai 23;Frauen;Deutsche;14000000;Sachsen;Anerkannter Berufsabschluss;520.570
Mai 23;Frauen;Deutsche;14000000;Sachsen;Akademischer Berufsabschluss;145.860
Mai 23;Frauen;Deutsche;15000000;Sachsen-Anhalt;Ohne Berufsabschluss;22.410
Mai 23;Frauen;Deutsche;15000000;Sachsen-Anhalt;Anerkannter Berufsabschluss;278.050
Mai 23;Frauen;Deutsche;15000000;Sachsen-Anhalt;Akademischer Berufsabschluss;53.550
Mai 23;Frauen;Deutsche;16000000;Thüringen;Ohne Berufsabschluss;20.480
Mai 23;Frauen;Deutsche;16000000;Thüringen;Anerkannter Berufsabschluss;269.500
Mai 23;Frauen;Deutsche;16000000;Thüringen;Akademischer Berufsabschluss;56.130
Apr 23;Frauen;Ausländer;1000000;Schleswig-Holstein;Ohne Berufsabschluss;9.200
Apr 23;Frauen;Ausländer;1000000;Schleswig-Holstein;Anerkannter Berufsabschluss;11.440
Apr 23;Frauen;Ausländer;1000000;Schleswig-Holstein;Akademischer Berufsabschluss;6.600
Apr 23;Frauen;Ausländer;2000000;Hamburg;Ohne Berufsabschluss;13.520
Apr 23;Frauen;Ausländer;2000000;Hamburg;Anerkannter Berufsabschluss;17.800
Apr 23;Frauen;Ausländer;2000000;Hamburg;Akademischer Berufsabschluss;18.680
Apr 23;Frauen;Ausländer;3000000;Niedersachsen;Ohne Berufsabschluss;32.550
Apr 23;Frauen;Ausländer;3000000;Niedersachsen;Anerkannter Berufsabschluss;39.970
Apr 23;Frauen;Ausländer;3000000;Niedersachsen;Akademischer Berufsabschluss;21.880
Apr 23;Frauen;Ausländer;4000000;Bremen;Ohne Berufsabschluss;4.650
Apr 23;Frauen;Ausländer;4000000;Bremen;Anerkannter Berufsabschluss;5.250
Apr 23;Frauen;Ausländer;4000000;Bremen;Akademischer Berufsabschluss;3.950
Apr 23;Frauen;Ausländer;5000000;Nordrhein-Westfalen;Ohne Berufsabschluss;102.430
Apr 23;Frauen;Ausländer;5000000;Nordrhein-Westfalen;Anerkannter Berufsabschluss;123.040
Apr 23;Frauen;Ausländer;5000000;Nordrhein-Westfalen;Akademischer Berufsabschluss;71.750
Apr 23;Frauen;Ausländer;6000000;Hessen;Ohne Berufsabschluss;44.610
Apr 23;Frauen;Ausländer;6000000;Hessen;Anerkannter Berufsabschluss;63.440
Apr 23;Frauen;Ausländer;6000000;Hessen;Akademischer Berufsabschluss;46.990
Apr 23;Frauen;Ausländer;7000000;Rheinland-Pfalz;Ohne Berufsabschluss;19.880
Apr 23;Frauen;Ausländer;7000000;Rheinland-Pfalz;Anerkannter Berufsabschluss;26.820
Apr 23;Frauen;Ausländer;7000000;Rheinland-Pfalz;Akademischer Berufsabschluss;12.820
Apr 23;Frauen;Ausländer;8000000;Baden-Württemberg;Ohne Berufsabschluss;92.870
Apr 23;Frauen;Ausländer;8000000;Baden-Württemberg;Anerkannter Berufsabschluss;138.970
Apr 23;Frauen;Ausländer;8000000;Baden-Württemberg;Akademischer Berufsabschluss;67.880
Apr 23;Frauen;Ausländer;9000000;Bayern;Ohne Berufsabschluss;89.070
Apr 23;Frauen;Ausländer;9000000;Bayern;Anerkannter Berufsabschluss;148.680
Apr 23;Frauen;Ausländer;9000000;Bayern;Akademischer Berufsabschluss;98.900
Apr 23;Frauen;Ausländer;10000000;Saarland;Ohne Berufsabschluss;5.090
Apr 23;Frauen;Ausländer;10000000;Saarland;Anerkannter Berufsabschluss;7.560
Apr 23;Frauen;Ausländer;10000000;Saarland;Akademischer Berufsabschluss;3.330
Apr 23;Frauen;Ausländer;11000000;Berlin;Ohne Berufsabschluss;20.960
Apr 23;Frauen;Ausländer;11000000;Berlin;Anerkannter Berufsabschluss;27.480
Apr 23;Frauen;Ausländer;11000000;Berlin;Akademischer Berufsabschluss;56.560
Apr 23;Frauen;Ausländer;12000000;Brandenburg;Ohne Berufsabschluss;5.290
Apr 23;Frauen;Ausländer;12000000;Brandenburg;Anerkannter Berufsabschluss;9.210
Apr 23;Frauen;Ausländer;12000000;Brandenburg;Akademischer Berufsabschluss;8.150
Apr 23;Frauen;Ausländer;13000000;Mecklenburg-Vorpommern;Ohne Berufsabschluss;2.270
Apr 23;Frauen;Ausländer;13000000;Mecklenburg-Vorpommern;Anerkannter Berufsabschluss;4.040
Apr 23;Frauen;Ausländer;13000000;Mecklenburg-Vorpommern;Akademischer Berufsabschluss;3.410
Apr 23;Frauen;Ausländer;14000000;Sachsen;Ohne Berufsabschluss;6.970
Apr 23;Frauen;Ausländer;14000000;Sachsen;Anerkannter Berufsabschluss;14.180
Apr 23;Frauen;Ausländer;14000000;Sachsen;Akademischer Berufsabschluss;13.820
Apr 23;Frauen;Ausländer;15000000;Sachsen-Anhalt;Ohne Berufsabschluss;3.500
Apr 23;Frauen;Ausländer;15000000;Sachsen-Anhalt;Anerkannter Berufsabschluss;4.650
Apr 23;Frauen;Ausländer;15000000;Sachsen-Anhalt;Akademischer Berufsabschluss;4.310
Apr 23;Frauen;Ausländer;16000000;Thüringen;Ohne Berufsabschluss;5.360
Apr 23;Frauen;Ausländer;16000000;Thüringen;Anerkannter Berufsabschluss;6.930
Apr 23;Frauen;Ausländer;16000000;Thüringen;Akademischer Berufsabschluss;5.230
Apr 23;Frauen;Deutsche;1000000;Schleswig-Holstein;Ohne Berufsabschluss;47.580
Apr 23;Frauen;Deutsche;1000000;Schleswig-Holstein;Anerkannter Berufsabschluss;323.400
Apr 23;Frauen;Deutsche;1000000;Schleswig-Holstein;Akademischer Berufsabschluss;66.560
Apr 23;Frauen;Deutsche;2000000;Hamburg;Ohne Berufsabschluss;40.530
Apr 23;Frauen;Deutsche;2000000;Hamburg;Anerkannter Berufsabschluss;229.810
Apr 23;Frauen;Deutsche;2000000;Hamburg;Akademischer Berufsabschluss;125.720
Apr 23;Frauen;Deutsche;3000000;Niedersachsen;Ohne Berufsabschluss;132.360
Apr 23;Frauen;Deutsche;3000000;Niedersachsen;Anerkannter Berufsabschluss;914.390
Apr 23;Frauen;Deutsche;3000000;Niedersachsen;Akademischer Berufsabschluss;194.350
Apr 23;Frauen;Deutsche;4000000;Bremen;Ohne Berufsabschluss;14.740
Apr 23;Frauen;Deutsche;4000000;Bremen;Anerkannter Berufsabschluss;83.140
Apr 23;Frauen;Deutsche;4000000;Bremen;Akademischer Berufsabschluss;28.020
Apr 23;Frauen;Deutsche;5000000;Nordrhein-Westfalen;Ohne Berufsabschluss;348.220
Apr 23;Frauen;Deutsche;5000000;Nordrhein-Westfalen;Anerkannter Berufsabschluss;1.869.800
Apr 23;Frauen;Deutsche;5000000;Nordrhein-Westfalen;Akademischer Berufsabschluss;536.900
Apr 23;Frauen;Deutsche;6000000;Hessen;Ohne Berufsabschluss;107.570
Apr 23;Frauen;Deutsche;6000000;Hessen;Anerkannter Berufsabschluss;642.190
Apr 23;Frauen;Deutsche;6000000;Hessen;Akademischer Berufsabschluss;237.830
Apr 23;Frauen;Deutsche;7000000;Rheinland-Pfalz;Ohne Berufsabschluss;69.760
Apr 23;Frauen;Deutsche;7000000;Rheinland-Pfalz;Anerkannter Berufsabschluss;425.810
Apr 23;Frauen;Deutsche;7000000;Rheinland-Pfalz;Akademischer Berufsabschluss;89.570
Apr 23;Frauen;Deutsche;8000000;Baden-Württemberg;Ohne Berufsabschluss;200.200
Apr 23;Frauen;Deutsche;8000000;Baden-Württemberg;Anerkannter Berufsabschluss;1.223.550
Apr 23;Frauen;Deutsche;8000000;Baden-Württemberg;Akademischer Berufsabschluss;372.760
Apr 23;Frauen;Deutsche;9000000;Bayern;Ohne Berufsabschluss;205.800
Apr 23;Frauen;Deutsche;9000000;Bayern;Anerkannter Berufsabschluss;1.555.770
Apr 23;Frauen;Deutsche;9000000;Bayern;Akademischer Berufsabschluss;445.770
Apr 23;Frauen;Deutsche;10000000;Saarland;Ohne Berufsabschluss;18.070
Apr 23;Frauen;Deutsche;10000000;Saarland;Anerkannter Berufsabschluss;112.250
Apr 23;Frauen;Deutsche;10000000;Saarland;Akademischer Berufsabschluss;22.420
Apr 23;Frauen;Deutsche;11000000;Berlin;Ohne Berufsabschluss;62.540
Apr 23;Frauen;Deutsche;11000000;Berlin;Anerkannter Berufsabschluss;345.190
Apr 23;Frauen;Deutsche;11000000;Berlin;Akademischer Berufsabschluss;221.240
Apr 23;Frauen;Deutsche;12000000;Brandenburg;Ohne Berufsabschluss;26.830
Apr 23;Frauen;Deutsche;12000000;Brandenburg;Anerkannter Berufsabschluss;276.620
Apr 23;Frauen;Deutsche;12000000;Brandenburg;Akademischer Berufsabschluss;61.070
Apr 23;Frauen;Deutsche;13000000;Mecklenburg-Vorpommern;Ohne Berufsabschluss;19.280
Apr 23;Frauen;Deutsche;13000000;Mecklenburg-Vorpommern;Anerkannter Berufsabschluss;201.360
Apr 23;Frauen;Deutsche;13000000;Mecklenburg-Vorpommern;Akademischer Berufsabschluss;41.330
Apr 23;Frauen;Deutsche;14000000;Sachsen;Ohne Berufsabschluss;44.670
Apr 23;Frauen;Deutsche;14000000;Sachsen;Anerkannter Berufsabschluss;521.230
Apr 23;Frauen;Deutsche;14000000;Sachsen;Akademischer Berufsabschluss;145.270
Apr 23;Frauen;Deutsche;15000000;Sachsen-Anhalt;Ohne Berufsabschluss;22.510
Apr 23;Frauen;Deutsche;15000000;Sachsen-Anhalt;Anerkannter Berufsabschluss;278.070
Apr 23;Frauen;Deutsche;15000000;Sachsen-Anhalt;Akademischer Berufsabschluss;53.430
Apr 23;Frauen;Deutsche;16000000;Thüringen;Ohne Berufsabschluss;20.630
Apr 23;Frauen;Deutsche;16000000;Thüringen;Anerkannter Berufsabschluss;270.030
Apr 23;Frauen;Deutsche;16000000;Thüringen;Akademischer Berufsabschluss;56.020
Mrz 23;Frauen;Ausländer;1000000;Schleswig-Holstein;Ohne Berufsabschluss;9.050
Mrz 23;Frauen;Ausländer;1000000;Schleswig-Holstein;Anerkannter Berufsabschluss;11.310
Mrz 23;Frauen;Ausländer;1000000;Schleswig-Holstein;Akademischer Berufsabschluss;6.530
Mrz 23;Frauen;Ausländer;2000000;Hamburg;Ohne Berufsabschluss;13.510
Mrz 23;Frauen;Ausländer;2000000;Hamburg;Anerkannter Berufsabschluss;17.770
Mrz 23;Frauen;Ausländer;2000000;Hamburg;Akademischer Berufsabschluss;18.520
Mrz 23;Frauen;Ausländer;3000000;Niedersachsen;Ohne Berufsabschluss;32.150
Mrz 23;Frauen;Ausländer;3000000;Niedersachsen;Anerkannter Berufsabschluss;39.700
Mrz 23;Frauen;Ausländer;3000000;Niedersachsen;Akademischer Berufsabschluss;21.730
Mrz 23;Frauen;Ausländer;4000000;Bremen;Ohne Berufsabschluss;4.680
Mrz 23;Frauen;Ausländer;4000000;Bremen;Anerkannter Berufsabschluss;5.250
Mrz 23;Frauen;Ausländer;4000000;Bremen;Akademischer Berufsabschluss;3.910
Mrz 23;Frauen;Ausländer;5000000;Nordrhein-Westfalen;Ohne Berufsabschluss;101.970
Mrz 23;Frauen;Ausländer;5000000;Nordrhein-Westfalen;Anerkannter Berufsabschluss;122.530
Mrz 23;Frauen;Ausländer;5000000;Nordrhein-Westfalen;Akademischer Berufsabschluss;71.260
Mrz 23;Frauen;Ausländer;6000000;Hessen;Ohne Berufsabschluss;44.520
Mrz 23;Frauen;Ausländer;6000000;Hessen;Anerkannter Berufsabschluss;63.170
Mrz 23;Frauen;Ausländer;6000000;Hessen;Akademischer Berufsabschluss;46.660
Mrz 23;Frauen;Ausländer;7000000;Rheinland-Pfalz;Ohne Berufsabschluss;19.780
Mrz 23;Frauen;Ausländer;7000000;Rheinland-Pfalz;Anerkannter Berufsabschluss;26.630
Mrz 23;Frauen;Ausländer;7000000;Rheinland-Pfalz;Akademischer Berufsabschluss;12.660
Mrz 23;Frauen;Ausländer;8000000;Baden-Württemberg;Ohne Berufsabschluss;92.700
Mrz 23;Frauen;Ausländer;8000000;Baden-Württemberg;Anerkannter Berufsabschluss;138.240
Mrz 23;Frauen;Ausländer;8000000;Baden-Württemberg;Akademischer Berufsabschluss;67.160
Mrz 23;Frauen;Ausländer;9000000;Bayern;Ohne Berufsabschluss;88.950
Mrz 23;Frauen;Ausländer;9000000;Bayern;Anerkannter Berufsabschluss;147.850
Mrz 23;Frauen;Ausländer;9000000;Bayern;Akademischer Berufsabschluss;98.040
Mrz 23;Frauen;Ausländer;10000000;Saarland;Ohne Berufsabschluss;5.070
Mrz 23;Frauen;Ausländer;10000000;Saarland;Anerkannter Berufsabschluss;7.540
Mrz 23;Frauen;Ausländer;10000000;Saarland;Akademischer Berufsabschluss;3.300
Mrz 23;Frauen;Ausländer;11000000;Berlin;Ohne Berufsabschluss;20.850
Mrz 23;Frauen;Ausländer;11000000;Berlin;Anerkannter Berufsabschluss;27.320
Mrz 23;Frauen;Ausländer;11000000;Berlin;Akademischer Berufsabschluss;56.180
Mrz 23;Frauen;Ausländer;12000000;Brandenburg;Ohne Berufsabschluss;5.280
Mrz 23;Frauen;Ausländer;12000000;Brandenburg;Anerkannter Berufsabschluss;9.150
Mrz 23;Frauen;Ausländer;12000000;Brandenburg;Akademischer Berufsabschluss;8.080
Mrz 23;Frauen;Ausländer;13000000;Mecklenburg-Vorpommern;Ohne Berufsabschluss;2.200
Mrz 23;Frauen;Ausländer;13000000;Mecklenburg-Vorpommern;Anerkannter Berufsabschluss;3.880
Mrz 23;Frauen;Ausländer;13000000;Mecklenburg-Vorpommern;Akademischer Berufsabschluss;3.320
Mrz 23;Frauen;Ausländer;14000000;Sachsen;Ohne Berufsabschluss;6.880
Mrz 23;Frauen;Ausländer;14000000;Sachsen;Anerkannter Berufsabschluss;13.930
Mrz 23;Frauen;Ausländer;14000000;Sachsen;Akademischer Berufsabschluss;13.750
Mrz 23;Frauen;Ausländer;15000000;Sachsen-Anhalt;Ohne Berufsabschluss;3.450
Mrz 23;Frauen;Ausländer;15000000;Sachsen-Anhalt;Anerkannter Berufsabschluss;4.570
Mrz 23;Frauen;Ausländer;15000000;Sachsen-Anhalt;Akademischer Berufsabschluss;4.240
Mrz 23;Frauen;Ausländer;16000000;Thüringen;Ohne Berufsabschluss;5.330
Mrz 23;Frauen;Ausländer;16000000;Thüringen;Anerkannter Berufsabschluss;6.810
Mrz 23;Frauen;Ausländer;16000000;Thüringen;Akademischer Berufsabschluss;5.180
Mrz 23;Frauen;Deutsche;1000000;Schleswig-Holstein;Ohne Berufsabschluss;47.830
Mrz 23;Frauen;Deutsche;1000000;Schleswig-Holstein;Anerkannter Berufsabschluss;323.050
Mrz 23;Frauen;Deutsche;1000000;Schleswig-Holstein;Akademischer Berufsabschluss;66.300
Mrz 23;Frauen;Deutsche;2000000;Hamburg;Ohne Berufsabschluss;40.780
Mrz 23;Frauen;Deutsche;2000000;Hamburg;Anerkannter Berufsabschluss;230.460
Mrz 23;Frauen;Deutsche;2000000;Hamburg;Akademischer Berufsabschluss;125.270
Mrz 23;Frauen;Deutsche;3000000;Niedersachsen;Ohne Berufsabschluss;133.280
Mrz 23;Frauen;Deutsche;3000000;Niedersachsen;Anerkannter Berufsabschluss;915.780
Mrz 23;Frauen;Deutsche;3000000;Niedersachsen;Akademischer Berufsabschluss;193.790
Mrz 23;Frauen;Deutsche;4000000;Bremen;Ohne Berufsabschluss;14.910
Mrz 23;Frauen;Deutsche;4000000;Bremen;Anerkannter Berufsabschluss;83.670
Mrz 23;Frauen;Deutsche;4000000;Bremen;Akademischer Berufsabschluss;27.950
Mrz 23;Frauen;Deutsche;5000000;Nordrhein-Westfalen;Ohne Berufsabschluss;350.020
Mrz 23;Frauen;Deutsche;5000000;Nordrhein-Westfalen;Anerkannter Berufsabschluss;1.871.240
Mrz 23;Frauen;Deutsche;5000000;Nordrhein-Westfalen;Akademischer Berufsabschluss;536.190
Mrz 23;Frauen;Deutsche;6000000;Hessen;Ohne Berufsabschluss;108.320
Mrz 23;Frauen;Deutsche;6000000;Hessen;Anerkannter Berufsabschluss;643.650
Mrz 23;Frauen;Deutsche;6000000;Hessen;Akademischer Berufsabschluss;237.620
Mrz 23;Frauen;Deutsche;7000000;Rheinland-Pfalz;Ohne Berufsabschluss;70.260
Mrz 23;Frauen;Deutsche;7000000;Rheinland-Pfalz;Anerkannter Berufsabschluss;425.850
Mrz 23;Frauen;Deutsche;7000000;Rheinland-Pfalz;Akademischer Berufsabschluss;89.240
Mrz 23;Frauen;Deutsche;8000000;Baden-Württemberg;Ohne Berufsabschluss;202.630
Mrz 23;Frauen;Deutsche;8000000;Baden-Württemberg;Anerkannter Berufsabschluss;1.223.500
Mrz 23;Frauen;Deutsche;8000000;Baden-Württemberg;Akademischer Berufsabschluss;371.450
Mrz 23;Frauen;Deutsche;9000000;Bayern;Ohne Berufsabschluss;209.180
Mrz 23;Frauen;Deutsche;9000000;Bayern;Anerkannter Berufsabschluss;1.555.310
Mrz 23;Frauen;Deutsche;9000000;Bayern;Akademischer Berufsabschluss;443.670
Mrz 23;Frauen;Deutsche;10000000;Saarland;Ohne Berufsabschluss;18.230
Mrz 23;Frauen;Deutsche;10000000;Saarland;Anerkannter Berufsabschluss;112.390
Mrz 23;Frauen;Deutsche;10000000;Saarland;Akademischer Berufsabschluss;22.350
Mrz 23;Frauen;Deutsche;11000000;Berlin;Ohne Berufsabschluss;62.550
Mrz 23;Frauen;Deutsche;11000000;Berlin;Anerkannter Berufsabschluss;345.540
Mrz 23;Frauen;Deutsche;11000000;Berlin;Akademischer Berufsabschluss;220.690
Mrz 23;Frauen;Deutsche;12000000;Brandenburg;Ohne Berufsabschluss;26.950
Mrz 23;Frauen;Deutsche;12000000;Brandenburg;Anerkannter Berufsabschluss;276.470
Mrz 23;Frauen;Deutsche;12000000;Brandenburg;Akademischer Berufsabschluss;60.870
Mrz 23;Frauen;Deutsche;13000000;Mecklenburg-Vorpommern;Ohne Berufsabschluss;19.540
Mrz 23;Frauen;Deutsche;13000000;Mecklenburg-Vorpommern;Anerkannter Berufsabschluss;200.190
Mrz 23;Frauen;Deutsche;13000000;Mecklenburg-Vorpommern;Akademischer Berufsabschluss;41.250
Mrz 23;Frauen;Deutsche;14000000;Sachsen;Ohne Berufsabschluss;45.830
Mrz 23;Frauen;Deutsche;14000000;Sachsen;Anerkannter Berufsabschluss;520.590
Mrz 23;Frauen;Deutsche;14000000;Sachsen;Akademischer Berufsabschluss;145.110
Mrz 23;Frauen;Deutsche;15000000;Sachsen-Anhalt;Ohne Berufsabschluss;22.860
Mrz 23;Frauen;Deutsche;15000000;Sachsen-Anhalt;Anerkannter Berufsabschluss;278.090
Mrz 23;Frauen;Deutsche;15000000;Sachsen-Anhalt;Akademischer Berufsabschluss;53.350
Mrz 23;Frauen;Deutsche;16000000;Thüringen;Ohne Berufsabschluss;21.000
Mrz 23;Frauen;Deutsche;16000000;Thüringen;Anerkannter Berufsabschluss;270.180
Mrz 23;Frauen;Deutsche;16000000;Thüringen;Akademischer Berufsabschluss;55.950
Feb 23;Frauen;Ausländer;1000000;Schleswig-Holstein;Ohne Berufsabschluss;8.880
Feb 23;Frauen;Ausländer;1000000;Schleswig-Holstein;Anerkannter Berufsabschluss;11.130
Feb 23;Frauen;Ausländer;1000000;Schleswig-Holstein;Akademischer Berufsabschluss;6.410
Feb 23;Frauen;Ausländer;2000000;Hamburg;Ohne Berufsabschluss;13.420
Feb 23;Frauen;Ausländer;2000000;Hamburg;Anerkannter Berufsabschluss;17.560
Feb 23;Frauen;Ausländer;2000000;Hamburg;Akademischer Berufsabschluss;18.310
Feb 23;Frauen;Ausländer;3000000;Niedersachsen;Ohne Berufsabschluss;31.790
Feb 23;Frauen;Ausländer;3000000;Niedersachsen;Anerkannter Berufsabschluss;39.070
Feb 23;Frauen;Ausländer;3000000;Niedersachsen;Akademischer Berufsabschluss;21.470
Feb 23;Frauen;Ausländer;4000000;Bremen;Ohne Berufsabschluss;4.640
Feb 23;Frauen;Ausländer;4000000;Bremen;Anerkannter Berufsabschluss;5.210
Feb 23;Frauen;Ausländer;4000000;Bremen;Akademischer Berufsabschluss;3.860
Feb 23;Frauen;Ausländer;5000000;Nordrhein-Westfalen;Ohne Berufsabschluss;101.230
Feb 23;Frauen;Ausländer;5000000;Nordrhein-Westfalen;Anerkannter Berufsabschluss;121.790
Feb 23;Frauen;Ausländer;5000000;Nordrhein-Westfalen;Akademischer Berufsabschluss;70.500
Feb 23;Frauen;Ausländer;6000000;Hessen;Ohne Berufsabschluss;44.420
Feb 23;Frauen;Ausländer;6000000;Hessen;Anerkannter Berufsabschluss;62.840
Feb 23;Frauen;Ausländer;6000000;Hessen;Akademischer Berufsabschluss;46.180
Feb 23;Frauen;Ausländer;7000000;Rheinland-Pfalz;Ohne Berufsabschluss;19.670
Feb 23;Frauen;Ausländer;7000000;Rheinland-Pfalz;Anerkannter Berufsabschluss;26.460
Feb 23;Frauen;Ausländer;7000000;Rheinland-Pfalz;Akademischer Berufsabschluss;12.500
Feb 23;Frauen;Ausländer;8000000;Baden-Württemberg;Ohne Berufsabschluss;92.440
Feb 23;Frauen;Ausländer;8000000;Baden-Württemberg;Anerkannter Berufsabschluss;137.350
Feb 23;Frauen;Ausländer;8000000;Baden-Württemberg;Akademischer Berufsabschluss;66.540
Feb 23;Frauen;Ausländer;9000000;Bayern;Ohne Berufsabschluss;88.480
Feb 23;Frauen;Ausländer;9000000;Bayern;Anerkannter Berufsabschluss;146.870
Feb 23;Frauen;Ausländer;9000000;Bayern;Akademischer Berufsabschluss;97.270
Feb 23;Frauen;Ausländer;10000000;Saarland;Ohne Berufsabschluss;5.000
Feb 23;Frauen;Ausländer;10000000;Saarland;Anerkannter Berufsabschluss;7.530
Feb 23;Frauen;Ausländer;10000000;Saarland;Akademischer Berufsabschluss;3.280
Feb 23;Frauen;Ausländer;11000000;Berlin;Ohne Berufsabschluss;20.660
Feb 23;Frauen;Ausländer;11000000;Berlin;Anerkannter Berufsabschluss;27.110
Feb 23;Frauen;Ausländer;11000000;Berlin;Akademischer Berufsabschluss;55.720
Feb 23;Frauen;Ausländer;12000000;Brandenburg;Ohne Berufsabschluss;5.250
Feb 23;Frauen;Ausländer;12000000;Brandenburg;Anerkannter Berufsabschluss;9.090
Feb 23;Frauen;Ausländer;12000000;Brandenburg;Akademischer Berufsabschluss;8.020
Feb 23;Frauen;Ausländer;13000000;Mecklenburg-Vorpommern;Ohne Berufsabschluss;2.150
Feb 23;Frauen;Ausländer;13000000;Mecklenburg-Vorpommern;Anerkannter Berufsabschluss;3.740
Feb 23;Frauen;Ausländer;13000000;Mecklenburg-Vorpommern;Akademischer Berufsabschluss;3.270
Feb 23;Frauen;Ausländer;14000000;Sachsen;Ohne Berufsabschluss;6.760
Feb 23;Frauen;Ausländer;14000000;Sachsen;Anerkannter Berufsabschluss;13.790
Feb 23;Frauen;Ausländer;14000000;Sachsen;Akademischer Berufsabschluss;13.600
Feb 23;Frauen;Ausländer;15000000;Sachsen-Anhalt;Ohne Berufsabschluss;3.370
Feb 23;Frauen;Ausländer;15000000;Sachsen-Anhalt;Anerkannter Berufsabschluss;4.520
Feb 23;Frauen;Ausländer;15000000;Sachsen-Anhalt;Akademischer Berufsabschluss;4.180
Feb 23;Frauen;Ausländer;16000000;Thüringen;Ohne Berufsabschluss;5.150
Feb 23;Frauen;Ausländer;16000000;Thüringen;Anerkannter Berufsabschluss;6.650
Feb 23;Frauen;Ausländer;16000000;Thüringen;Akademischer Berufsabschluss;5.100
Feb 23;Frauen;Deutsche;1000000;Schleswig-Holstein;Ohne Berufsabschluss;48.120
Feb 23;Frauen;Deutsche;1000000;Schleswig-Holstein;Anerkannter Berufsabschluss;322.180
Feb 23;Frauen;Deutsche;1000000;Schleswig-Holstein;Akademischer Berufsabschluss;65.830
Feb 23;Frauen;Deutsche;2000000;Hamburg;Ohne Berufsabschluss;40.870
Feb 23;Frauen;Deutsche;2000000;Hamburg;Anerkannter Berufsabschluss;230.090
Feb 23;Frauen;Deutsche;2000000;Hamburg;Akademischer Berufsabschluss;124.830
Feb 23;Frauen;Deutsche;3000000;Niedersachsen;Ohne Berufsabschluss;134.710
Feb 23;Frauen;Deutsche;3000000;Niedersachsen;Anerkannter Berufsabschluss;914.040
Feb 23;Frauen;Deutsche;3000000;Niedersachsen;Akademischer Berufsabschluss;192.950
Feb 23;Frauen;Deutsche;4000000;Bremen;Ohne Berufsabschluss;14.970
Feb 23;Frauen;Deutsche;4000000;Bremen;Anerkannter Berufsabschluss;83.630
Feb 23;Frauen;Deutsche;4000000;Bremen;Akademischer Berufsabschluss;27.850
Feb 23;Frauen;Deutsche;5000000;Nordrhein-Westfalen;Ohne Berufsabschluss;353.480
Feb 23;Frauen;Deutsche;5000000;Nordrhein-Westfalen;Anerkannter Berufsabschluss;1.869.560
Feb 23;Frauen;Deutsche;5000000;Nordrhein-Westfalen;Akademischer Berufsabschluss;534.080
Feb 23;Frauen;Deutsche;6000000;Hessen;Ohne Berufsabschluss;109.480
Feb 23;Frauen;Deutsche;6000000;Hessen;Anerkannter Berufsabschluss;642.750
Feb 23;Frauen;Deutsche;6000000;Hessen;Akademischer Berufsabschluss;236.520
Feb 23;Frauen;Deutsche;7000000;Rheinland-Pfalz;Ohne Berufsabschluss;71.000
Feb 23;Frauen;Deutsche;7000000;Rheinland-Pfalz;Anerkannter Berufsabschluss;425.350
Feb 23;Frauen;Deutsche;7000000;Rheinland-Pfalz;Akademischer Berufsabschluss;88.990
Feb 23;Frauen;Deutsche;8000000;Baden-Württemberg;Ohne Berufsabschluss;205.460
Feb 23;Frauen;Deutsche;8000000;Baden-Württemberg;Anerkannter Berufsabschluss;1.221.930
Feb 23;Frauen;Deutsche;8000000;Baden-Württemberg;Akademischer Berufsabschluss;370.870
Feb 23;Frauen;Deutsche;9000000;Bayern;Ohne Berufsabschluss;211.810
Feb 23;Frauen;Deutsche;9000000;Bayern;Anerkannter Berufsabschluss;1.553.360
Feb 23;Frauen;Deutsche;9000000;Bayern;Akademischer Berufsabschluss;442.200
Feb 23;Frauen;Deutsche;10000000;Saarland;Ohne Berufsabschluss;18.450
Feb 23;Frauen;Deutsche;10000000;Saarland;Anerkannter Berufsabschluss;112.300
Feb 23;Frauen;Deutsche;10000000;Saarland;Akademischer Berufsabschluss;22.290
Feb 23;Frauen;Deutsche;11000000;Berlin;Ohne Berufsabschluss;62.820
Feb 23;Frauen;Deutsche;11000000;Berlin;Anerkannter Berufsabschluss;345.610
Feb 23;Frauen;Deutsche;11000000;Berlin;Akademischer Berufsabschluss;220.410
Feb 23;Frauen;Deutsche;12000000;Brandenburg;Ohne Berufsabschluss;27.200
Feb 23;Frauen;Deutsche;12000000;Brandenburg;Anerkannter Berufsabschluss;276.240
Feb 23;Frauen;Deutsche;12000000;Brandenburg;Akademischer Berufsabschluss;60.740
Feb 23;Frauen;Deutsche;13000000;Mecklenburg-Vorpommern;Ohne Berufsabschluss;19.730
Feb 23;Frauen;Deutsche;13000000;Mecklenburg-Vorpommern;Anerkannter Berufsabschluss;199.320
Feb 23;Frauen;Deutsche;13000000;Mecklenburg-Vorpommern;Akademischer Berufsabschluss;41.080
Feb 23;Frauen;Deutsche;14000000;Sachsen;Ohne Berufsabschluss;46.350
Feb 23;Frauen;Deutsche;14000000;Sachsen;Anerkannter Berufsabschluss;520.300
Feb 23;Frauen;Deutsche;14000000;Sachsen;Akademischer Berufsabschluss;144.840
Feb 23;Frauen;Deutsche;15000000;Sachsen-Anhalt;Ohne Berufsabschluss;23.210
Feb 23;Frauen;Deutsche;15000000;Sachsen-Anhalt;Anerkannter Berufsabschluss;277.770
Feb 23;Frauen;Deutsche;15000000;Sachsen-Anhalt;Akademischer Berufsabschluss;53.190
Feb 23;Frauen;Deutsche;16000000;Thüringen;Ohne Berufsabschluss;21.300
Feb 23;Frauen;Deutsche;16000000;Thüringen;Anerkannter Berufsabschluss;269.960
Feb 23;Frauen;Deutsche;16000000;Thüringen;Akademischer Berufsabschluss;55.700
Jan 23;Frauen;Ausländer;1000000;Schleswig-Holstein;Ohne Berufsabschluss;8.820
Jan 23;Frauen;Ausländer;1000000;Schleswig-Holstein;Anerkannter Berufsabschluss;10.980
Jan 23;Frauen;Ausländer;1000000;Schleswig-Holstein;Akademischer Berufsabschluss;6.310
Jan 23;Frauen;Ausländer;2000000;Hamburg;Ohne Berufsabschluss;13.230
Jan 23;Frauen;Ausländer;2000000;Hamburg;Anerkannter Berufsabschluss;17.360
Jan 23;Frauen;Ausländer;2000000;Hamburg;Akademischer Berufsabschluss;18.030
Jan 23;Frauen;Ausländer;3000000;Niedersachsen;Ohne Berufsabschluss;31.650
Jan 23;Frauen;Ausländer;3000000;Niedersachsen;Anerkannter Berufsabschluss;38.630
Jan 23;Frauen;Ausländer;3000000;Niedersachsen;Akademischer Berufsabschluss;21.160
Jan 23;Frauen;Ausländer;4000000;Bremen;Ohne Berufsabschluss;4.710
Jan 23;Frauen;Ausländer;4000000;Bremen;Anerkannter Berufsabschluss;5.220
Jan 23;Frauen;Ausländer;4000000;Bremen;Akademischer Berufsabschluss;3.820
Jan 23;Frauen;Ausländer;5000000;Nordrhein-Westfalen;Ohne Berufsabschluss;101.080
Jan 23;Frauen;Ausländer;5000000;Nordrhein-Westfalen;Anerkannter Berufsabschluss;120.940
Jan 23;Frauen;Ausländer;5000000;Nordrhein-Westfalen;Akademischer Berufsabschluss;69.670
Jan 23;Frauen;Ausländer;6000000;Hessen;Ohne Berufsabschluss;44.690
Jan 23;Frauen;Ausländer;6000000;Hessen;Anerkannter Berufsabschluss;62.500
Jan 23;Frauen;Ausländer;6000000;Hessen;Akademischer Berufsabschluss;45.710
Jan 23;Frauen;Ausländer;7000000;Rheinland-Pfalz;Ohne Berufsabschluss;19.610
Jan 23;Frauen;Ausländer;7000000;Rheinland-Pfalz;Anerkannter Berufsabschluss;26.260
Jan 23;Frauen;Ausländer;7000000;Rheinland-Pfalz;Akademischer Berufsabschluss;12.370
Jan 23;Frauen;Ausländer;8000000;Baden-Württemberg;Ohne Berufsabschluss;92.480
Jan 23;Frauen;Ausländer;8000000;Baden-Württemberg;Anerkannter Berufsabschluss;136.300
Jan 23;Frauen;Ausländer;8000000;Baden-Württemberg;Akademischer Berufsabschluss;65.880
Jan 23;Frauen;Ausländer;9000000;Bayern;Ohne Berufsabschluss;88.470
Jan 23;Frauen;Ausländer;9000000;Bayern;Anerkannter Berufsabschluss;145.850
Jan 23;Frauen;Ausländer;9000000;Bayern;Akademischer Berufsabschluss;96.320
Jan 23;Frauen;Ausländer;10000000;Saarland;Ohne Berufsabschluss;4.990
Jan 23;Frauen;Ausländer;10000000;Saarland;Anerkannter Berufsabschluss;7.500
Jan 23;Frauen;Ausländer;10000000;Saarland;Akademischer Berufsabschluss;3.250
Jan 23;Frauen;Ausländer;11000000;Berlin;Ohne Berufsabschluss;20.470
Jan 23;Frauen;Ausländer;11000000;Berlin;Anerkannter Berufsabschluss;26.930
Jan 23;Frauen;Ausländer;11000000;Berlin;Akademischer Berufsabschluss;55.130
Jan 23;Frauen;Ausländer;12000000;Brandenburg;Ohne Berufsabschluss;5.250
Jan 23;Frauen;Ausländer;12000000;Brandenburg;Anerkannter Berufsabschluss;9.020
Jan 23;Frauen;Ausländer;12000000;Brandenburg;Akademischer Berufsabschluss;7.900
Jan 23;Frauen;Ausländer;13000000;Mecklenburg-Vorpommern;Ohne Berufsabschluss;2.150
Jan 23;Frauen;Ausländer;13000000;Mecklenburg-Vorpommern;Anerkannter Berufsabschluss;3.660
Jan 23;Frauen;Ausländer;13000000;Mecklenburg-Vorpommern;Akademischer Berufsabschluss;3.230
Jan 23;Frauen;Ausländer;14000000;Sachsen;Ohne Berufsabschluss;6.750
Jan 23;Frauen;Ausländer;14000000;Sachsen;Anerkannter Berufsabschluss;13.690
Jan 23;Frauen;Ausländer;14000000;Sachsen;Akademischer Berufsabschluss;13.420
Jan 23;Frauen;Ausländer;15000000;Sachsen-Anhalt;Ohne Berufsabschluss;3.370
Jan 23;Frauen;Ausländer;15000000;Sachsen-Anhalt;Anerkannter Berufsabschluss;4.430
Jan 23;Frauen;Ausländer;15000000;Sachsen-Anhalt;Akademischer Berufsabschluss;4.120
Jan 23;Frauen;Ausländer;16000000;Thüringen;Ohne Berufsabschluss;5.180
Jan 23;Frauen;Ausländer;16000000;Thüringen;Anerkannter Berufsabschluss;6.540
Jan 23;Frauen;Ausländer;16000000;Thüringen;Akademischer Berufsabschluss;5.070
Jan 23;Frauen;Deutsche;1000000;Schleswig-Holstein;Ohne Berufsabschluss;49.310
Jan 23;Frauen;Deutsche;1000000;Schleswig-Holstein;Anerkannter Berufsabschluss;320.790
Jan 23;Frauen;Deutsche;1000000;Schleswig-Holstein;Akademischer Berufsabschluss;65.370
Jan 23;Frauen;Deutsche;2000000;Hamburg;Ohne Berufsabschluss;41.110
Jan 23;Frauen;Deutsche;2000000;Hamburg;Anerkannter Berufsabschluss;229.710
Jan 23;Frauen;Deutsche;2000000;Hamburg;Akademischer Berufsabschluss;124.210
Jan 23;Frauen;Deutsche;3000000;Niedersachsen;Ohne Berufsabschluss;137.720
Jan 23;Frauen;Deutsche;3000000;Niedersachsen;Anerkannter Berufsabschluss;911.430
Jan 23;Frauen;Deutsche;3000000;Niedersachsen;Akademischer Berufsabschluss;191.950
Jan 23;Frauen;Deutsche;4000000;Bremen;Ohne Berufsabschluss;15.220
Jan 23;Frauen;Deutsche;4000000;Bremen;Anerkannter Berufsabschluss;83.690
Jan 23;Frauen;Deutsche;4000000;Bremen;Akademischer Berufsabschluss;27.790
Jan 23;Frauen;Deutsche;5000000;Nordrhein-Westfalen;Ohne Berufsabschluss;357.670
Jan 23;Frauen;Deutsche;5000000;Nordrhein-Westfalen;Anerkannter Berufsabschluss;1.866.560
Jan 23;Frauen;Deutsche;5000000;Nordrhein-Westfalen;Akademischer Berufsabschluss;531.960
Jan 23;Frauen;Deutsche;6000000;Hessen;Ohne Berufsabschluss;111.510
Jan 23;Frauen;Deutsche;6000000;Hessen;Anerkannter Berufsabschluss;641.030
Jan 23;Frauen;Deutsche;6000000;Hessen;Akademischer Berufsabschluss;235.280
Jan 23;Frauen;Deutsche;7000000;Rheinland-Pfalz;Ohne Berufsabschluss;72.650
Jan 23;Frauen;Deutsche;7000000;Rheinland-Pfalz;Anerkannter Berufsabschluss;424.570
Jan 23;Frauen;Deutsche;7000000;Rheinland-Pfalz;Akademischer Berufsabschluss;88.570
Jan 23;Frauen;Deutsche;8000000;Baden-Württemberg;Ohne Berufsabschluss;210.000
Jan 23;Frauen;Deutsche;8000000;Baden-Württemberg;Anerkannter Berufsabschluss;1.218.650
Jan 23;Frauen;Deutsche;8000000;Baden-Württemberg;Akademischer Berufsabschluss;369.220
Jan 23;Frauen;Deutsche;9000000;Bayern;Ohne Berufsabschluss;216.370
Jan 23;Frauen;Deutsche;9000000;Bayern;Anerkannter Berufsabschluss;1.549.890
Jan 23;Frauen;Deutsche;9000000;Bayern;Akademischer Berufsabschluss;440.490
Jan 23;Frauen;Deutsche;10000000;Saarland;Ohne Berufsabschluss;18.840
Jan 23;Frauen;Deutsche;10000000;Saarland;Anerkannter Berufsabschluss;111.860
Jan 23;Frauen;Deutsche;10000000;Saarland;Akademischer Berufsabschluss;22.230
Jan 23;Frauen;Deutsche;11000000;Berlin;Ohne Berufsabschluss;63.010
Jan 23;Frauen;Deutsche;11000000;Berlin;Anerkannter Berufsabschluss;345.090
Jan 23;Frauen;Deutsche;11000000;Berlin;Akademischer Berufsabschluss;219.420
Jan 23;Frauen;Deutsche;12000000;Brandenburg;Ohne Berufsabschluss;27.750
Jan 23;Frauen;Deutsche;12000000;Brandenburg;Anerkannter Berufsabschluss;275.850
Jan 23;Frauen;Deutsche;12000000;Brandenburg;Akademischer Berufsabschluss;60.440
Jan 23;Frauen;Deutsche;13000000;Mecklenburg-Vorpommern;Ohne Berufsabschluss;20.240
Jan 23;Frauen;Deutsche;13000000;Mecklenburg-Vorpommern;Anerkannter Berufsabschluss;199.090
Jan 23;Frauen;Deutsche;13000000;Mecklenburg-Vorpommern;Akademischer Berufsabschluss;41.060
Jan 23;Frauen;Deutsche;14000000;Sachsen;Ohne Berufsabschluss;47.250
Jan 23;Frauen;Deutsche;14000000;Sachsen;Anerkannter Berufsabschluss;519.670
Jan 23;Frauen;Deutsche;14000000;Sachsen;Akademischer Berufsabschluss;144.660
Jan 23;Frauen;Deutsche;15000000;Sachsen-Anhalt;Ohne Berufsabschluss;23.770
Jan 23;Frauen;Deutsche;15000000;Sachsen-Anhalt;Anerkannter Berufsabschluss;277.540
Jan 23;Frauen;Deutsche;15000000;Sachsen-Anhalt;Akademischer Berufsabschluss;53.100
Jan 23;Frauen;Deutsche;16000000;Thüringen;Ohne Berufsabschluss;21.660
Jan 23;Frauen;Deutsche;16000000;Thüringen;Anerkannter Berufsabschluss;269.370
Jan 23;Frauen;Deutsche;16000000;Thüringen;Akademischer Berufsabschluss;55.590
Dez 22;Frauen;Ausländer;1000000;Schleswig-Holstein;Ohne Berufsabschluss;8.840
Dez 22;Frauen;Ausländer;1000000;Schleswig-Holstein;Anerkannter Berufsabschluss;10.920
Dez 22;Frauen;Ausländer;1000000;Schleswig-Holstein;Akademischer Berufsabschluss;6.270
Dez 22;Frauen;Ausländer;2000000;Hamburg;Ohne Berufsabschluss;13.300
Dez 22;Frauen;Ausländer;2000000;Hamburg;Anerkannter Berufsabschluss;17.290
Dez 22;Frauen;Ausländer;2000000;Hamburg;Akademischer Berufsabschluss;17.950
Dez 22;Frauen;Ausländer;3000000;Niedersachsen;Ohne Berufsabschluss;31.790
Dez 22;Frauen;Ausländer;3000000;Niedersachsen;Anerkannter Berufsabschluss;38.370
Dez 22;Frauen;Ausländer;3000000;Niedersachsen;Akademischer Berufsabschluss;21.150
Dez 22;Frauen;Ausländer;4000000;Bremen;Ohne Berufsabschluss;4.660
Dez 22;Frauen;Ausländer;4000000;Bremen;Anerkannter Berufsabschluss;5.200
Dez 22;Frauen;Ausländer;4000000;Bremen;Akademischer Berufsabschluss;3.820
Dez 22;Frauen;Ausländer;5000000;Nordrhein-Westfalen;Ohne Berufsabschluss;102.100
Dez 22;Frauen;Ausländer;5000000;Nordrhein-Westfalen;Anerkannter Berufsabschluss;120.520
Dez 22;Frauen;Ausländer;5000000;Nordrhein-Westfalen;Akademischer Berufsabschluss;69.450
Dez 22;Frauen;Ausländer;6000000;Hessen;Ohne Berufsabschluss;44.550
Dez 22;Frauen;Ausländer;6000000;Hessen;Anerkannter Berufsabschluss;62.560
Dez 22;Frauen;Ausländer;6000000;Hessen;Akademischer Berufsabschluss;45.450
Dez 22;Frauen;Ausländer;7000000;Rheinland-Pfalz;Ohne Berufsabschluss;19.750
Dez 22;Frauen;Ausländer;7000000;Rheinland-Pfalz;Anerkannter Berufsabschluss;26.320
Dez 22;Frauen;Ausländer;7000000;Rheinland-Pfalz;Akademischer Berufsabschluss;12.360
Dez 22;Frauen;Ausländer;8000000;Baden-Württemberg;Ohne Berufsabschluss;92.440
Dez 22;Frauen;Ausländer;8000000;Baden-Württemberg;Anerkannter Berufsabschluss;136.270
Dez 22;Frauen;Ausländer;8000000;Baden-Württemberg;Akademischer Berufsabschluss;65.500
Dez 22;Frauen;Ausländer;9000000;Bayern;Ohne Berufsabschluss;88.540
Dez 22;Frauen;Ausländer;9000000;Bayern;Anerkannter Berufsabschluss;145.760
Dez 22;Frauen;Ausländer;9000000;Bayern;Akademischer Berufsabschluss;95.870
Dez 22;Frauen;Ausländer;10000000;Saarland;Ohne Berufsabschluss;4.970
Dez 22;Frauen;Ausländer;10000000;Saarland;Anerkannter Berufsabschluss;7.500
Dez 22;Frauen;Ausländer;10000000;Saarland;Akademischer Berufsabschluss;3.250
Dez 22;Frauen;Ausländer;11000000;Berlin;Ohne Berufsabschluss;20.590
Dez 22;Frauen;Ausländer;11000000;Berlin;Anerkannter Berufsabschluss;26.890
Dez 22;Frauen;Ausländer;11000000;Berlin;Akademischer Berufsabschluss;54.990
Dez 22;Frauen;Ausländer;12000000;Brandenburg;Ohne Berufsabschluss;5.290
Dez 22;Frauen;Ausländer;12000000;Brandenburg;Anerkannter Berufsabschluss;9.040
Dez 22;Frauen;Ausländer;12000000;Brandenburg;Akademischer Berufsabschluss;7.910
Dez 22;Frauen;Ausländer;13000000;Mecklenburg-Vorpommern;Ohne Berufsabschluss;2.180
Dez 22;Frauen;Ausländer;13000000;Mecklenburg-Vorpommern;Anerkannter Berufsabschluss;3.690
Dez 22;Frauen;Ausländer;13000000;Mecklenburg-Vorpommern;Akademischer Berufsabschluss;3.230
Dez 22;Frauen;Ausländer;14000000;Sachsen;Ohne Berufsabschluss;6.820
Dez 22;Frauen;Ausländer;14000000;Sachsen;Anerkannter Berufsabschluss;13.610
Dez 22;Frauen;Ausländer;14000000;Sachsen;Akademischer Berufsabschluss;13.410
Dez 22;Frauen;Ausländer;15000000;Sachsen-Anhalt;Ohne Berufsabschluss;3.380
Dez 22;Frauen;Ausländer;15000000;Sachsen-Anhalt;Anerkannter Berufsabschluss;4.390
Dez 22;Frauen;Ausländer;15000000;Sachsen-Anhalt;Akademischer Berufsabschluss;4.120
Dez 22;Frauen;Ausländer;16000000;Thüringen;Ohne Berufsabschluss;5.160
Dez 22;Frauen;Ausländer;16000000;Thüringen;Anerkannter Berufsabschluss;6.470
Dez 22;Frauen;Ausländer;16000000;Thüringen;Akademischer Berufsabschluss;5.050
Dez 22;Frauen;Deutsche;1000000;Schleswig-Holstein;Ohne Berufsabschluss;50.140
Dez 22;Frauen;Deutsche;1000000;Schleswig-Holstein;Anerkannter Berufsabschluss;322.550
Dez 22;Frauen;Deutsche;1000000;Schleswig-Holstein;Akademischer Berufsabschluss;65.510
Dez 22;Frauen;Deutsche;2000000;Hamburg;Ohne Berufsabschluss;41.640
Dez 22;Frauen;Deutsche;2000000;Hamburg;Anerkannter Berufsabschluss;230.000
Dez 22;Frauen;Deutsche;2000000;Hamburg;Akademischer Berufsabschluss;123.920
Dez 22;Frauen;Deutsche;3000000;Niedersachsen;Ohne Berufsabschluss;140.560
Dez 22;Frauen;Deutsche;3000000;Niedersachsen;Anerkannter Berufsabschluss;914.110
Dez 22;Frauen;Deutsche;3000000;Niedersachsen;Akademischer Berufsabschluss;192.820
Dez 22;Frauen;Deutsche;4000000;Bremen;Ohne Berufsabschluss;15.480
Dez 22;Frauen;Deutsche;4000000;Bremen;Anerkannter Berufsabschluss;83.770
Dez 22;Frauen;Deutsche;4000000;Bremen;Akademischer Berufsabschluss;27.850
Dez 22;Frauen;Deutsche;5000000;Nordrhein-Westfalen;Ohne Berufsabschluss;365.700
Dez 22;Frauen;Deutsche;5000000;Nordrhein-Westfalen;Anerkannter Berufsabschluss;1.869.420
Dez 22;Frauen;Deutsche;5000000;Nordrhein-Westfalen;Akademischer Berufsabschluss;532.160
Dez 22;Frauen;Deutsche;6000000;Hessen;Ohne Berufsabschluss;112.620
Dez 22;Frauen;Deutsche;6000000;Hessen;Anerkannter Berufsabschluss;643.360
Dez 22;Frauen;Deutsche;6000000;Hessen;Akademischer Berufsabschluss;235.160
Dez 22;Frauen;Deutsche;7000000;Rheinland-Pfalz;Ohne Berufsabschluss;73.790
Dez 22;Frauen;Deutsche;7000000;Rheinland-Pfalz;Anerkannter Berufsabschluss;425.930
Dez 22;Frauen;Deutsche;7000000;Rheinland-Pfalz;Akademischer Berufsabschluss;88.750
Dez 22;Frauen;Deutsche;8000000;Baden-Württemberg;Ohne Berufsabschluss;211.760
Dez 22;Frauen;Deutsche;8000000;Baden-Württemberg;Anerkannter Berufsabschluss;1.221.700
Dez 22;Frauen;Deutsche;8000000;Baden-Württemberg;Akademischer Berufsabschluss;368.860
Dez 22;Frauen;Deutsche;9000000;Bayern;Ohne Berufsabschluss;218.570
Dez 22;Frauen;Deutsche;9000000;Bayern;Anerkannter Berufsabschluss;1.555.350
Dez 22;Frauen;Deutsche;9000000;Bayern;Akademischer Berufsabschluss;439.880
Dez 22;Frauen;Deutsche;10000000;Saarland;Ohne Berufsabschluss;19.180
Dez 22;Frauen;Deutsche;10000000;Saarland;Anerkannter Berufsabschluss;112.190
Dez 22;Frauen;Deutsche;10000000;Saarland;Akademischer Berufsabschluss;22.270
Dez 22;Frauen;Deutsche;11000000;Berlin;Ohne Berufsabschluss;63.650
Dez 22;Frauen;Deutsche;11000000;Berlin;Anerkannter Berufsabschluss;347.870
Dez 22;Frauen;Deutsche;11000000;Berlin;Akademischer Berufsabschluss;220.250
Dez 22;Frauen;Deutsche;12000000;Brandenburg;Ohne Berufsabschluss;28.280
Dez 22;Frauen;Deutsche;12000000;Brandenburg;Anerkannter Berufsabschluss;277.640
Dez 22;Frauen;Deutsche;12000000;Brandenburg;Akademischer Berufsabschluss;61.040
Dez 22;Frauen;Deutsche;13000000;Mecklenburg-Vorpommern;Ohne Berufsabschluss;20.460
Dez 22;Frauen;Deutsche;13000000;Mecklenburg-Vorpommern;Anerkannter Berufsabschluss;200.550
Dez 22;Frauen;Deutsche;13000000;Mecklenburg-Vorpommern;Akademischer Berufsabschluss;41.190
Dez 22;Frauen;Deutsche;14000000;Sachsen;Ohne Berufsabschluss;47.980
Dez 22;Frauen;Deutsche;14000000;Sachsen;Anerkannter Berufsabschluss;523.320
Dez 22;Frauen;Deutsche;14000000;Sachsen;Akademischer Berufsabschluss;145.480
Dez 22;Frauen;Deutsche;15000000;Sachsen-Anhalt;Ohne Berufsabschluss;24.130
Dez 22;Frauen;Deutsche;15000000;Sachsen-Anhalt;Anerkannter Berufsabschluss;279.580
Dez 22;Frauen;Deutsche;15000000;Sachsen-Anhalt;Akademischer Berufsabschluss;53.550
Dez 22;Frauen;Deutsche;16000000;Thüringen;Ohne Berufsabschluss;22.080
Dez 22;Frauen;Deutsche;16000000;Thüringen;Anerkannter Berufsabschluss;271.210
Dez 22;Frauen;Deutsche;16000000;Thüringen;Akademischer Berufsabschluss;55.870
Nov 22;Frauen;Ausländer;1000000;Schleswig-Holstein;Ohne Berufsabschluss;8.940
Nov 22;Frauen;Ausländer;1000000;Schleswig-Holstein;Anerkannter Berufsabschluss;10.930
Nov 22;Frauen;Ausländer;1000000;Schleswig-Holstein;Akademischer Berufsabschluss;6.270
Nov 22;Frauen;Ausländer;2000000;Hamburg;Ohne Berufsabschluss;13.440
Nov 22;Frauen;Ausländer;2000000;Hamburg;Anerkannter Berufsabschluss;17.340
Nov 22;Frauen;Ausländer;2000000;Hamburg;Akademischer Berufsabschluss;17.920
Nov 22;Frauen;Ausländer;3000000;Niedersachsen;Ohne Berufsabschluss;32.090
Nov 22;Frauen;Ausländer;3000000;Niedersachsen;Anerkannter Berufsabschluss;38.590
Nov 22;Frauen;Ausländer;3000000;Niedersachsen;Akademischer Berufsabschluss;21.090
Nov 22;Frauen;Ausländer;4000000;Bremen;Ohne Berufsabschluss;4.720
Nov 22;Frauen;Ausländer;4000000;Bremen;Anerkannter Berufsabschluss;5.190
Nov 22;Frauen;Ausländer;4000000;Bremen;Akademischer Berufsabschluss;3.840
Nov 22;Frauen;Ausländer;5000000;Nordrhein-Westfalen;Ohne Berufsabschluss;103.130
Nov 22;Frauen;Ausländer;5000000;Nordrhein-Westfalen;Anerkannter Berufsabschluss;120.510
Nov 22;Frauen;Ausländer;5000000;Nordrhein-Westfalen;Akademischer Berufsabschluss;69.030
Nov 22;Frauen;Ausländer;6000000;Hessen;Ohne Berufsabschluss;44.960
Nov 22;Frauen;Ausländer;6000000;Hessen;Anerkannter Berufsabschluss;62.700
Nov 22;Frauen;Ausländer;6000000;Hessen;Akademischer Berufsabschluss;45.210
Nov 22;Frauen;Ausländer;7000000;Rheinland-Pfalz;Ohne Berufsabschluss;20.090
Nov 22;Frauen;Ausländer;7000000;Rheinland-Pfalz;Anerkannter Berufsabschluss;26.390
Nov 22;Frauen;Ausländer;7000000;Rheinland-Pfalz;Akademischer Berufsabschluss;12.340
Nov 22;Frauen;Ausländer;8000000;Baden-Württemberg;Ohne Berufsabschluss;93.170
Nov 22;Frauen;Ausländer;8000000;Baden-Württemberg;Anerkannter Berufsabschluss;136.680
Nov 22;Frauen;Ausländer;8000000;Baden-Württemberg;Akademischer Berufsabschluss;65.250
Nov 22;Frauen;Ausländer;9000000;Bayern;Ohne Berufsabschluss;89.590
Nov 22;Frauen;Ausländer;9000000;Bayern;Anerkannter Berufsabschluss;146.140
Nov 22;Frauen;Ausländer;9000000;Bayern;Akademischer Berufsabschluss;95.450
Nov 22;Frauen;Ausländer;10000000;Saarland;Ohne Berufsabschluss;5.050
Nov 22;Frauen;Ausländer;10000000;Saarland;Anerkannter Berufsabschluss;7.550
Nov 22;Frauen;Ausländer;10000000;Saarland;Akademischer Berufsabschluss;3.240
Nov 22;Frauen;Ausländer;11000000;Berlin;Ohne Berufsabschluss;20.560
Nov 22;Frauen;Ausländer;11000000;Berlin;Anerkannter Berufsabschluss;26.930
Nov 22;Frauen;Ausländer;11000000;Berlin;Akademischer Berufsabschluss;54.940
Nov 22;Frauen;Ausländer;12000000;Brandenburg;Ohne Berufsabschluss;5.350
Nov 22;Frauen;Ausländer;12000000;Brandenburg;Anerkannter Berufsabschluss;9.130
Nov 22;Frauen;Ausländer;12000000;Brandenburg;Akademischer Berufsabschluss;7.850
Nov 22;Frauen;Ausländer;13000000;Mecklenburg-Vorpommern;Ohne Berufsabschluss;2.220
Nov 22;Frauen;Ausländer;13000000;Mecklenburg-Vorpommern;Anerkannter Berufsabschluss;3.750
Nov 22;Frauen;Ausländer;13000000;Mecklenburg-Vorpommern;Akademischer Berufsabschluss;3.210
Nov 22;Frauen;Ausländer;14000000;Sachsen;Ohne Berufsabschluss;6.950
Nov 22;Frauen;Ausländer;14000000;Sachsen;Anerkannter Berufsabschluss;13.680
Nov 22;Frauen;Ausländer;14000000;Sachsen;Akademischer Berufsabschluss;13.350
Nov 22;Frauen;Ausländer;15000000;Sachsen-Anhalt;Ohne Berufsabschluss;3.410
Nov 22;Frauen;Ausländer;15000000;Sachsen-Anhalt;Anerkannter Berufsabschluss;4.460
Nov 22;Frauen;Ausländer;15000000;Sachsen-Anhalt;Akademischer Berufsabschluss;4.110
Nov 22;Frauen;Ausländer;16000000;Thüringen;Ohne Berufsabschluss;5.230
Nov 22;Frauen;Ausländer;16000000;Thüringen;Anerkannter Berufsabschluss;6.570
Nov 22;Frauen;Ausländer;16000000;Thüringen;Akademischer Berufsabschluss;5.060
Nov 22;Frauen;Deutsche;1000000;Schleswig-Holstein;Ohne Berufsabschluss;50.560
Nov 22;Frauen;Deutsche;1000000;Schleswig-Holstein;Anerkannter Berufsabschluss;323.510
Nov 22;Frauen;Deutsche;1000000;Schleswig-Holstein;Akademischer Berufsabschluss;65.410
Nov 22;Frauen;Deutsche;2000000;Hamburg;Ohne Berufsabschluss;41.950
Nov 22;Frauen;Deutsche;2000000;Hamburg;Anerkannter Berufsabschluss;230.710
Nov 22;Frauen;Deutsche;2000000;Hamburg;Akademischer Berufsabschluss;123.750
Nov 22;Frauen;Deutsche;3000000;Niedersachsen;Ohne Berufsabschluss;141.510
Nov 22;Frauen;Deutsche;3000000;Niedersachsen;Anerkannter Berufsabschluss;917.020
Nov 22;Frauen;Deutsche;3000000;Niedersachsen;Akademischer Berufsabschluss;192.620
Nov 22;Frauen;Deutsche;4000000;Bremen;Ohne Berufsabschluss;15.680
Nov 22;Frauen;Deutsche;4000000;Bremen;Anerkannter Berufsabschluss;83.960
Nov 22;Frauen;Deutsche;4000000;Bremen;Akademischer Berufsabschluss;27.860
Nov 22;Frauen;Deutsche;5000000;Nordrhein-Westfalen;Ohne Berufsabschluss;368.500
Nov 22;Frauen;Deutsche;5000000;Nordrhein-Westfalen;Anerkannter Berufsabschluss;1.874.140
Nov 22;Frauen;Deutsche;5000000;Nordrhein-Westfalen;Akademischer Berufsabschluss;531.540
Nov 22;Frauen;Deutsche;6000000;Hessen;Ohne Berufsabschluss;113.250
Nov 22;Frauen;Deutsche;6000000;Hessen;Anerkannter Berufsabschluss;645.420
Nov 22;Frauen;Deutsche;6000000;Hessen;Akademischer Berufsabschluss;234.940
Nov 22;Frauen;Deutsche;7000000;Rheinland-Pfalz;Ohne Berufsabschluss;74.310
Nov 22;Frauen;Deutsche;7000000;Rheinland-Pfalz;Anerkannter Berufsabschluss;427.290
Nov 22;Frauen;Deutsche;7000000;Rheinland-Pfalz;Akademischer Berufsabschluss;88.670
Nov 22;Frauen;Deutsche;8000000;Baden-Württemberg;Ohne Berufsabschluss;213.280
Nov 22;Frauen;Deutsche;8000000;Baden-Württemberg;Anerkannter Berufsabschluss;1.224.910
Nov 22;Frauen;Deutsche;8000000;Baden-Württemberg;Akademischer Berufsabschluss;368.650
Nov 22;Frauen;Deutsche;9000000;Bayern;Ohne Berufsabschluss;220.380
Nov 22;Frauen;Deutsche;9000000;Bayern;Anerkannter Berufsabschluss;1.560.170
Nov 22;Frauen;Deutsche;9000000;Bayern;Akademischer Berufsabschluss;438.950
Nov 22;Frauen;Deutsche;10000000;Saarland;Ohne Berufsabschluss;19.220
Nov 22;Frauen;Deutsche;10000000;Saarland;Anerkannter Berufsabschluss;112.420
Nov 22;Frauen;Deutsche;10000000;Saarland;Akademischer Berufsabschluss;22.210
Nov 22;Frauen;Deutsche;11000000;Berlin;Ohne Berufsabschluss;64.160
Nov 22;Frauen;Deutsche;11000000;Berlin;Anerkannter Berufsabschluss;348.250
Nov 22;Frauen;Deutsche;11000000;Berlin;Akademischer Berufsabschluss;220.270
Nov 22;Frauen;Deutsche;12000000;Brandenburg;Ohne Berufsabschluss;28.550
Nov 22;Frauen;Deutsche;12000000;Brandenburg;Anerkannter Berufsabschluss;279.110
Nov 22;Frauen;Deutsche;12000000;Brandenburg;Akademischer Berufsabschluss;61.180
Nov 22;Frauen;Deutsche;13000000;Mecklenburg-Vorpommern;Ohne Berufsabschluss;20.640
Nov 22;Frauen;Deutsche;13000000;Mecklenburg-Vorpommern;Anerkannter Berufsabschluss;201.860
Nov 22;Frauen;Deutsche;13000000;Mecklenburg-Vorpommern;Akademischer Berufsabschluss;41.240
Nov 22;Frauen;Deutsche;14000000;Sachsen;Ohne Berufsabschluss;48.270
Nov 22;Frauen;Deutsche;14000000;Sachsen;Anerkannter Berufsabschluss;525.310
Nov 22;Frauen;Deutsche;14000000;Sachsen;Akademischer Berufsabschluss;145.500
Nov 22;Frauen;Deutsche;15000000;Sachsen-Anhalt;Ohne Berufsabschluss;24.310
Nov 22;Frauen;Deutsche;15000000;Sachsen-Anhalt;Anerkannter Berufsabschluss;280.970
Nov 22;Frauen;Deutsche;15000000;Sachsen-Anhalt;Akademischer Berufsabschluss;53.640
Nov 22;Frauen;Deutsche;16000000;Thüringen;Ohne Berufsabschluss;22.250
Nov 22;Frauen;Deutsche;16000000;Thüringen;Anerkannter Berufsabschluss;272.280
Nov 22;Frauen;Deutsche;16000000;Thüringen;Akademischer Berufsabschluss;55.850
Okt 22;Frauen;Ausländer;1000000;Schleswig-Holstein;Ohne Berufsabschluss;8.970
Okt 22;Frauen;Ausländer;1000000;Schleswig-Holstein;Anerkannter Berufsabschluss;11.000
Okt 22;Frauen;Ausländer;1000000;Schleswig-Holstein;Akademischer Berufsabschluss;6.220
Okt 22;Frauen;Ausländer;2000000;Hamburg;Ohne Berufsabschluss;13.360
Okt 22;Frauen;Ausländer;2000000;Hamburg;Anerkannter Berufsabschluss;17.250
Okt 22;Frauen;Ausländer;2000000;Hamburg;Akademischer Berufsabschluss;17.630
Okt 22;Frauen;Ausländer;3000000;Niedersachsen;Ohne Berufsabschluss;32.070
Okt 22;Frauen;Ausländer;3000000;Niedersachsen;Anerkannter Berufsabschluss;38.660
Okt 22;Frauen;Ausländer;3000000;Niedersachsen;Akademischer Berufsabschluss;20.790
Okt 22;Frauen;Ausländer;4000000;Bremen;Ohne Berufsabschluss;4.640
Okt 22;Frauen;Ausländer;4000000;Bremen;Anerkannter Berufsabschluss;5.160
Okt 22;Frauen;Ausländer;4000000;Bremen;Akademischer Berufsabschluss;3.770
Okt 22;Frauen;Ausländer;5000000;Nordrhein-Westfalen;Ohne Berufsabschluss;102.440
Okt 22;Frauen;Ausländer;5000000;Nordrhein-Westfalen;Anerkannter Berufsabschluss;119.900
Okt 22;Frauen;Ausländer;5000000;Nordrhein-Westfalen;Akademischer Berufsabschluss;68.130
Okt 22;Frauen;Ausländer;6000000;Hessen;Ohne Berufsabschluss;44.570
Okt 22;Frauen;Ausländer;6000000;Hessen;Anerkannter Berufsabschluss;62.410
Okt 22;Frauen;Ausländer;6000000;Hessen;Akademischer Berufsabschluss;44.670
Okt 22;Frauen;Ausländer;7000000;Rheinland-Pfalz;Ohne Berufsabschluss;20.300
Okt 22;Frauen;Ausländer;7000000;Rheinland-Pfalz;Anerkannter Berufsabschluss;26.330
Okt 22;Frauen;Ausländer;7000000;Rheinland-Pfalz;Akademischer Berufsabschluss;12.130
Okt 22;Frauen;Ausländer;8000000;Baden-Württemberg;Ohne Berufsabschluss;92.840
Okt 22;Frauen;Ausländer;8000000;Baden-Württemberg;Anerkannter Berufsabschluss;136.110
Okt 22;Frauen;Ausländer;8000000;Baden-Württemberg;Akademischer Berufsabschluss;64.440
Okt 22;Frauen;Ausländer;9000000;Bayern;Ohne Berufsabschluss;89.510
Okt 22;Frauen;Ausländer;9000000;Bayern;Anerkannter Berufsabschluss;145.880
Okt 22;Frauen;Ausländer;9000000;Bayern;Akademischer Berufsabschluss;94.260
Okt 22;Frauen;Ausländer;10000000;Saarland;Ohne Berufsabschluss;5.010
Okt 22;Frauen;Ausländer;10000000;Saarland;Anerkannter Berufsabschluss;7.550
Okt 22;Frauen;Ausländer;10000000;Saarland;Akademischer Berufsabschluss;3.210
Okt 22;Frauen;Ausländer;11000000;Berlin;Ohne Berufsabschluss;20.370
Okt 22;Frauen;Ausländer;11000000;Berlin;Anerkannter Berufsabschluss;26.700
Okt 22;Frauen;Ausländer;11000000;Berlin;Akademischer Berufsabschluss;54.160
Okt 22;Frauen;Ausländer;12000000;Brandenburg;Ohne Berufsabschluss;5.300
Okt 22;Frauen;Ausländer;12000000;Brandenburg;Anerkannter Berufsabschluss;9.050
Okt 22;Frauen;Ausländer;12000000;Brandenburg;Akademischer Berufsabschluss;7.820
Okt 22;Frauen;Ausländer;13000000;Mecklenburg-Vorpommern;Ohne Berufsabschluss;2.300
Okt 22;Frauen;Ausländer;13000000;Mecklenburg-Vorpommern;Anerkannter Berufsabschluss;3.840
Okt 22;Frauen;Ausländer;13000000;Mecklenburg-Vorpommern;Akademischer Berufsabschluss;3.220
Okt 22;Frauen;Ausländer;14000000;Sachsen;Ohne Berufsabschluss;6.850
Okt 22;Frauen;Ausländer;14000000;Sachsen;Anerkannter Berufsabschluss;13.600
Okt 22;Frauen;Ausländer;14000000;Sachsen;Akademischer Berufsabschluss;13.210
Okt 22;Frauen;Ausländer;15000000;Sachsen-Anhalt;Ohne Berufsabschluss;3.370
Okt 22;Frauen;Ausländer;15000000;Sachsen-Anhalt;Anerkannter Berufsabschluss;4.420
Okt 22;Frauen;Ausländer;15000000;Sachsen-Anhalt;Akademischer Berufsabschluss;4.050
Okt 22;Frauen;Ausländer;16000000;Thüringen;Ohne Berufsabschluss;5.210
Okt 22;Frauen;Ausländer;16000000;Thüringen;Anerkannter Berufsabschluss;6.530
Okt 22;Frauen;Ausländer;16000000;Thüringen;Akademischer Berufsabschluss;5.000
Okt 22;Frauen;Deutsche;1000000;Schleswig-Holstein;Ohne Berufsabschluss;50.750
Okt 22;Frauen;Deutsche;1000000;Schleswig-Holstein;Anerkannter Berufsabschluss;324.060
Okt 22;Frauen;Deutsche;1000000;Schleswig-Holstein;Akademischer Berufsabschluss;65.020
Okt 22;Frauen;Deutsche;2000000;Hamburg;Ohne Berufsabschluss;41.810
Okt 22;Frauen;Deutsche;2000000;Hamburg;Anerkannter Berufsabschluss;230.540
Okt 22;Frauen;Deutsche;2000000;Hamburg;Akademischer Berufsabschluss;122.630
Okt 22;Frauen;Deutsche;3000000;Niedersachsen;Ohne Berufsabschluss;141.890
Okt 22;Frauen;Deutsche;3000000;Niedersachsen;Anerkannter Berufsabschluss;917.390
Okt 22;Frauen;Deutsche;3000000;Niedersachsen;Akademischer Berufsabschluss;191.200
Okt 22;Frauen;Deutsche;4000000;Bremen;Ohne Berufsabschluss;15.670
Okt 22;Frauen;Deutsche;4000000;Bremen;Anerkannter Berufsabschluss;83.820
Okt 22;Frauen;Deutsche;4000000;Bremen;Akademischer Berufsabschluss;27.620
Okt 22;Frauen;Deutsche;5000000;Nordrhein-Westfalen;Ohne Berufsabschluss;369.050
Okt 22;Frauen;Deutsche;5000000;Nordrhein-Westfalen;Anerkannter Berufsabschluss;1.873.440
Okt 22;Frauen;Deutsche;5000000;Nordrhein-Westfalen;Akademischer Berufsabschluss;527.790
Okt 22;Frauen;Deutsche;6000000;Hessen;Ohne Berufsabschluss;113.290
Okt 22;Frauen;Deutsche;6000000;Hessen;Anerkannter Berufsabschluss;645.420
Okt 22;Frauen;Deutsche;6000000;Hessen;Akademischer Berufsabschluss;233.520
Okt 22;Frauen;Deutsche;7000000;Rheinland-Pfalz;Ohne Berufsabschluss;74.340
Okt 22;Frauen;Deutsche;7000000;Rheinland-Pfalz;Anerkannter Berufsabschluss;427.420
Okt 22;Frauen;Deutsche;7000000;Rheinland-Pfalz;Akademischer Berufsabschluss;88.010
Okt 22;Frauen;Deutsche;8000000;Baden-Württemberg;Ohne Berufsabschluss;213.400
Okt 22;Frauen;Deutsche;8000000;Baden-Württemberg;Anerkannter Berufsabschluss;1.225.300
Okt 22;Frauen;Deutsche;8000000;Baden-Württemberg;Akademischer Berufsabschluss;366.040
Okt 22;Frauen;Deutsche;9000000;Bayern;Ohne Berufsabschluss;220.950
Okt 22;Frauen;Deutsche;9000000;Bayern;Anerkannter Berufsabschluss;1.561.370
Okt 22;Frauen;Deutsche;9000000;Bayern;Akademischer Berufsabschluss;436.440
Okt 22;Frauen;Deutsche;10000000;Saarland;Ohne Berufsabschluss;19.290
Okt 22;Frauen;Deutsche;10000000;Saarland;Anerkannter Berufsabschluss;112.490
Okt 22;Frauen;Deutsche;10000000;Saarland;Akademischer Berufsabschluss;22.060
Okt 22;Frauen;Deutsche;11000000;Berlin;Ohne Berufsabschluss;63.950
Okt 22;Frauen;Deutsche;11000000;Berlin;Anerkannter Berufsabschluss;348.280
Okt 22;Frauen;Deutsche;11000000;Berlin;Akademischer Berufsabschluss;218.940
Okt 22;Frauen;Deutsche;12000000;Brandenburg;Ohne Berufsabschluss;28.570
Okt 22;Frauen;Deutsche;12000000;Brandenburg;Anerkannter Berufsabschluss;279.850
Okt 22;Frauen;Deutsche;12000000;Brandenburg;Akademischer Berufsabschluss;61.210
Okt 22;Frauen;Deutsche;13000000;Mecklenburg-Vorpommern;Ohne Berufsabschluss;20.790
Okt 22;Frauen;Deutsche;13000000;Mecklenburg-Vorpommern;Anerkannter Berufsabschluss;202.940
Okt 22;Frauen;Deutsche;13000000;Mecklenburg-Vorpommern;Akademischer Berufsabschluss;41.130
Okt 22;Frauen;Deutsche;14000000;Sachsen;Ohne Berufsabschluss;48.180
Okt 22;Frauen;Deutsche;14000000;Sachsen;Anerkannter Berufsabschluss;526.060
Okt 22;Frauen;Deutsche;14000000;Sachsen;Akademischer Berufsabschluss;144.860
Okt 22;Frauen;Deutsche;15000000;Sachsen-Anhalt;Ohne Berufsabschluss;24.330
Okt 22;Frauen;Deutsche;15000000;Sachsen-Anhalt;Anerkannter Berufsabschluss;281.400
Okt 22;Frauen;Deutsche;15000000;Sachsen-Anhalt;Akademischer Berufsabschluss;53.550
Okt 22;Frauen;Deutsche;16000000;Thüringen;Ohne Berufsabschluss;22.320
Okt 22;Frauen;Deutsche;16000000;Thüringen;Anerkannter Berufsabschluss;272.650
Okt 22;Frauen;Deutsche;16000000;Thüringen;Akademischer Berufsabschluss;55.690
Sep 22;Frauen;Ausländer;1000000;Schleswig-Holstein;Ohne Berufsabschluss;8.940
Sep 22;Frauen;Ausländer;1000000;Schleswig-Holstein;Anerkannter Berufsabschluss;10.930
Sep 22;Frauen;Ausländer;1000000;Schleswig-Holstein;Akademischer Berufsabschluss;6.190
Sep 22;Frauen;Ausländer;2000000;Hamburg;Ohne Berufsabschluss;13.270
Sep 22;Frauen;Ausländer;2000000;Hamburg;Anerkannter Berufsabschluss;17.150
Sep 22;Frauen;Ausländer;2000000;Hamburg;Akademischer Berufsabschluss;17.310
Sep 22;Frauen;Ausländer;3000000;Niedersachsen;Ohne Berufsabschluss;31.870
Sep 22;Frauen;Ausländer;3000000;Niedersachsen;Anerkannter Berufsabschluss;38.490
Sep 22;Frauen;Ausländer;3000000;Niedersachsen;Akademischer Berufsabschluss;20.600
Sep 22;Frauen;Ausländer;4000000;Bremen;Ohne Berufsabschluss;4.550
Sep 22;Frauen;Ausländer;4000000;Bremen;Anerkannter Berufsabschluss;5.110
Sep 22;Frauen;Ausländer;4000000;Bremen;Akademischer Berufsabschluss;3.710
Sep 22;Frauen;Ausländer;5000000;Nordrhein-Westfalen;Ohne Berufsabschluss;101.370
Sep 22;Frauen;Ausländer;5000000;Nordrhein-Westfalen;Anerkannter Berufsabschluss;119.500
Sep 22;Frauen;Ausländer;5000000;Nordrhein-Westfalen;Akademischer Berufsabschluss;67.310
Sep 22;Frauen;Ausländer;6000000;Hessen;Ohne Berufsabschluss;44.030
Sep 22;Frauen;Ausländer;6000000;Hessen;Anerkannter Berufsabschluss;62.160
Sep 22;Frauen;Ausländer;6000000;Hessen;Akademischer Berufsabschluss;44.230
Sep 22;Frauen;Ausländer;7000000;Rheinland-Pfalz;Ohne Berufsabschluss;19.960
Sep 22;Frauen;Ausländer;7000000;Rheinland-Pfalz;Anerkannter Berufsabschluss;26.330
Sep 22;Frauen;Ausländer;7000000;Rheinland-Pfalz;Akademischer Berufsabschluss;12.010
Sep 22;Frauen;Ausländer;8000000;Baden-Württemberg;Ohne Berufsabschluss;91.880
Sep 22;Frauen;Ausländer;8000000;Baden-Württemberg;Anerkannter Berufsabschluss;135.600
Sep 22;Frauen;Ausländer;8000000;Baden-Württemberg;Akademischer Berufsabschluss;63.710
Sep 22;Frauen;Ausländer;9000000;Bayern;Ohne Berufsabschluss;88.850
Sep 22;Frauen;Ausländer;9000000;Bayern;Anerkannter Berufsabschluss;145.180
Sep 22;Frauen;Ausländer;9000000;Bayern;Akademischer Berufsabschluss;93.120
Sep 22;Frauen;Ausländer;10000000;Saarland;Ohne Berufsabschluss;4.940
Sep 22;Frauen;Ausländer;10000000;Saarland;Anerkannter Berufsabschluss;7.500
Sep 22;Frauen;Ausländer;10000000;Saarland;Akademischer Berufsabschluss;3.200
Sep 22;Frauen;Ausländer;11000000;Berlin;Ohne Berufsabschluss;20.150
Sep 22;Frauen;Ausländer;11000000;Berlin;Anerkannter Berufsabschluss;26.520
Sep 22;Frauen;Ausländer;11000000;Berlin;Akademischer Berufsabschluss;53.720
Sep 22;Frauen;Ausländer;12000000;Brandenburg;Ohne Berufsabschluss;5.170
Sep 22;Frauen;Ausländer;12000000;Brandenburg;Anerkannter Berufsabschluss;9.040
Sep 22;Frauen;Ausländer;12000000;Brandenburg;Akademischer Berufsabschluss;7.620
Sep 22;Frauen;Ausländer;13000000;Mecklenburg-Vorpommern;Ohne Berufsabschluss;2.310
Sep 22;Frauen;Ausländer;13000000;Mecklenburg-Vorpommern;Anerkannter Berufsabschluss;3.860
Sep 22;Frauen;Ausländer;13000000;Mecklenburg-Vorpommern;Akademischer Berufsabschluss;3.230
Sep 22;Frauen;Ausländer;14000000;Sachsen;Ohne Berufsabschluss;6.760
Sep 22;Frauen;Ausländer;14000000;Sachsen;Anerkannter Berufsabschluss;13.460
Sep 22;Frauen;Ausländer;14000000;Sachsen;Akademischer Berufsabschluss;13.030
Sep 22;Frauen;Ausländer;15000000;Sachsen-Anhalt;Ohne Berufsabschluss;3.350
Sep 22;Frauen;Ausländer;15000000;Sachsen-Anhalt;Anerkannter Berufsabschluss;4.410
Sep 22;Frauen;Ausländer;15000000;Sachsen-Anhalt;Akademischer Berufsabschluss;4.030
Sep 22;Frauen;Ausländer;16000000;Thüringen;Ohne Berufsabschluss;5.130
Sep 22;Frauen;Ausländer;16000000;Thüringen;Anerkannter Berufsabschluss;6.510
Sep 22;Frauen;Ausländer;16000000;Thüringen;Akademischer Berufsabschluss;4.940
Sep 22;Frauen;Deutsche;1000000;Schleswig-Holstein;Ohne Berufsabschluss;50.780
Sep 22;Frauen;Deutsche;1000000;Schleswig-Holstein;Anerkannter Berufsabschluss;324.980
Sep 22;Frauen;Deutsche;1000000;Schleswig-Holstein;Akademischer Berufsabschluss;65.270
Sep 22;Frauen;Deutsche;2000000;Hamburg;Ohne Berufsabschluss;41.520
Sep 22;Frauen;Deutsche;2000000;Hamburg;Anerkannter Berufsabschluss;230.840
Sep 22;Frauen;Deutsche;2000000;Hamburg;Akademischer Berufsabschluss;121.700
Sep 22;Frauen;Deutsche;3000000;Niedersachsen;Ohne Berufsabschluss;141.840
Sep 22;Frauen;Deutsche;3000000;Niedersachsen;Anerkannter Berufsabschluss;919.430
Sep 22;Frauen;Deutsche;3000000;Niedersachsen;Akademischer Berufsabschluss;190.600
Sep 22;Frauen;Deutsche;4000000;Bremen;Ohne Berufsabschluss;15.630
Sep 22;Frauen;Deutsche;4000000;Bremen;Anerkannter Berufsabschluss;84.010
Sep 22;Frauen;Deutsche;4000000;Bremen;Akademischer Berufsabschluss;27.550
Sep 22;Frauen;Deutsche;5000000;Nordrhein-Westfalen;Ohne Berufsabschluss;367.100
Sep 22;Frauen;Deutsche;5000000;Nordrhein-Westfalen;Anerkannter Berufsabschluss;1.876.210
Sep 22;Frauen;Deutsche;5000000;Nordrhein-Westfalen;Akademischer Berufsabschluss;526.080
Sep 22;Frauen;Deutsche;6000000;Hessen;Ohne Berufsabschluss;112.510
Sep 22;Frauen;Deutsche;6000000;Hessen;Anerkannter Berufsabschluss;646.330
Sep 22;Frauen;Deutsche;6000000;Hessen;Akademischer Berufsabschluss;232.980
Sep 22;Frauen;Deutsche;7000000;Rheinland-Pfalz;Ohne Berufsabschluss;74.090
Sep 22;Frauen;Deutsche;7000000;Rheinland-Pfalz;Anerkannter Berufsabschluss;428.330
Sep 22;Frauen;Deutsche;7000000;Rheinland-Pfalz;Akademischer Berufsabschluss;87.680
Sep 22;Frauen;Deutsche;8000000;Baden-Württemberg;Ohne Berufsabschluss;211.380
Sep 22;Frauen;Deutsche;8000000;Baden-Württemberg;Anerkannter Berufsabschluss;1.227.440
Sep 22;Frauen;Deutsche;8000000;Baden-Württemberg;Akademischer Berufsabschluss;364.610
Sep 22;Frauen;Deutsche;9000000;Bayern;Ohne Berufsabschluss;221.840
Sep 22;Frauen;Deutsche;9000000;Bayern;Anerkannter Berufsabschluss;1.562.720
Sep 22;Frauen;Deutsche;9000000;Bayern;Akademischer Berufsabschluss;433.760
Sep 22;Frauen;Deutsche;10000000;Saarland;Ohne Berufsabschluss;19.060
Sep 22;Frauen;Deutsche;10000000;Saarland;Anerkannter Berufsabschluss;112.720
Sep 22;Frauen;Deutsche;10000000;Saarland;Akademischer Berufsabschluss;21.980
Sep 22;Frauen;Deutsche;11000000;Berlin;Ohne Berufsabschluss;63.580
Sep 22;Frauen;Deutsche;11000000;Berlin;Anerkannter Berufsabschluss;349.020
Sep 22;Frauen;Deutsche;11000000;Berlin;Akademischer Berufsabschluss;218.190
Sep 22;Frauen;Deutsche;12000000;Brandenburg;Ohne Berufsabschluss;27.950
Sep 22;Frauen;Deutsche;12000000;Brandenburg;Anerkannter Berufsabschluss;280.330
Sep 22;Frauen;Deutsche;12000000;Brandenburg;Akademischer Berufsabschluss;60.930
Sep 22;Frauen;Deutsche;13000000;Mecklenburg-Vorpommern;Ohne Berufsabschluss;20.860
Sep 22;Frauen;Deutsche;13000000;Mecklenburg-Vorpommern;Anerkannter Berufsabschluss;203.710
Sep 22;Frauen;Deutsche;13000000;Mecklenburg-Vorpommern;Akademischer Berufsabschluss;41.100
Sep 22;Frauen;Deutsche;14000000;Sachsen;Ohne Berufsabschluss;47.880
Sep 22;Frauen;Deutsche;14000000;Sachsen;Anerkannter Berufsabschluss;527.210
Sep 22;Frauen;Deutsche;14000000;Sachsen;Akademischer Berufsabschluss;145.140
Sep 22;Frauen;Deutsche;15000000;Sachsen-Anhalt;Ohne Berufsabschluss;24.380
Sep 22;Frauen;Deutsche;15000000;Sachsen-Anhalt;Anerkannter Berufsabschluss;282.060
Sep 22;Frauen;Deutsche;15000000;Sachsen-Anhalt;Akademischer Berufsabschluss;53.690
Sep 22;Frauen;Deutsche;16000000;Thüringen;Ohne Berufsabschluss;22.210
Sep 22;Frauen;Deutsche;16000000;Thüringen;Anerkannter Berufsabschluss;273.490
Sep 22;Frauen;Deutsche;16000000;Thüringen;Akademischer Berufsabschluss;55.720
Aug 22;Frauen;Ausländer;1000000;Schleswig-Holstein;Ohne Berufsabschluss;8.710
Aug 22;Frauen;Ausländer;1000000;Schleswig-Holstein;Anerkannter Berufsabschluss;10.800
Aug 22;Frauen;Ausländer;1000000;Schleswig-Holstein;Akademischer Berufsabschluss;6.090
Aug 22;Frauen;Ausländer;2000000;Hamburg;Ohne Berufsabschluss;13.090
Aug 22;Frauen;Ausländer;2000000;Hamburg;Anerkannter Berufsabschluss;16.930
Aug 22;Frauen;Ausländer;2000000;Hamburg;Akademischer Berufsabschluss;16.960
Aug 22;Frauen;Ausländer;3000000;Niedersachsen;Ohne Berufsabschluss;31.060
Aug 22;Frauen;Ausländer;3000000;Niedersachsen;Anerkannter Berufsabschluss;37.900
Aug 22;Frauen;Ausländer;3000000;Niedersachsen;Akademischer Berufsabschluss;20.200
Aug 22;Frauen;Ausländer;4000000;Bremen;Ohne Berufsabschluss;4.410
Aug 22;Frauen;Ausländer;4000000;Bremen;Anerkannter Berufsabschluss;5.050
Aug 22;Frauen;Ausländer;4000000;Bremen;Akademischer Berufsabschluss;3.650
Aug 22;Frauen;Ausländer;5000000;Nordrhein-Westfalen;Ohne Berufsabschluss;99.470
Aug 22;Frauen;Ausländer;5000000;Nordrhein-Westfalen;Anerkannter Berufsabschluss;118.090
Aug 22;Frauen;Ausländer;5000000;Nordrhein-Westfalen;Akademischer Berufsabschluss;66.290
Aug 22;Frauen;Ausländer;6000000;Hessen;Ohne Berufsabschluss;43.050
Aug 22;Frauen;Ausländer;6000000;Hessen;Anerkannter Berufsabschluss;61.370
Aug 22;Frauen;Ausländer;6000000;Hessen;Akademischer Berufsabschluss;43.340
Aug 22;Frauen;Ausländer;7000000;Rheinland-Pfalz;Ohne Berufsabschluss;19.330
Aug 22;Frauen;Ausländer;7000000;Rheinland-Pfalz;Anerkannter Berufsabschluss;25.960
Aug 22;Frauen;Ausländer;7000000;Rheinland-Pfalz;Akademischer Berufsabschluss;11.790
Aug 22;Frauen;Ausländer;8000000;Baden-Württemberg;Ohne Berufsabschluss;88.790
Aug 22;Frauen;Ausländer;8000000;Baden-Württemberg;Anerkannter Berufsabschluss;134.190
Aug 22;Frauen;Ausländer;8000000;Baden-Württemberg;Akademischer Berufsabschluss;62.280
Aug 22;Frauen;Ausländer;9000000;Bayern;Ohne Berufsabschluss;84.720
Aug 22;Frauen;Ausländer;9000000;Bayern;Anerkannter Berufsabschluss;143.130
Aug 22;Frauen;Ausländer;9000000;Bayern;Akademischer Berufsabschluss;90.960
Aug 22;Frauen;Ausländer;10000000;Saarland;Ohne Berufsabschluss;4.790
Aug 22;Frauen;Ausländer;10000000;Saarland;Anerkannter Berufsabschluss;7.410
Aug 22;Frauen;Ausländer;10000000;Saarland;Akademischer Berufsabschluss;3.150
Aug 22;Frauen;Ausländer;11000000;Berlin;Ohne Berufsabschluss;19.710
Aug 22;Frauen;Ausländer;11000000;Berlin;Anerkannter Berufsabschluss;26.140
Aug 22;Frauen;Ausländer;11000000;Berlin;Akademischer Berufsabschluss;52.810
Aug 22;Frauen;Ausländer;12000000;Brandenburg;Ohne Berufsabschluss;5.060
Aug 22;Frauen;Ausländer;12000000;Brandenburg;Anerkannter Berufsabschluss;8.810
Aug 22;Frauen;Ausländer;12000000;Brandenburg;Akademischer Berufsabschluss;7.440
Aug 22;Frauen;Ausländer;13000000;Mecklenburg-Vorpommern;Ohne Berufsabschluss;2.210
Aug 22;Frauen;Ausländer;13000000;Mecklenburg-Vorpommern;Anerkannter Berufsabschluss;3.820
Aug 22;Frauen;Ausländer;13000000;Mecklenburg-Vorpommern;Akademischer Berufsabschluss;3.140
Aug 22;Frauen;Ausländer;14000000;Sachsen;Ohne Berufsabschluss;6.410
Aug 22;Frauen;Ausländer;14000000;Sachsen;Anerkannter Berufsabschluss;13.200
Aug 22;Frauen;Ausländer;14000000;Sachsen;Akademischer Berufsabschluss;12.750
Aug 22;Frauen;Ausländer;15000000;Sachsen-Anhalt;Ohne Berufsabschluss;3.240
Aug 22;Frauen;Ausländer;15000000;Sachsen-Anhalt;Anerkannter Berufsabschluss;4.330
Aug 22;Frauen;Ausländer;15000000;Sachsen-Anhalt;Akademischer Berufsabschluss;3.940
Aug 22;Frauen;Ausländer;16000000;Thüringen;Ohne Berufsabschluss;4.790
Aug 22;Frauen;Ausländer;16000000;Thüringen;Anerkannter Berufsabschluss;6.410
Aug 22;Frauen;Ausländer;16000000;Thüringen;Akademischer Berufsabschluss;4.900
Aug 22;Frauen;Deutsche;1000000;Schleswig-Holstein;Ohne Berufsabschluss;50.160
Aug 22;Frauen;Deutsche;1000000;Schleswig-Holstein;Anerkannter Berufsabschluss;323.960
Aug 22;Frauen;Deutsche;1000000;Schleswig-Holstein;Akademischer Berufsabschluss;64.740
Aug 22;Frauen;Deutsche;2000000;Hamburg;Ohne Berufsabschluss;41.310
Aug 22;Frauen;Deutsche;2000000;Hamburg;Anerkannter Berufsabschluss;230.290
Aug 22;Frauen;Deutsche;2000000;Hamburg;Akademischer Berufsabschluss;121.000
Aug 22;Frauen;Deutsche;3000000;Niedersachsen;Ohne Berufsabschluss;139.710
Aug 22;Frauen;Deutsche;3000000;Niedersachsen;Anerkannter Berufsabschluss;916.830
Aug 22;Frauen;Deutsche;3000000;Niedersachsen;Akademischer Berufsabschluss;188.850
Aug 22;Frauen;Deutsche;4000000;Bremen;Ohne Berufsabschluss;15.340
Aug 22;Frauen;Deutsche;4000000;Bremen;Anerkannter Berufsabschluss;83.790
Aug 22;Frauen;Deutsche;4000000;Bremen;Akademischer Berufsabschluss;27.390
Aug 22;Frauen;Deutsche;5000000;Nordrhein-Westfalen;Ohne Berufsabschluss;363.500
Aug 22;Frauen;Deutsche;5000000;Nordrhein-Westfalen;Anerkannter Berufsabschluss;1.870.710
Aug 22;Frauen;Deutsche;5000000;Nordrhein-Westfalen;Akademischer Berufsabschluss;522.970
Aug 22;Frauen;Deutsche;6000000;Hessen;Ohne Berufsabschluss;108.720
Aug 22;Frauen;Deutsche;6000000;Hessen;Anerkannter Berufsabschluss;643.650
Aug 22;Frauen;Deutsche;6000000;Hessen;Akademischer Berufsabschluss;230.930
Aug 22;Frauen;Deutsche;7000000;Rheinland-Pfalz;Ohne Berufsabschluss;71.530
Aug 22;Frauen;Deutsche;7000000;Rheinland-Pfalz;Anerkannter Berufsabschluss;426.520
Aug 22;Frauen;Deutsche;7000000;Rheinland-Pfalz;Akademischer Berufsabschluss;86.900
Aug 22;Frauen;Deutsche;8000000;Baden-Württemberg;Ohne Berufsabschluss;196.170
Aug 22;Frauen;Deutsche;8000000;Baden-Württemberg;Anerkannter Berufsabschluss;1.222.720
Aug 22;Frauen;Deutsche;8000000;Baden-Württemberg;Akademischer Berufsabschluss;360.320
Aug 22;Frauen;Deutsche;9000000;Bayern;Ohne Berufsabschluss;204.220
Aug 22;Frauen;Deutsche;9000000;Bayern;Anerkannter Berufsabschluss;1.553.690
Aug 22;Frauen;Deutsche;9000000;Bayern;Akademischer Berufsabschluss;430.250
Aug 22;Frauen;Deutsche;10000000;Saarland;Ohne Berufsabschluss;18.560
Aug 22;Frauen;Deutsche;10000000;Saarland;Anerkannter Berufsabschluss;112.110
Aug 22;Frauen;Deutsche;10000000;Saarland;Akademischer Berufsabschluss;21.780
Aug 22;Frauen;Deutsche;11000000;Berlin;Ohne Berufsabschluss;62.030
Aug 22;Frauen;Deutsche;11000000;Berlin;Anerkannter Berufsabschluss;348.400
Aug 22;Frauen;Deutsche;11000000;Berlin;Akademischer Berufsabschluss;216.930
Aug 22;Frauen;Deutsche;12000000;Brandenburg;Ohne Berufsabschluss;26.970
Aug 22;Frauen;Deutsche;12000000;Brandenburg;Anerkannter Berufsabschluss;280.050
Aug 22;Frauen;Deutsche;12000000;Brandenburg;Akademischer Berufsabschluss;60.650
Aug 22;Frauen;Deutsche;13000000;Mecklenburg-Vorpommern;Ohne Berufsabschluss;19.100
Aug 22;Frauen;Deutsche;13000000;Mecklenburg-Vorpommern;Anerkannter Berufsabschluss;203.660
Aug 22;Frauen;Deutsche;13000000;Mecklenburg-Vorpommern;Akademischer Berufsabschluss;40.980
Aug 22;Frauen;Deutsche;14000000;Sachsen;Ohne Berufsabschluss;44.360
Aug 22;Frauen;Deutsche;14000000;Sachsen;Anerkannter Berufsabschluss;526.020
Aug 22;Frauen;Deutsche;14000000;Sachsen;Akademischer Berufsabschluss;144.400
Aug 22;Frauen;Deutsche;15000000;Sachsen-Anhalt;Ohne Berufsabschluss;23.080
Aug 22;Frauen;Deutsche;15000000;Sachsen-Anhalt;Anerkannter Berufsabschluss;281.680
Aug 22;Frauen;Deutsche;15000000;Sachsen-Anhalt;Akademischer Berufsabschluss;53.500
Aug 22;Frauen;Deutsche;16000000;Thüringen;Ohne Berufsabschluss;20.660
Aug 22;Frauen;Deutsche;16000000;Thüringen;Anerkannter Berufsabschluss;273.230
Aug 22;Frauen;Deutsche;16000000;Thüringen;Akademischer Berufsabschluss;55.530
Jul 22;Frauen;Ausländer;1000000;Schleswig-Holstein;Ohne Berufsabschluss;8.290
Jul 22;Frauen;Ausländer;1000000;Schleswig-Holstein;Anerkannter Berufsabschluss;10.670
Jul 22;Frauen;Ausländer;1000000;Schleswig-Holstein;Akademischer Berufsabschluss;5.960
Jul 22;Frauen;Ausländer;2000000;Hamburg;Ohne Berufsabschluss;12.540
Jul 22;Frauen;Ausländer;2000000;Hamburg;Anerkannter Berufsabschluss;16.710
Jul 22;Frauen;Ausländer;2000000;Hamburg;Akademischer Berufsabschluss;16.590
Jul 22;Frauen;Ausländer;3000000;Niedersachsen;Ohne Berufsabschluss;29.940
Jul 22;Frauen;Ausländer;3000000;Niedersachsen;Anerkannter Berufsabschluss;37.450
Jul 22;Frauen;Ausländer;3000000;Niedersachsen;Akademischer Berufsabschluss;19.870
Jul 22;Frauen;Ausländer;4000000;Bremen;Ohne Berufsabschluss;4.240
Jul 22;Frauen;Ausländer;4000000;Bremen;Anerkannter Berufsabschluss;5.010
Jul 22;Frauen;Ausländer;4000000;Bremen;Akademischer Berufsabschluss;3.610
Jul 22;Frauen;Ausländer;5000000;Nordrhein-Westfalen;Ohne Berufsabschluss;95.980
Jul 22;Frauen;Ausländer;5000000;Nordrhein-Westfalen;Anerkannter Berufsabschluss;116.320
Jul 22;Frauen;Ausländer;5000000;Nordrhein-Westfalen;Akademischer Berufsabschluss;64.980
Jul 22;Frauen;Ausländer;6000000;Hessen;Ohne Berufsabschluss;42.420
Jul 22;Frauen;Ausländer;6000000;Hessen;Anerkannter Berufsabschluss;60.970
Jul 22;Frauen;Ausländer;6000000;Hessen;Akademischer Berufsabschluss;42.990
Jul 22;Frauen;Ausländer;7000000;Rheinland-Pfalz;Ohne Berufsabschluss;19.100
Jul 22;Frauen;Ausländer;7000000;Rheinland-Pfalz;Anerkannter Berufsabschluss;25.800
Jul 22;Frauen;Ausländer;7000000;Rheinland-Pfalz;Akademischer Berufsabschluss;11.660
Jul 22;Frauen;Ausländer;8000000;Baden-Württemberg;Ohne Berufsabschluss;88.790
Jul 22;Frauen;Ausländer;8000000;Baden-Württemberg;Anerkannter Berufsabschluss;133.850
Jul 22;Frauen;Ausländer;8000000;Baden-Württemberg;Akademischer Berufsabschluss;62.040
Jul 22;Frauen;Ausländer;9000000;Bayern;Ohne Berufsabschluss;84.670
Jul 22;Frauen;Ausländer;9000000;Bayern;Anerkannter Berufsabschluss;143.050
Jul 22;Frauen;Ausländer;9000000;Bayern;Akademischer Berufsabschluss;90.590
Jul 22;Frauen;Ausländer;10000000;Saarland;Ohne Berufsabschluss;4.700
Jul 22;Frauen;Ausländer;10000000;Saarland;Anerkannter Berufsabschluss;7.330
Jul 22;Frauen;Ausländer;10000000;Saarland;Akademischer Berufsabschluss;3.100
Jul 22;Frauen;Ausländer;11000000;Berlin;Ohne Berufsabschluss;19.460
Jul 22;Frauen;Ausländer;11000000;Berlin;Anerkannter Berufsabschluss;25.930
Jul 22;Frauen;Ausländer;11000000;Berlin;Akademischer Berufsabschluss;52.260
Jul 22;Frauen;Ausländer;12000000;Brandenburg;Ohne Berufsabschluss;4.940
Jul 22;Frauen;Ausländer;12000000;Brandenburg;Anerkannter Berufsabschluss;8.690
Jul 22;Frauen;Ausländer;12000000;Brandenburg;Akademischer Berufsabschluss;7.310
Jul 22;Frauen;Ausländer;13000000;Mecklenburg-Vorpommern;Ohne Berufsabschluss;2.150
Jul 22;Frauen;Ausländer;13000000;Mecklenburg-Vorpommern;Anerkannter Berufsabschluss;3.760
Jul 22;Frauen;Ausländer;13000000;Mecklenburg-Vorpommern;Akademischer Berufsabschluss;3.060
Jul 22;Frauen;Ausländer;14000000;Sachsen;Ohne Berufsabschluss;6.180
Jul 22;Frauen;Ausländer;14000000;Sachsen;Anerkannter Berufsabschluss;13.060
Jul 22;Frauen;Ausländer;14000000;Sachsen;Akademischer Berufsabschluss;12.590
Jul 22;Frauen;Ausländer;15000000;Sachsen-Anhalt;Ohne Berufsabschluss;3.080
Jul 22;Frauen;Ausländer;15000000;Sachsen-Anhalt;Anerkannter Berufsabschluss;4.220
Jul 22;Frauen;Ausländer;15000000;Sachsen-Anhalt;Akademischer Berufsabschluss;3.870
Jul 22;Frauen;Ausländer;16000000;Thüringen;Ohne Berufsabschluss;4.610
Jul 22;Frauen;Ausländer;16000000;Thüringen;Anerkannter Berufsabschluss;6.310
Jul 22;Frauen;Ausländer;16000000;Thüringen;Akademischer Berufsabschluss;4.840
Jul 22;Frauen;Deutsche;1000000;Schleswig-Holstein;Ohne Berufsabschluss;47.420
Jul 22;Frauen;Deutsche;1000000;Schleswig-Holstein;Anerkannter Berufsabschluss;322.200
Jul 22;Frauen;Deutsche;1000000;Schleswig-Holstein;Akademischer Berufsabschluss;64.140
Jul 22;Frauen;Deutsche;2000000;Hamburg;Ohne Berufsabschluss;39.460
Jul 22;Frauen;Deutsche;2000000;Hamburg;Anerkannter Berufsabschluss;228.680
Jul 22;Frauen;Deutsche;2000000;Hamburg;Akademischer Berufsabschluss;119.210
Jul 22;Frauen;Deutsche;3000000;Niedersachsen;Ohne Berufsabschluss;130.610
Jul 22;Frauen;Deutsche;3000000;Niedersachsen;Anerkannter Berufsabschluss;912.590
Jul 22;Frauen;Deutsche;3000000;Niedersachsen;Akademischer Berufsabschluss;186.940
Jul 22;Frauen;Deutsche;4000000;Bremen;Ohne Berufsabschluss;14.660
Jul 22;Frauen;Deutsche;4000000;Bremen;Anerkannter Berufsabschluss;83.280
Jul 22;Frauen;Deutsche;4000000;Bremen;Akademischer Berufsabschluss;27.190
Jul 22;Frauen;Deutsche;5000000;Nordrhein-Westfalen;Ohne Berufsabschluss;343.260
Jul 22;Frauen;Deutsche;5000000;Nordrhein-Westfalen;Anerkannter Berufsabschluss;1.860.950
Jul 22;Frauen;Deutsche;5000000;Nordrhein-Westfalen;Akademischer Berufsabschluss;519.090
Jul 22;Frauen;Deutsche;6000000;Hessen;Ohne Berufsabschluss;105.840
Jul 22;Frauen;Deutsche;6000000;Hessen;Anerkannter Berufsabschluss;642.220
Jul 22;Frauen;Deutsche;6000000;Hessen;Akademischer Berufsabschluss;229.560
Jul 22;Frauen;Deutsche;7000000;Rheinland-Pfalz;Ohne Berufsabschluss;68.930
Jul 22;Frauen;Deutsche;7000000;Rheinland-Pfalz;Anerkannter Berufsabschluss;425.680
Jul 22;Frauen;Deutsche;7000000;Rheinland-Pfalz;Akademischer Berufsabschluss;86.480
Jul 22;Frauen;Deutsche;8000000;Baden-Württemberg;Ohne Berufsabschluss;197.590
Jul 22;Frauen;Deutsche;8000000;Baden-Württemberg;Anerkannter Berufsabschluss;1.220.440
Jul 22;Frauen;Deutsche;8000000;Baden-Württemberg;Akademischer Berufsabschluss;358.140
Jul 22;Frauen;Deutsche;9000000;Bayern;Ohne Berufsabschluss;205.690
Jul 22;Frauen;Deutsche;9000000;Bayern;Anerkannter Berufsabschluss;1.552.940
Jul 22;Frauen;Deutsche;9000000;Bayern;Akademischer Berufsabschluss;428.870
Jul 22;Frauen;Deutsche;10000000;Saarland;Ohne Berufsabschluss;17.930
Jul 22;Frauen;Deutsche;10000000;Saarland;Anerkannter Berufsabschluss;111.600
Jul 22;Frauen;Deutsche;10000000;Saarland;Akademischer Berufsabschluss;21.690
Jul 22;Frauen;Deutsche;11000000;Berlin;Ohne Berufsabschluss;61.460
Jul 22;Frauen;Deutsche;11000000;Berlin;Anerkannter Berufsabschluss;348.020
Jul 22;Frauen;Deutsche;11000000;Berlin;Akademischer Berufsabschluss;215.570
Jul 22;Frauen;Deutsche;12000000;Brandenburg;Ohne Berufsabschluss;25.890
Jul 22;Frauen;Deutsche;12000000;Brandenburg;Anerkannter Berufsabschluss;279.340
Jul 22;Frauen;Deutsche;12000000;Brandenburg;Akademischer Berufsabschluss;60.420
Jul 22;Frauen;Deutsche;13000000;Mecklenburg-Vorpommern;Ohne Berufsabschluss;18.340
Jul 22;Frauen;Deutsche;13000000;Mecklenburg-Vorpommern;Anerkannter Berufsabschluss;202.990
Jul 22;Frauen;Deutsche;13000000;Mecklenburg-Vorpommern;Akademischer Berufsabschluss;40.810
Jul 22;Frauen;Deutsche;14000000;Sachsen;Ohne Berufsabschluss;42.460
Jul 22;Frauen;Deutsche;14000000;Sachsen;Anerkannter Berufsabschluss;525.140
Jul 22;Frauen;Deutsche;14000000;Sachsen;Akademischer Berufsabschluss;144.200
Jul 22;Frauen;Deutsche;15000000;Sachsen-Anhalt;Ohne Berufsabschluss;21.690
Jul 22;Frauen;Deutsche;15000000;Sachsen-Anhalt;Anerkannter Berufsabschluss;280.820
Jul 22;Frauen;Deutsche;15000000;Sachsen-Anhalt;Akademischer Berufsabschluss;53.250
Jul 22;Frauen;Deutsche;16000000;Thüringen;Ohne Berufsabschluss;19.760
Jul 22;Frauen;Deutsche;16000000;Thüringen;Anerkannter Berufsabschluss;272.840
Jul 22;Frauen;Deutsche;16000000;Thüringen;Akademischer Berufsabschluss;55.240
Jun 22;Frauen;Ausländer;1000000;Schleswig-Holstein;Ohne Berufsabschluss;8.240
Jun 22;Frauen;Ausländer;1000000;Schleswig-Holstein;Anerkannter Berufsabschluss;10.680
Jun 22;Frauen;Ausländer;1000000;Schleswig-Holstein;Akademischer Berufsabschluss;5.930
Jun 22;Frauen;Ausländer;2000000;Hamburg;Ohne Berufsabschluss;12.450
Jun 22;Frauen;Ausländer;2000000;Hamburg;Anerkannter Berufsabschluss;16.670
Jun 22;Frauen;Ausländer;2000000;Hamburg;Akademischer Berufsabschluss;16.590
Jun 22;Frauen;Ausländer;3000000;Niedersachsen;Ohne Berufsabschluss;30.030
Jun 22;Frauen;Ausländer;3000000;Niedersachsen;Anerkannter Berufsabschluss;37.500
Jun 22;Frauen;Ausländer;3000000;Niedersachsen;Akademischer Berufsabschluss;19.860
Jun 22;Frauen;Ausländer;4000000;Bremen;Ohne Berufsabschluss;4.260
Jun 22;Frauen;Ausländer;4000000;Bremen;Anerkannter Berufsabschluss;5.010
Jun 22;Frauen;Ausländer;4000000;Bremen;Akademischer Berufsabschluss;3.600
Jun 22;Frauen;Ausländer;5000000;Nordrhein-Westfalen;Ohne Berufsabschluss;95.990
Jun 22;Frauen;Ausländer;5000000;Nordrhein-Westfalen;Anerkannter Berufsabschluss;116.510
Jun 22;Frauen;Ausländer;5000000;Nordrhein-Westfalen;Akademischer Berufsabschluss;64.880
Jun 22;Frauen;Ausländer;6000000;Hessen;Ohne Berufsabschluss;42.540
Jun 22;Frauen;Ausländer;6000000;Hessen;Anerkannter Berufsabschluss;61.060
Jun 22;Frauen;Ausländer;6000000;Hessen;Akademischer Berufsabschluss;42.790
Jun 22;Frauen;Ausländer;7000000;Rheinland-Pfalz;Ohne Berufsabschluss;19.130
Jun 22;Frauen;Ausländer;7000000;Rheinland-Pfalz;Anerkannter Berufsabschluss;25.790
Jun 22;Frauen;Ausländer;7000000;Rheinland-Pfalz;Akademischer Berufsabschluss;11.600
Jun 22;Frauen;Ausländer;8000000;Baden-Württemberg;Ohne Berufsabschluss;88.990
Jun 22;Frauen;Ausländer;8000000;Baden-Württemberg;Anerkannter Berufsabschluss;134.330
Jun 22;Frauen;Ausländer;8000000;Baden-Württemberg;Akademischer Berufsabschluss;62.000
Jun 22;Frauen;Ausländer;9000000;Bayern;Ohne Berufsabschluss;84.450
Jun 22;Frauen;Ausländer;9000000;Bayern;Anerkannter Berufsabschluss;143.210
Jun 22;Frauen;Ausländer;9000000;Bayern;Akademischer Berufsabschluss;90.700
Jun 22;Frauen;Ausländer;10000000;Saarland;Ohne Berufsabschluss;4.750
Jun 22;Frauen;Ausländer;10000000;Saarland;Anerkannter Berufsabschluss;7.370
Jun 22;Frauen;Ausländer;10000000;Saarland;Akademischer Berufsabschluss;3.110
Jun 22;Frauen;Ausländer;11000000;Berlin;Ohne Berufsabschluss;19.520
Jun 22;Frauen;Ausländer;11000000;Berlin;Anerkannter Berufsabschluss;25.990
Jun 22;Frauen;Ausländer;11000000;Berlin;Akademischer Berufsabschluss;52.280
Jun 22;Frauen;Ausländer;12000000;Brandenburg;Ohne Berufsabschluss;4.840
Jun 22;Frauen;Ausländer;12000000;Brandenburg;Anerkannter Berufsabschluss;8.630
Jun 22;Frauen;Ausländer;12000000;Brandenburg;Akademischer Berufsabschluss;7.300
Jun 22;Frauen;Ausländer;13000000;Mecklenburg-Vorpommern;Ohne Berufsabschluss;2.110
Jun 22;Frauen;Ausländer;13000000;Mecklenburg-Vorpommern;Anerkannter Berufsabschluss;3.720
Jun 22;Frauen;Ausländer;13000000;Mecklenburg-Vorpommern;Akademischer Berufsabschluss;3.090
Jun 22;Frauen;Ausländer;14000000;Sachsen;Ohne Berufsabschluss;6.210
Jun 22;Frauen;Ausländer;14000000;Sachsen;Anerkannter Berufsabschluss;13.020
Jun 22;Frauen;Ausländer;14000000;Sachsen;Akademischer Berufsabschluss;12.530
Jun 22;Frauen;Ausländer;15000000;Sachsen-Anhalt;Ohne Berufsabschluss;3.070
Jun 22;Frauen;Ausländer;15000000;Sachsen-Anhalt;Anerkannter Berufsabschluss;4.190
Jun 22;Frauen;Ausländer;15000000;Sachsen-Anhalt;Akademischer Berufsabschluss;3.860
Jun 22;Frauen;Ausländer;16000000;Thüringen;Ohne Berufsabschluss;4.590
Jun 22;Frauen;Ausländer;16000000;Thüringen;Anerkannter Berufsabschluss;6.270
Jun 22;Frauen;Ausländer;16000000;Thüringen;Akademischer Berufsabschluss;4.840
Jun 22;Frauen;Deutsche;1000000;Schleswig-Holstein;Ohne Berufsabschluss;47.900
Jun 22;Frauen;Deutsche;1000000;Schleswig-Holstein;Anerkannter Berufsabschluss;323.260
Jun 22;Frauen;Deutsche;1000000;Schleswig-Holstein;Akademischer Berufsabschluss;64.520
Jun 22;Frauen;Deutsche;2000000;Hamburg;Ohne Berufsabschluss;39.980
Jun 22;Frauen;Deutsche;2000000;Hamburg;Anerkannter Berufsabschluss;229.730
Jun 22;Frauen;Deutsche;2000000;Hamburg;Akademischer Berufsabschluss;120.330
Jun 22;Frauen;Deutsche;3000000;Niedersachsen;Ohne Berufsabschluss;132.070
Jun 22;Frauen;Deutsche;3000000;Niedersachsen;Anerkannter Berufsabschluss;915.660
Jun 22;Frauen;Deutsche;3000000;Niedersachsen;Akademischer Berufsabschluss;188.670
Jun 22;Frauen;Deutsche;4000000;Bremen;Ohne Berufsabschluss;14.730
Jun 22;Frauen;Deutsche;4000000;Bremen;Anerkannter Berufsabschluss;83.470
Jun 22;Frauen;Deutsche;4000000;Bremen;Akademischer Berufsabschluss;27.240
Jun 22;Frauen;Deutsche;5000000;Nordrhein-Westfalen;Ohne Berufsabschluss;346.370
Jun 22;Frauen;Deutsche;5000000;Nordrhein-Westfalen;Anerkannter Berufsabschluss;1.868.020
Jun 22;Frauen;Deutsche;5000000;Nordrhein-Westfalen;Akademischer Berufsabschluss;520.080
Jun 22;Frauen;Deutsche;6000000;Hessen;Ohne Berufsabschluss;107.250
Jun 22;Frauen;Deutsche;6000000;Hessen;Anerkannter Berufsabschluss;645.180
Jun 22;Frauen;Deutsche;6000000;Hessen;Akademischer Berufsabschluss;230.800
Jun 22;Frauen;Deutsche;7000000;Rheinland-Pfalz;Ohne Berufsabschluss;70.230
Jun 22;Frauen;Deutsche;7000000;Rheinland-Pfalz;Anerkannter Berufsabschluss;427.140
Jun 22;Frauen;Deutsche;7000000;Rheinland-Pfalz;Akademischer Berufsabschluss;86.970
Jun 22;Frauen;Deutsche;8000000;Baden-Württemberg;Ohne Berufsabschluss;199.800
Jun 22;Frauen;Deutsche;8000000;Baden-Württemberg;Anerkannter Berufsabschluss;1.226.970
Jun 22;Frauen;Deutsche;8000000;Baden-Württemberg;Akademischer Berufsabschluss;360.730
Jun 22;Frauen;Deutsche;9000000;Bayern;Ohne Berufsabschluss;208.220
Jun 22;Frauen;Deutsche;9000000;Bayern;Anerkannter Berufsabschluss;1.559.010
Jun 22;Frauen;Deutsche;9000000;Bayern;Akademischer Berufsabschluss;430.660
Jun 22;Frauen;Deutsche;10000000;Saarland;Ohne Berufsabschluss;18.180
Jun 22;Frauen;Deutsche;10000000;Saarland;Anerkannter Berufsabschluss;112.610
Jun 22;Frauen;Deutsche;10000000;Saarland;Akademischer Berufsabschluss;21.860
Jun 22;Frauen;Deutsche;11000000;Berlin;Ohne Berufsabschluss;62.140
Jun 22;Frauen;Deutsche;11000000;Berlin;Anerkannter Berufsabschluss;349.270
Jun 22;Frauen;Deutsche;11000000;Berlin;Akademischer Berufsabschluss;216.900
Jun 22;Frauen;Deutsche;12000000;Brandenburg;Ohne Berufsabschluss;26.160
Jun 22;Frauen;Deutsche;12000000;Brandenburg;Anerkannter Berufsabschluss;280.660
Jun 22;Frauen;Deutsche;12000000;Brandenburg;Akademischer Berufsabschluss;60.870
Jun 22;Frauen;Deutsche;13000000;Mecklenburg-Vorpommern;Ohne Berufsabschluss;18.630
Jun 22;Frauen;Deutsche;13000000;Mecklenburg-Vorpommern;Anerkannter Berufsabschluss;204.180
Jun 22;Frauen;Deutsche;13000000;Mecklenburg-Vorpommern;Akademischer Berufsabschluss;41.180
Jun 22;Frauen;Deutsche;14000000;Sachsen;Ohne Berufsabschluss;42.820
Jun 22;Frauen;Deutsche;14000000;Sachsen;Anerkannter Berufsabschluss;527.030
Jun 22;Frauen;Deutsche;14000000;Sachsen;Akademischer Berufsabschluss;144.560
Jun 22;Frauen;Deutsche;15000000;Sachsen-Anhalt;Ohne Berufsabschluss;21.970
Jun 22;Frauen;Deutsche;15000000;Sachsen-Anhalt;Anerkannter Berufsabschluss;282.110
Jun 22;Frauen;Deutsche;15000000;Sachsen-Anhalt;Akademischer Berufsabschluss;53.670
Jun 22;Frauen;Deutsche;16000000;Thüringen;Ohne Berufsabschluss;19.970
Jun 22;Frauen;Deutsche;16000000;Thüringen;Anerkannter Berufsabschluss;274.280
Jun 22;Frauen;Deutsche;16000000;Thüringen;Akademischer Berufsabschluss;55.580
Mai 22;Frauen;Ausländer;1000000;Schleswig-Holstein;Ohne Berufsabschluss;8.260
Mai 22;Frauen;Ausländer;1000000;Schleswig-Holstein;Anerkannter Berufsabschluss;10.700
Mai 22;Frauen;Ausländer;1000000;Schleswig-Holstein;Akademischer Berufsabschluss;5.830
Mai 22;Frauen;Ausländer;2000000;Hamburg;Ohne Berufsabschluss;12.320
Mai 22;Frauen;Ausländer;2000000;Hamburg;Anerkannter Berufsabschluss;16.570
Mai 22;Frauen;Ausländer;2000000;Hamburg;Akademischer Berufsabschluss;16.430
Mai 22;Frauen;Ausländer;3000000;Niedersachsen;Ohne Berufsabschluss;29.820
Mai 22;Frauen;Ausländer;3000000;Niedersachsen;Anerkannter Berufsabschluss;37.370
Mai 22;Frauen;Ausländer;3000000;Niedersachsen;Akademischer Berufsabschluss;19.530
Mai 22;Frauen;Ausländer;4000000;Bremen;Ohne Berufsabschluss;4.260
Mai 22;Frauen;Ausländer;4000000;Bremen;Anerkannter Berufsabschluss;4.990
Mai 22;Frauen;Ausländer;4000000;Bremen;Akademischer Berufsabschluss;3.530
Mai 22;Frauen;Ausländer;5000000;Nordrhein-Westfalen;Ohne Berufsabschluss;95.600
Mai 22;Frauen;Ausländer;5000000;Nordrhein-Westfalen;Anerkannter Berufsabschluss;116.240
Mai 22;Frauen;Ausländer;5000000;Nordrhein-Westfalen;Akademischer Berufsabschluss;64.380
Mai 22;Frauen;Ausländer;6000000;Hessen;Ohne Berufsabschluss;42.160
Mai 22;Frauen;Ausländer;6000000;Hessen;Anerkannter Berufsabschluss;60.760
Mai 22;Frauen;Ausländer;6000000;Hessen;Akademischer Berufsabschluss;42.150
Mai 22;Frauen;Ausländer;7000000;Rheinland-Pfalz;Ohne Berufsabschluss;18.830
Mai 22;Frauen;Ausländer;7000000;Rheinland-Pfalz;Anerkannter Berufsabschluss;25.630
Mai 22;Frauen;Ausländer;7000000;Rheinland-Pfalz;Akademischer Berufsabschluss;11.480
Mai 22;Frauen;Ausländer;8000000;Baden-Württemberg;Ohne Berufsabschluss;88.330
Mai 22;Frauen;Ausländer;8000000;Baden-Württemberg;Anerkannter Berufsabschluss;133.720
Mai 22;Frauen;Ausländer;8000000;Baden-Württemberg;Akademischer Berufsabschluss;61.290
Mai 22;Frauen;Ausländer;9000000;Bayern;Ohne Berufsabschluss;83.740
Mai 22;Frauen;Ausländer;9000000;Bayern;Anerkannter Berufsabschluss;142.530
Mai 22;Frauen;Ausländer;9000000;Bayern;Akademischer Berufsabschluss;89.550
Mai 22;Frauen;Ausländer;10000000;Saarland;Ohne Berufsabschluss;4.690
Mai 22;Frauen;Ausländer;10000000;Saarland;Anerkannter Berufsabschluss;7.320
Mai 22;Frauen;Ausländer;10000000;Saarland;Akademischer Berufsabschluss;3.060
Mai 22;Frauen;Ausländer;11000000;Berlin;Ohne Berufsabschluss;19.500
Mai 22;Frauen;Ausländer;11000000;Berlin;Anerkannter Berufsabschluss;25.840
Mai 22;Frauen;Ausländer;11000000;Berlin;Akademischer Berufsabschluss;51.620
Mai 22;Frauen;Ausländer;12000000;Brandenburg;Ohne Berufsabschluss;4.680
Mai 22;Frauen;Ausländer;12000000;Brandenburg;Anerkannter Berufsabschluss;8.400
Mai 22;Frauen;Ausländer;12000000;Brandenburg;Akademischer Berufsabschluss;7.170
Mai 22;Frauen;Ausländer;13000000;Mecklenburg-Vorpommern;Ohne Berufsabschluss;2.030
Mai 22;Frauen;Ausländer;13000000;Mecklenburg-Vorpommern;Anerkannter Berufsabschluss;3.630
Mai 22;Frauen;Ausländer;13000000;Mecklenburg-Vorpommern;Akademischer Berufsabschluss;3.000
Mai 22;Frauen;Ausländer;14000000;Sachsen;Ohne Berufsabschluss;6.090
Mai 22;Frauen;Ausländer;14000000;Sachsen;Anerkannter Berufsabschluss;12.820
Mai 22;Frauen;Ausländer;14000000;Sachsen;Akademischer Berufsabschluss;12.290
Mai 22;Frauen;Ausländer;15000000;Sachsen-Anhalt;Ohne Berufsabschluss;2.900
Mai 22;Frauen;Ausländer;15000000;Sachsen-Anhalt;Anerkannter Berufsabschluss;4.150
Mai 22;Frauen;Ausländer;15000000;Sachsen-Anhalt;Akademischer Berufsabschluss;3.760
Mai 22;Frauen;Ausländer;16000000;Thüringen;Ohne Berufsabschluss;4.540
Mai 22;Frauen;Ausländer;16000000;Thüringen;Anerkannter Berufsabschluss;6.160
Mai 22;Frauen;Ausländer;16000000;Thüringen;Akademischer Berufsabschluss;4.720
Mai 22;Frauen;Deutsche;1000000;Schleswig-Holstein;Ohne Berufsabschluss;48.360
Mai 22;Frauen;Deutsche;1000000;Schleswig-Holstein;Anerkannter Berufsabschluss;324.090
Mai 22;Frauen;Deutsche;1000000;Schleswig-Holstein;Akademischer Berufsabschluss;64.310
Mai 22;Frauen;Deutsche;2000000;Hamburg;Ohne Berufsabschluss;40.220
Mai 22;Frauen;Deutsche;2000000;Hamburg;Anerkannter Berufsabschluss;230.140
Mai 22;Frauen;Deutsche;2000000;Hamburg;Akademischer Berufsabschluss;119.970
Mai 22;Frauen;Deutsche;3000000;Niedersachsen;Ohne Berufsabschluss;132.800
Mai 22;Frauen;Deutsche;3000000;Niedersachsen;Anerkannter Berufsabschluss;917.660
Mai 22;Frauen;Deutsche;3000000;Niedersachsen;Akademischer Berufsabschluss;188.100
Mai 22;Frauen;Deutsche;4000000;Bremen;Ohne Berufsabschluss;14.880
Mai 22;Frauen;Deutsche;4000000;Bremen;Anerkannter Berufsabschluss;83.690
Mai 22;Frauen;Deutsche;4000000;Bremen;Akademischer Berufsabschluss;27.140
Mai 22;Frauen;Deutsche;5000000;Nordrhein-Westfalen;Ohne Berufsabschluss;349.340
Mai 22;Frauen;Deutsche;5000000;Nordrhein-Westfalen;Anerkannter Berufsabschluss;1.873.160
Mai 22;Frauen;Deutsche;5000000;Nordrhein-Westfalen;Akademischer Berufsabschluss;519.840
Mai 22;Frauen;Deutsche;6000000;Hessen;Ohne Berufsabschluss;107.830
Mai 22;Frauen;Deutsche;6000000;Hessen;Anerkannter Berufsabschluss;646.240
Mai 22;Frauen;Deutsche;6000000;Hessen;Akademischer Berufsabschluss;230.030
Mai 22;Frauen;Deutsche;7000000;Rheinland-Pfalz;Ohne Berufsabschluss;70.630
Mai 22;Frauen;Deutsche;7000000;Rheinland-Pfalz;Anerkannter Berufsabschluss;428.080
Mai 22;Frauen;Deutsche;7000000;Rheinland-Pfalz;Akademischer Berufsabschluss;86.620
Mai 22;Frauen;Deutsche;8000000;Baden-Württemberg;Ohne Berufsabschluss;201.230
Mai 22;Frauen;Deutsche;8000000;Baden-Württemberg;Anerkannter Berufsabschluss;1.229.070
Mai 22;Frauen;Deutsche;8000000;Baden-Württemberg;Akademischer Berufsabschluss;359.660
Mai 22;Frauen;Deutsche;9000000;Bayern;Ohne Berufsabschluss;209.320
Mai 22;Frauen;Deutsche;9000000;Bayern;Anerkannter Berufsabschluss;1.561.230
Mai 22;Frauen;Deutsche;9000000;Bayern;Akademischer Berufsabschluss;429.420
Mai 22;Frauen;Deutsche;10000000;Saarland;Ohne Berufsabschluss;18.280
Mai 22;Frauen;Deutsche;10000000;Saarland;Anerkannter Berufsabschluss;112.990
Mai 22;Frauen;Deutsche;10000000;Saarland;Akademischer Berufsabschluss;21.790
Mai 22;Frauen;Deutsche;11000000;Berlin;Ohne Berufsabschluss;62.770
Mai 22;Frauen;Deutsche;11000000;Berlin;Anerkannter Berufsabschluss;350.860
Mai 22;Frauen;Deutsche;11000000;Berlin;Akademischer Berufsabschluss;216.370
Mai 22;Frauen;Deutsche;12000000;Brandenburg;Ohne Berufsabschluss;26.190
Mai 22;Frauen;Deutsche;12000000;Brandenburg;Anerkannter Berufsabschluss;280.570
Mai 22;Frauen;Deutsche;12000000;Brandenburg;Akademischer Berufsabschluss;60.890
Mai 22;Frauen;Deutsche;13000000;Mecklenburg-Vorpommern;Ohne Berufsabschluss;18.640
Mai 22;Frauen;Deutsche;13000000;Mecklenburg-Vorpommern;Anerkannter Berufsabschluss;204.410
Mai 22;Frauen;Deutsche;13000000;Mecklenburg-Vorpommern;Akademischer Berufsabschluss;41.140
Mai 22;Frauen;Deutsche;14000000;Sachsen;Ohne Berufsabschluss;43.040
Mai 22;Frauen;Deutsche;14000000;Sachsen;Anerkannter Berufsabschluss;528.000
Mai 22;Frauen;Deutsche;14000000;Sachsen;Akademischer Berufsabschluss;144.400
Mai 22;Frauen;Deutsche;15000000;Sachsen-Anhalt;Ohne Berufsabschluss;22.110
Mai 22;Frauen;Deutsche;15000000;Sachsen-Anhalt;Anerkannter Berufsabschluss;282.840
Mai 22;Frauen;Deutsche;15000000;Sachsen-Anhalt;Akademischer Berufsabschluss;53.640
Mai 22;Frauen;Deutsche;16000000;Thüringen;Ohne Berufsabschluss;20.080
Mai 22;Frauen;Deutsche;16000000;Thüringen;Anerkannter Berufsabschluss;275.010
Mai 22;Frauen;Deutsche;16000000;Thüringen;Akademischer Berufsabschluss;55.060
Apr 22;Frauen;Ausländer;1000000;Schleswig-Holstein;Ohne Berufsabschluss;8.110
Apr 22;Frauen;Ausländer;1000000;Schleswig-Holstein;Anerkannter Berufsabschluss;10.540
Apr 22;Frauen;Ausländer;1000000;Schleswig-Holstein;Akademischer Berufsabschluss;5.640
Apr 22;Frauen;Ausländer;2000000;Hamburg;Ohne Berufsabschluss;12.150
Apr 22;Frauen;Ausländer;2000000;Hamburg;Anerkannter Berufsabschluss;16.440
Apr 22;Frauen;Ausländer;2000000;Hamburg;Akademischer Berufsabschluss;16.130
Apr 22;Frauen;Ausländer;3000000;Niedersachsen;Ohne Berufsabschluss;29.480
Apr 22;Frauen;Ausländer;3000000;Niedersachsen;Anerkannter Berufsabschluss;36.860
Apr 22;Frauen;Ausländer;3000000;Niedersachsen;Akademischer Berufsabschluss;19.260
Apr 22;Frauen;Ausländer;4000000;Bremen;Ohne Berufsabschluss;4.210
Apr 22;Frauen;Ausländer;4000000;Bremen;Anerkannter Berufsabschluss;4.970
Apr 22;Frauen;Ausländer;4000000;Bremen;Akademischer Berufsabschluss;3.470
Apr 22;Frauen;Ausländer;5000000;Nordrhein-Westfalen;Ohne Berufsabschluss;94.840
Apr 22;Frauen;Ausländer;5000000;Nordrhein-Westfalen;Anerkannter Berufsabschluss;115.300
Apr 22;Frauen;Ausländer;5000000;Nordrhein-Westfalen;Akademischer Berufsabschluss;63.250
Apr 22;Frauen;Ausländer;6000000;Hessen;Ohne Berufsabschluss;41.750
Apr 22;Frauen;Ausländer;6000000;Hessen;Anerkannter Berufsabschluss;60.280
Apr 22;Frauen;Ausländer;6000000;Hessen;Akademischer Berufsabschluss;41.440
Apr 22;Frauen;Ausländer;7000000;Rheinland-Pfalz;Ohne Berufsabschluss;18.580
Apr 22;Frauen;Ausländer;7000000;Rheinland-Pfalz;Anerkannter Berufsabschluss;25.350
Apr 22;Frauen;Ausländer;7000000;Rheinland-Pfalz;Akademischer Berufsabschluss;11.270
Apr 22;Frauen;Ausländer;8000000;Baden-Württemberg;Ohne Berufsabschluss;87.850
Apr 22;Frauen;Ausländer;8000000;Baden-Württemberg;Anerkannter Berufsabschluss;132.630
Apr 22;Frauen;Ausländer;8000000;Baden-Württemberg;Akademischer Berufsabschluss;60.270
Apr 22;Frauen;Ausländer;9000000;Bayern;Ohne Berufsabschluss;82.590
Apr 22;Frauen;Ausländer;9000000;Bayern;Anerkannter Berufsabschluss;141.160
Apr 22;Frauen;Ausländer;9000000;Bayern;Akademischer Berufsabschluss;87.750
Apr 22;Frauen;Ausländer;10000000;Saarland;Ohne Berufsabschluss;4.670
Apr 22;Frauen;Ausländer;10000000;Saarland;Anerkannter Berufsabschluss;7.220
Apr 22;Frauen;Ausländer;10000000;Saarland;Akademischer Berufsabschluss;3.030
Apr 22;Frauen;Ausländer;11000000;Berlin;Ohne Berufsabschluss;19.390
Apr 22;Frauen;Ausländer;11000000;Berlin;Anerkannter Berufsabschluss;25.470
Apr 22;Frauen;Ausländer;11000000;Berlin;Akademischer Berufsabschluss;50.510
Apr 22;Frauen;Ausländer;12000000;Brandenburg;Ohne Berufsabschluss;4.550
Apr 22;Frauen;Ausländer;12000000;Brandenburg;Anerkannter Berufsabschluss;8.190
Apr 22;Frauen;Ausländer;12000000;Brandenburg;Akademischer Berufsabschluss;7.010
Apr 22;Frauen;Ausländer;13000000;Mecklenburg-Vorpommern;Ohne Berufsabschluss;1.960
Apr 22;Frauen;Ausländer;13000000;Mecklenburg-Vorpommern;Anerkannter Berufsabschluss;3.530
Apr 22;Frauen;Ausländer;13000000;Mecklenburg-Vorpommern;Akademischer Berufsabschluss;2.900
Apr 22;Frauen;Ausländer;14000000;Sachsen;Ohne Berufsabschluss;5.980
Apr 22;Frauen;Ausländer;14000000;Sachsen;Anerkannter Berufsabschluss;12.560
Apr 22;Frauen;Ausländer;14000000;Sachsen;Akademischer Berufsabschluss;11.870
Apr 22;Frauen;Ausländer;15000000;Sachsen-Anhalt;Ohne Berufsabschluss;2.800
Apr 22;Frauen;Ausländer;15000000;Sachsen-Anhalt;Anerkannter Berufsabschluss;4.050
Apr 22;Frauen;Ausländer;15000000;Sachsen-Anhalt;Akademischer Berufsabschluss;3.600
Apr 22;Frauen;Ausländer;16000000;Thüringen;Ohne Berufsabschluss;4.370
Apr 22;Frauen;Ausländer;16000000;Thüringen;Anerkannter Berufsabschluss;6.000
Apr 22;Frauen;Ausländer;16000000;Thüringen;Akademischer Berufsabschluss;4.620
Apr 22;Frauen;Deutsche;1000000;Schleswig-Holstein;Ohne Berufsabschluss;48.620
Apr 22;Frauen;Deutsche;1000000;Schleswig-Holstein;Anerkannter Berufsabschluss;323.850
Apr 22;Frauen;Deutsche;1000000;Schleswig-Holstein;Akademischer Berufsabschluss;63.940
Apr 22;Frauen;Deutsche;2000000;Hamburg;Ohne Berufsabschluss;40.340
Apr 22;Frauen;Deutsche;2000000;Hamburg;Anerkannter Berufsabschluss;230.090
Apr 22;Frauen;Deutsche;2000000;Hamburg;Akademischer Berufsabschluss;119.180
Apr 22;Frauen;Deutsche;3000000;Niedersachsen;Ohne Berufsabschluss;133.540
Apr 22;Frauen;Deutsche;3000000;Niedersachsen;Anerkannter Berufsabschluss;917.620
Apr 22;Frauen;Deutsche;3000000;Niedersachsen;Akademischer Berufsabschluss;186.950
Apr 22;Frauen;Deutsche;4000000;Bremen;Ohne Berufsabschluss;14.930
Apr 22;Frauen;Deutsche;4000000;Bremen;Anerkannter Berufsabschluss;83.620
Apr 22;Frauen;Deutsche;4000000;Bremen;Akademischer Berufsabschluss;26.990
Apr 22;Frauen;Deutsche;5000000;Nordrhein-Westfalen;Ohne Berufsabschluss;351.430
Apr 22;Frauen;Deutsche;5000000;Nordrhein-Westfalen;Anerkannter Berufsabschluss;1.873.390
Apr 22;Frauen;Deutsche;5000000;Nordrhein-Westfalen;Akademischer Berufsabschluss;516.120
Apr 22;Frauen;Deutsche;6000000;Hessen;Ohne Berufsabschluss;108.690
Apr 22;Frauen;Deutsche;6000000;Hessen;Anerkannter Berufsabschluss;646.100
Apr 22;Frauen;Deutsche;6000000;Hessen;Akademischer Berufsabschluss;228.590
Apr 22;Frauen;Deutsche;7000000;Rheinland-Pfalz;Ohne Berufsabschluss;70.980
Apr 22;Frauen;Deutsche;7000000;Rheinland-Pfalz;Anerkannter Berufsabschluss;427.940
Apr 22;Frauen;Deutsche;7000000;Rheinland-Pfalz;Akademischer Berufsabschluss;86.040
Apr 22;Frauen;Deutsche;8000000;Baden-Württemberg;Ohne Berufsabschluss;204.280
Apr 22;Frauen;Deutsche;8000000;Baden-Württemberg;Anerkannter Berufsabschluss;1.229.060
Apr 22;Frauen;Deutsche;8000000;Baden-Württemberg;Akademischer Berufsabschluss;356.300
Apr 22;Frauen;Deutsche;9000000;Bayern;Ohne Berufsabschluss;211.390
Apr 22;Frauen;Deutsche;9000000;Bayern;Anerkannter Berufsabschluss;1.560.550
Apr 22;Frauen;Deutsche;9000000;Bayern;Akademischer Berufsabschluss;426.670
Apr 22;Frauen;Deutsche;10000000;Saarland;Ohne Berufsabschluss;18.530
Apr 22;Frauen;Deutsche;10000000;Saarland;Anerkannter Berufsabschluss;112.970
Apr 22;Frauen;Deutsche;10000000;Saarland;Akademischer Berufsabschluss;21.710
Apr 22;Frauen;Deutsche;11000000;Berlin;Ohne Berufsabschluss;62.930
Apr 22;Frauen;Deutsche;11000000;Berlin;Anerkannter Berufsabschluss;350.950
Apr 22;Frauen;Deutsche;11000000;Berlin;Akademischer Berufsabschluss;214.870
Apr 22;Frauen;Deutsche;12000000;Brandenburg;Ohne Berufsabschluss;26.540
Apr 22;Frauen;Deutsche;12000000;Brandenburg;Anerkannter Berufsabschluss;280.100
Apr 22;Frauen;Deutsche;12000000;Brandenburg;Akademischer Berufsabschluss;60.710
Apr 22;Frauen;Deutsche;13000000;Mecklenburg-Vorpommern;Ohne Berufsabschluss;18.630
Apr 22;Frauen;Deutsche;13000000;Mecklenburg-Vorpommern;Anerkannter Berufsabschluss;203.990
Apr 22;Frauen;Deutsche;13000000;Mecklenburg-Vorpommern;Akademischer Berufsabschluss;40.970
Apr 22;Frauen;Deutsche;14000000;Sachsen;Ohne Berufsabschluss;43.460
Apr 22;Frauen;Deutsche;14000000;Sachsen;Anerkannter Berufsabschluss;528.430
Apr 22;Frauen;Deutsche;14000000;Sachsen;Akademischer Berufsabschluss;143.920
Apr 22;Frauen;Deutsche;15000000;Sachsen-Anhalt;Ohne Berufsabschluss;22.220
Apr 22;Frauen;Deutsche;15000000;Sachsen-Anhalt;Anerkannter Berufsabschluss;282.910
Apr 22;Frauen;Deutsche;15000000;Sachsen-Anhalt;Akademischer Berufsabschluss;53.520
Apr 22;Frauen;Deutsche;16000000;Thüringen;Ohne Berufsabschluss;20.230
Apr 22;Frauen;Deutsche;16000000;Thüringen;Anerkannter Berufsabschluss;275.310
Apr 22;Frauen;Deutsche;16000000;Thüringen;Akademischer Berufsabschluss;54.940
Mrz 22;Frauen;Ausländer;1000000;Schleswig-Holstein;Ohne Berufsabschluss;7.990
Mrz 22;Frauen;Ausländer;1000000;Schleswig-Holstein;Anerkannter Berufsabschluss;10.370
Mrz 22;Frauen;Ausländer;1000000;Schleswig-Holstein;Akademischer Berufsabschluss;5.460
Mrz 22;Frauen;Ausländer;2000000;Hamburg;Ohne Berufsabschluss;12.020
Mrz 22;Frauen;Ausländer;2000000;Hamburg;Anerkannter Berufsabschluss;16.370
Mrz 22;Frauen;Ausländer;2000000;Hamburg;Akademischer Berufsabschluss;15.850
Mrz 22;Frauen;Ausländer;3000000;Niedersachsen;Ohne Berufsabschluss;29.130
Mrz 22;Frauen;Ausländer;3000000;Niedersachsen;Anerkannter Berufsabschluss;36.480
Mrz 22;Frauen;Ausländer;3000000;Niedersachsen;Akademischer Berufsabschluss;19.000
Mrz 22;Frauen;Ausländer;4000000;Bremen;Ohne Berufsabschluss;4.170
Mrz 22;Frauen;Ausländer;4000000;Bremen;Anerkannter Berufsabschluss;4.940
Mrz 22;Frauen;Ausländer;4000000;Bremen;Akademischer Berufsabschluss;3.440
Mrz 22;Frauen;Ausländer;5000000;Nordrhein-Westfalen;Ohne Berufsabschluss;93.980
Mrz 22;Frauen;Ausländer;5000000;Nordrhein-Westfalen;Anerkannter Berufsabschluss;114.710
Mrz 22;Frauen;Ausländer;5000000;Nordrhein-Westfalen;Akademischer Berufsabschluss;62.470
Mrz 22;Frauen;Ausländer;6000000;Hessen;Ohne Berufsabschluss;41.640
Mrz 22;Frauen;Ausländer;6000000;Hessen;Anerkannter Berufsabschluss;59.970
Mrz 22;Frauen;Ausländer;6000000;Hessen;Akademischer Berufsabschluss;40.820
Mrz 22;Frauen;Ausländer;7000000;Rheinland-Pfalz;Ohne Berufsabschluss;18.410
Mrz 22;Frauen;Ausländer;7000000;Rheinland-Pfalz;Anerkannter Berufsabschluss;25.050
Mrz 22;Frauen;Ausländer;7000000;Rheinland-Pfalz;Akademischer Berufsabschluss;11.120
Mrz 22;Frauen;Ausländer;8000000;Baden-Württemberg;Ohne Berufsabschluss;87.630
Mrz 22;Frauen;Ausländer;8000000;Baden-Württemberg;Anerkannter Berufsabschluss;131.750
Mrz 22;Frauen;Ausländer;8000000;Baden-Württemberg;Akademischer Berufsabschluss;59.290
Mrz 22;Frauen;Ausländer;9000000;Bayern;Ohne Berufsabschluss;82.020
Mrz 22;Frauen;Ausländer;9000000;Bayern;Anerkannter Berufsabschluss;140.060
Mrz 22;Frauen;Ausländer;9000000;Bayern;Akademischer Berufsabschluss;86.440
Mrz 22;Frauen;Ausländer;10000000;Saarland;Ohne Berufsabschluss;4.650
Mrz 22;Frauen;Ausländer;10000000;Saarland;Anerkannter Berufsabschluss;7.180
Mrz 22;Frauen;Ausländer;10000000;Saarland;Akademischer Berufsabschluss;3.000
Mrz 22;Frauen;Ausländer;11000000;Berlin;Ohne Berufsabschluss;19.040
Mrz 22;Frauen;Ausländer;11000000;Berlin;Anerkannter Berufsabschluss;25.140
Mrz 22;Frauen;Ausländer;11000000;Berlin;Akademischer Berufsabschluss;49.660
Mrz 22;Frauen;Ausländer;12000000;Brandenburg;Ohne Berufsabschluss;4.430
Mrz 22;Frauen;Ausländer;12000000;Brandenburg;Anerkannter Berufsabschluss;8.120
Mrz 22;Frauen;Ausländer;12000000;Brandenburg;Akademischer Berufsabschluss;6.870
Mrz 22;Frauen;Ausländer;13000000;Mecklenburg-Vorpommern;Ohne Berufsabschluss;1.860
Mrz 22;Frauen;Ausländer;13000000;Mecklenburg-Vorpommern;Anerkannter Berufsabschluss;3.370
Mrz 22;Frauen;Ausländer;13000000;Mecklenburg-Vorpommern;Akademischer Berufsabschluss;2.790
Mrz 22;Frauen;Ausländer;14000000;Sachsen;Ohne Berufsabschluss;5.870
Mrz 22;Frauen;Ausländer;14000000;Sachsen;Anerkannter Berufsabschluss;12.260
Mrz 22;Frauen;Ausländer;14000000;Sachsen;Akademischer Berufsabschluss;11.560
Mrz 22;Frauen;Ausländer;15000000;Sachsen-Anhalt;Ohne Berufsabschluss;2.750
Mrz 22;Frauen;Ausländer;15000000;Sachsen-Anhalt;Anerkannter Berufsabschluss;3.970
Mrz 22;Frauen;Ausländer;15000000;Sachsen-Anhalt;Akademischer Berufsabschluss;3.510
Mrz 22;Frauen;Ausländer;16000000;Thüringen;Ohne Berufsabschluss;4.340
Mrz 22;Frauen;Ausländer;16000000;Thüringen;Anerkannter Berufsabschluss;5.920
Mrz 22;Frauen;Ausländer;16000000;Thüringen;Akademischer Berufsabschluss;4.510
Mrz 22;Frauen;Deutsche;1000000;Schleswig-Holstein;Ohne Berufsabschluss;48.760
Mrz 22;Frauen;Deutsche;1000000;Schleswig-Holstein;Anerkannter Berufsabschluss;323.530
Mrz 22;Frauen;Deutsche;1000000;Schleswig-Holstein;Akademischer Berufsabschluss;63.520
Mrz 22;Frauen;Deutsche;2000000;Hamburg;Ohne Berufsabschluss;40.430
Mrz 22;Frauen;Deutsche;2000000;Hamburg;Anerkannter Berufsabschluss;230.290
Mrz 22;Frauen;Deutsche;2000000;Hamburg;Akademischer Berufsabschluss;118.540
Mrz 22;Frauen;Deutsche;3000000;Niedersachsen;Ohne Berufsabschluss;134.450
Mrz 22;Frauen;Deutsche;3000000;Niedersachsen;Anerkannter Berufsabschluss;917.610
Mrz 22;Frauen;Deutsche;3000000;Niedersachsen;Akademischer Berufsabschluss;186.240
Mrz 22;Frauen;Deutsche;4000000;Bremen;Ohne Berufsabschluss;14.970
Mrz 22;Frauen;Deutsche;4000000;Bremen;Anerkannter Berufsabschluss;83.760
Mrz 22;Frauen;Deutsche;4000000;Bremen;Akademischer Berufsabschluss;26.860
Mrz 22;Frauen;Deutsche;5000000;Nordrhein-Westfalen;Ohne Berufsabschluss;352.810
Mrz 22;Frauen;Deutsche;5000000;Nordrhein-Westfalen;Anerkannter Berufsabschluss;1.875.350
Mrz 22;Frauen;Deutsche;5000000;Nordrhein-Westfalen;Akademischer Berufsabschluss;514.490
Mrz 22;Frauen;Deutsche;6000000;Hessen;Ohne Berufsabschluss;109.090
Mrz 22;Frauen;Deutsche;6000000;Hessen;Anerkannter Berufsabschluss;646.760
Mrz 22;Frauen;Deutsche;6000000;Hessen;Akademischer Berufsabschluss;227.910
Mrz 22;Frauen;Deutsche;7000000;Rheinland-Pfalz;Ohne Berufsabschluss;71.250
Mrz 22;Frauen;Deutsche;7000000;Rheinland-Pfalz;Anerkannter Berufsabschluss;428.060
Mrz 22;Frauen;Deutsche;7000000;Rheinland-Pfalz;Akademischer Berufsabschluss;85.680
Mrz 22;Frauen;Deutsche;8000000;Baden-Württemberg;Ohne Berufsabschluss;207.300
Mrz 22;Frauen;Deutsche;8000000;Baden-Württemberg;Anerkannter Berufsabschluss;1.228.840
Mrz 22;Frauen;Deutsche;8000000;Baden-Württemberg;Akademischer Berufsabschluss;355.130
Mrz 22;Frauen;Deutsche;9000000;Bayern;Ohne Berufsabschluss;214.280
Mrz 22;Frauen;Deutsche;9000000;Bayern;Anerkannter Berufsabschluss;1.560.140
Mrz 22;Frauen;Deutsche;9000000;Bayern;Akademischer Berufsabschluss;424.460
Mrz 22;Frauen;Deutsche;10000000;Saarland;Ohne Berufsabschluss;18.750
Mrz 22;Frauen;Deutsche;10000000;Saarland;Anerkannter Berufsabschluss;113.100
Mrz 22;Frauen;Deutsche;10000000;Saarland;Akademischer Berufsabschluss;21.660
Mrz 22;Frauen;Deutsche;11000000;Berlin;Ohne Berufsabschluss;62.990
Mrz 22;Frauen;Deutsche;11000000;Berlin;Anerkannter Berufsabschluss;351.000
Mrz 22;Frauen;Deutsche;11000000;Berlin;Akademischer Berufsabschluss;214.200
Mrz 22;Frauen;Deutsche;12000000;Brandenburg;Ohne Berufsabschluss;26.550
Mrz 22;Frauen;Deutsche;12000000;Brandenburg;Anerkannter Berufsabschluss;279.890
Mrz 22;Frauen;Deutsche;12000000;Brandenburg;Akademischer Berufsabschluss;60.440
Mrz 22;Frauen;Deutsche;13000000;Mecklenburg-Vorpommern;Ohne Berufsabschluss;18.900
Mrz 22;Frauen;Deutsche;13000000;Mecklenburg-Vorpommern;Anerkannter Berufsabschluss;202.890
Mrz 22;Frauen;Deutsche;13000000;Mecklenburg-Vorpommern;Akademischer Berufsabschluss;40.880
Mrz 22;Frauen;Deutsche;14000000;Sachsen;Ohne Berufsabschluss;44.520
Mrz 22;Frauen;Deutsche;14000000;Sachsen;Anerkannter Berufsabschluss;527.970
Mrz 22;Frauen;Deutsche;14000000;Sachsen;Akademischer Berufsabschluss;143.710
Mrz 22;Frauen;Deutsche;15000000;Sachsen-Anhalt;Ohne Berufsabschluss;22.460
Mrz 22;Frauen;Deutsche;15000000;Sachsen-Anhalt;Anerkannter Berufsabschluss;282.650
Mrz 22;Frauen;Deutsche;15000000;Sachsen-Anhalt;Akademischer Berufsabschluss;53.490
Mrz 22;Frauen;Deutsche;16000000;Thüringen;Ohne Berufsabschluss;20.700
Mrz 22;Frauen;Deutsche;16000000;Thüringen;Anerkannter Berufsabschluss;275.340
Mrz 22;Frauen;Deutsche;16000000;Thüringen;Akademischer Berufsabschluss;54.850
Feb 22;Frauen;Ausländer;1000000;Schleswig-Holstein;Ohne Berufsabschluss;7.790
Feb 22;Frauen;Ausländer;1000000;Schleswig-Holstein;Anerkannter Berufsabschluss;10.210
Feb 22;Frauen;Ausländer;1000000;Schleswig-Holstein;Akademischer Berufsabschluss;5.360
Feb 22;Frauen;Ausländer;2000000;Hamburg;Ohne Berufsabschluss;11.930
Feb 22;Frauen;Ausländer;2000000;Hamburg;Anerkannter Berufsabschluss;16.220
Feb 22;Frauen;Ausländer;2000000;Hamburg;Akademischer Berufsabschluss;15.560
Feb 22;Frauen;Ausländer;3000000;Niedersachsen;Ohne Berufsabschluss;28.750
Feb 22;Frauen;Ausländer;3000000;Niedersachsen;Anerkannter Berufsabschluss;35.990
Feb 22;Frauen;Ausländer;3000000;Niedersachsen;Akademischer Berufsabschluss;18.730
Feb 22;Frauen;Ausländer;4000000;Bremen;Ohne Berufsabschluss;4.150
Feb 22;Frauen;Ausländer;4000000;Bremen;Anerkannter Berufsabschluss;4.900
Feb 22;Frauen;Ausländer;4000000;Bremen;Akademischer Berufsabschluss;3.410
Feb 22;Frauen;Ausländer;5000000;Nordrhein-Westfalen;Ohne Berufsabschluss;93.440
Feb 22;Frauen;Ausländer;5000000;Nordrhein-Westfalen;Anerkannter Berufsabschluss;113.810
Feb 22;Frauen;Ausländer;5000000;Nordrhein-Westfalen;Akademischer Berufsabschluss;61.520
Feb 22;Frauen;Ausländer;6000000;Hessen;Ohne Berufsabschluss;41.380
Feb 22;Frauen;Ausländer;6000000;Hessen;Anerkannter Berufsabschluss;59.710
Feb 22;Frauen;Ausländer;6000000;Hessen;Akademischer Berufsabschluss;40.430
Feb 22;Frauen;Ausländer;7000000;Rheinland-Pfalz;Ohne Berufsabschluss;18.210
Feb 22;Frauen;Ausländer;7000000;Rheinland-Pfalz;Anerkannter Berufsabschluss;24.690
Feb 22;Frauen;Ausländer;7000000;Rheinland-Pfalz;Akademischer Berufsabschluss;10.960
Feb 22;Frauen;Ausländer;8000000;Baden-Württemberg;Ohne Berufsabschluss;87.320
Feb 22;Frauen;Ausländer;8000000;Baden-Württemberg;Anerkannter Berufsabschluss;130.820
Feb 22;Frauen;Ausländer;8000000;Baden-Württemberg;Akademischer Berufsabschluss;58.700
Feb 22;Frauen;Ausländer;9000000;Bayern;Ohne Berufsabschluss;81.470
Feb 22;Frauen;Ausländer;9000000;Bayern;Anerkannter Berufsabschluss;139.070
Feb 22;Frauen;Ausländer;9000000;Bayern;Akademischer Berufsabschluss;85.430
Feb 22;Frauen;Ausländer;10000000;Saarland;Ohne Berufsabschluss;4.570
Feb 22;Frauen;Ausländer;10000000;Saarland;Anerkannter Berufsabschluss;7.140
Feb 22;Frauen;Ausländer;10000000;Saarland;Akademischer Berufsabschluss;2.950
Feb 22;Frauen;Ausländer;11000000;Berlin;Ohne Berufsabschluss;18.870
Feb 22;Frauen;Ausländer;11000000;Berlin;Anerkannter Berufsabschluss;24.900
Feb 22;Frauen;Ausländer;11000000;Berlin;Akademischer Berufsabschluss;48.970
Feb 22;Frauen;Ausländer;12000000;Brandenburg;Ohne Berufsabschluss;4.360
Feb 22;Frauen;Ausländer;12000000;Brandenburg;Anerkannter Berufsabschluss;8.010
Feb 22;Frauen;Ausländer;12000000;Brandenburg;Akademischer Berufsabschluss;6.780
Feb 22;Frauen;Ausländer;13000000;Mecklenburg-Vorpommern;Ohne Berufsabschluss;1.790
Feb 22;Frauen;Ausländer;13000000;Mecklenburg-Vorpommern;Anerkannter Berufsabschluss;3.260
Feb 22;Frauen;Ausländer;13000000;Mecklenburg-Vorpommern;Akademischer Berufsabschluss;2.750
Feb 22;Frauen;Ausländer;14000000;Sachsen;Ohne Berufsabschluss;5.760
Feb 22;Frauen;Ausländer;14000000;Sachsen;Anerkannter Berufsabschluss;12.090
Feb 22;Frauen;Ausländer;14000000;Sachsen;Akademischer Berufsabschluss;11.390
Feb 22;Frauen;Ausländer;15000000;Sachsen-Anhalt;Ohne Berufsabschluss;2.700
Feb 22;Frauen;Ausländer;15000000;Sachsen-Anhalt;Anerkannter Berufsabschluss;3.880
Feb 22;Frauen;Ausländer;15000000;Sachsen-Anhalt;Akademischer Berufsabschluss;3.500
Feb 22;Frauen;Ausländer;16000000;Thüringen;Ohne Berufsabschluss;4.210
Feb 22;Frauen;Ausländer;16000000;Thüringen;Anerkannter Berufsabschluss;5.790
Feb 22;Frauen;Ausländer;16000000;Thüringen;Akademischer Berufsabschluss;4.440
Feb 22;Frauen;Deutsche;1000000;Schleswig-Holstein;Ohne Berufsabschluss;49.070
Feb 22;Frauen;Deutsche;1000000;Schleswig-Holstein;Anerkannter Berufsabschluss;322.670
Feb 22;Frauen;Deutsche;1000000;Schleswig-Holstein;Akademischer Berufsabschluss;63.110
Feb 22;Frauen;Deutsche;2000000;Hamburg;Ohne Berufsabschluss;40.660
Feb 22;Frauen;Deutsche;2000000;Hamburg;Anerkannter Berufsabschluss;230.240
Feb 22;Frauen;Deutsche;2000000;Hamburg;Akademischer Berufsabschluss;117.990
Feb 22;Frauen;Deutsche;3000000;Niedersachsen;Ohne Berufsabschluss;136.160
Feb 22;Frauen;Deutsche;3000000;Niedersachsen;Anerkannter Berufsabschluss;915.320
Feb 22;Frauen;Deutsche;3000000;Niedersachsen;Akademischer Berufsabschluss;185.260
Feb 22;Frauen;Deutsche;4000000;Bremen;Ohne Berufsabschluss;15.110
Feb 22;Frauen;Deutsche;4000000;Bremen;Anerkannter Berufsabschluss;83.630
Feb 22;Frauen;Deutsche;4000000;Bremen;Akademischer Berufsabschluss;26.760
Feb 22;Frauen;Deutsche;5000000;Nordrhein-Westfalen;Ohne Berufsabschluss;355.520
Feb 22;Frauen;Deutsche;5000000;Nordrhein-Westfalen;Anerkannter Berufsabschluss;1.872.640
Feb 22;Frauen;Deutsche;5000000;Nordrhein-Westfalen;Akademischer Berufsabschluss;512.030
Feb 22;Frauen;Deutsche;6000000;Hessen;Ohne Berufsabschluss;110.260
Feb 22;Frauen;Deutsche;6000000;Hessen;Anerkannter Berufsabschluss;646.060
Feb 22;Frauen;Deutsche;6000000;Hessen;Akademischer Berufsabschluss;226.940
Feb 22;Frauen;Deutsche;7000000;Rheinland-Pfalz;Ohne Berufsabschluss;72.190
Feb 22;Frauen;Deutsche;7000000;Rheinland-Pfalz;Anerkannter Berufsabschluss;427.260
Feb 22;Frauen;Deutsche;7000000;Rheinland-Pfalz;Akademischer Berufsabschluss;85.320
Feb 22;Frauen;Deutsche;8000000;Baden-Württemberg;Ohne Berufsabschluss;210.460
Feb 22;Frauen;Deutsche;8000000;Baden-Württemberg;Anerkannter Berufsabschluss;1.226.850
Feb 22;Frauen;Deutsche;8000000;Baden-Württemberg;Akademischer Berufsabschluss;353.880
Feb 22;Frauen;Deutsche;9000000;Bayern;Ohne Berufsabschluss;217.350
Feb 22;Frauen;Deutsche;9000000;Bayern;Anerkannter Berufsabschluss;1.557.420
Feb 22;Frauen;Deutsche;9000000;Bayern;Akademischer Berufsabschluss;422.790
Feb 22;Frauen;Deutsche;10000000;Saarland;Ohne Berufsabschluss;18.920
Feb 22;Frauen;Deutsche;10000000;Saarland;Anerkannter Berufsabschluss;112.960
Feb 22;Frauen;Deutsche;10000000;Saarland;Akademischer Berufsabschluss;21.570
Feb 22;Frauen;Deutsche;11000000;Berlin;Ohne Berufsabschluss;63.010
Feb 22;Frauen;Deutsche;11000000;Berlin;Anerkannter Berufsabschluss;350.980
Feb 22;Frauen;Deutsche;11000000;Berlin;Akademischer Berufsabschluss;212.890
Feb 22;Frauen;Deutsche;12000000;Brandenburg;Ohne Berufsabschluss;26.770
Feb 22;Frauen;Deutsche;12000000;Brandenburg;Anerkannter Berufsabschluss;279.610
Feb 22;Frauen;Deutsche;12000000;Brandenburg;Akademischer Berufsabschluss;60.230
Feb 22;Frauen;Deutsche;13000000;Mecklenburg-Vorpommern;Ohne Berufsabschluss;19.000
Feb 22;Frauen;Deutsche;13000000;Mecklenburg-Vorpommern;Anerkannter Berufsabschluss;202.120
Feb 22;Frauen;Deutsche;13000000;Mecklenburg-Vorpommern;Akademischer Berufsabschluss;40.770
Feb 22;Frauen;Deutsche;14000000;Sachsen;Ohne Berufsabschluss;45.020
Feb 22;Frauen;Deutsche;14000000;Sachsen;Anerkannter Berufsabschluss;527.380
Feb 22;Frauen;Deutsche;14000000;Sachsen;Akademischer Berufsabschluss;143.350
Feb 22;Frauen;Deutsche;15000000;Sachsen-Anhalt;Ohne Berufsabschluss;22.910
Feb 22;Frauen;Deutsche;15000000;Sachsen-Anhalt;Anerkannter Berufsabschluss;282.300
Feb 22;Frauen;Deutsche;15000000;Sachsen-Anhalt;Akademischer Berufsabschluss;53.440
Feb 22;Frauen;Deutsche;16000000;Thüringen;Ohne Berufsabschluss;21.080
Feb 22;Frauen;Deutsche;16000000;Thüringen;Anerkannter Berufsabschluss;274.970
Feb 22;Frauen;Deutsche;16000000;Thüringen;Akademischer Berufsabschluss;54.740
Jan 22;Frauen;Ausländer;1000000;Schleswig-Holstein;Ohne Berufsabschluss;7.760
Jan 22;Frauen;Ausländer;1000000;Schleswig-Holstein;Anerkannter Berufsabschluss;10.080
Jan 22;Frauen;Ausländer;1000000;Schleswig-Holstein;Akademischer Berufsabschluss;5.300
Jan 22;Frauen;Ausländer;2000000;Hamburg;Ohne Berufsabschluss;11.900
Jan 22;Frauen;Ausländer;2000000;Hamburg;Anerkannter Berufsabschluss;16.050
Jan 22;Frauen;Ausländer;2000000;Hamburg;Akademischer Berufsabschluss;15.300
Jan 22;Frauen;Ausländer;3000000;Niedersachsen;Ohne Berufsabschluss;28.510
Jan 22;Frauen;Ausländer;3000000;Niedersachsen;Anerkannter Berufsabschluss;35.530
Jan 22;Frauen;Ausländer;3000000;Niedersachsen;Akademischer Berufsabschluss;18.470
Jan 22;Frauen;Ausländer;4000000;Bremen;Ohne Berufsabschluss;4.110
Jan 22;Frauen;Ausländer;4000000;Bremen;Anerkannter Berufsabschluss;4.880
Jan 22;Frauen;Ausländer;4000000;Bremen;Akademischer Berufsabschluss;3.390
Jan 22;Frauen;Ausländer;5000000;Nordrhein-Westfalen;Ohne Berufsabschluss;92.990
Jan 22;Frauen;Ausländer;5000000;Nordrhein-Westfalen;Anerkannter Berufsabschluss;112.680
Jan 22;Frauen;Ausländer;5000000;Nordrhein-Westfalen;Akademischer Berufsabschluss;60.620
Jan 22;Frauen;Ausländer;6000000;Hessen;Ohne Berufsabschluss;41.460
Jan 22;Frauen;Ausländer;6000000;Hessen;Anerkannter Berufsabschluss;59.200
Jan 22;Frauen;Ausländer;6000000;Hessen;Akademischer Berufsabschluss;40.040
Jan 22;Frauen;Ausländer;7000000;Rheinland-Pfalz;Ohne Berufsabschluss;18.180
Jan 22;Frauen;Ausländer;7000000;Rheinland-Pfalz;Anerkannter Berufsabschluss;24.400
Jan 22;Frauen;Ausländer;7000000;Rheinland-Pfalz;Akademischer Berufsabschluss;10.820
Jan 22;Frauen;Ausländer;8000000;Baden-Württemberg;Ohne Berufsabschluss;87.140
Jan 22;Frauen;Ausländer;8000000;Baden-Württemberg;Anerkannter Berufsabschluss;129.670
Jan 22;Frauen;Ausländer;8000000;Baden-Württemberg;Akademischer Berufsabschluss;58.080
Jan 22;Frauen;Ausländer;9000000;Bayern;Ohne Berufsabschluss;81.110
Jan 22;Frauen;Ausländer;9000000;Bayern;Anerkannter Berufsabschluss;138.090
Jan 22;Frauen;Ausländer;9000000;Bayern;Akademischer Berufsabschluss;84.510
Jan 22;Frauen;Ausländer;10000000;Saarland;Ohne Berufsabschluss;4.570
Jan 22;Frauen;Ausländer;10000000;Saarland;Anerkannter Berufsabschluss;7.050
Jan 22;Frauen;Ausländer;10000000;Saarland;Akademischer Berufsabschluss;2.910
Jan 22;Frauen;Ausländer;11000000;Berlin;Ohne Berufsabschluss;18.690
Jan 22;Frauen;Ausländer;11000000;Berlin;Anerkannter Berufsabschluss;24.590
Jan 22;Frauen;Ausländer;11000000;Berlin;Akademischer Berufsabschluss;48.110
Jan 22;Frauen;Ausländer;12000000;Brandenburg;Ohne Berufsabschluss;4.290
Jan 22;Frauen;Ausländer;12000000;Brandenburg;Anerkannter Berufsabschluss;7.860
Jan 22;Frauen;Ausländer;12000000;Brandenburg;Akademischer Berufsabschluss;6.670
Jan 22;Frauen;Ausländer;13000000;Mecklenburg-Vorpommern;Ohne Berufsabschluss;1.810
Jan 22;Frauen;Ausländer;13000000;Mecklenburg-Vorpommern;Anerkannter Berufsabschluss;3.170
Jan 22;Frauen;Ausländer;13000000;Mecklenburg-Vorpommern;Akademischer Berufsabschluss;2.730
Jan 22;Frauen;Ausländer;14000000;Sachsen;Ohne Berufsabschluss;5.680
Jan 22;Frauen;Ausländer;14000000;Sachsen;Anerkannter Berufsabschluss;11.940
Jan 22;Frauen;Ausländer;14000000;Sachsen;Akademischer Berufsabschluss;11.240
Jan 22;Frauen;Ausländer;15000000;Sachsen-Anhalt;Ohne Berufsabschluss;2.660
Jan 22;Frauen;Ausländer;15000000;Sachsen-Anhalt;Anerkannter Berufsabschluss;3.830
Jan 22;Frauen;Ausländer;15000000;Sachsen-Anhalt;Akademischer Berufsabschluss;3.460
Jan 22;Frauen;Ausländer;16000000;Thüringen;Ohne Berufsabschluss;4.130
Jan 22;Frauen;Ausländer;16000000;Thüringen;Anerkannter Berufsabschluss;5.720
Jan 22;Frauen;Ausländer;16000000;Thüringen;Akademischer Berufsabschluss;4.360
Jan 22;Frauen;Deutsche;1000000;Schleswig-Holstein;Ohne Berufsabschluss;50.140
Jan 22;Frauen;Deutsche;1000000;Schleswig-Holstein;Anerkannter Berufsabschluss;321.450
Jan 22;Frauen;Deutsche;1000000;Schleswig-Holstein;Akademischer Berufsabschluss;62.660
Jan 22;Frauen;Deutsche;2000000;Hamburg;Ohne Berufsabschluss;40.870
Jan 22;Frauen;Deutsche;2000000;Hamburg;Anerkannter Berufsabschluss;229.890
Jan 22;Frauen;Deutsche;2000000;Hamburg;Akademischer Berufsabschluss;117.450
Jan 22;Frauen;Deutsche;3000000;Niedersachsen;Ohne Berufsabschluss;139.680
Jan 22;Frauen;Deutsche;3000000;Niedersachsen;Anerkannter Berufsabschluss;911.920
Jan 22;Frauen;Deutsche;3000000;Niedersachsen;Akademischer Berufsabschluss;184.110
Jan 22;Frauen;Deutsche;4000000;Bremen;Ohne Berufsabschluss;15.380
Jan 22;Frauen;Deutsche;4000000;Bremen;Anerkannter Berufsabschluss;83.420
Jan 22;Frauen;Deutsche;4000000;Bremen;Akademischer Berufsabschluss;26.630
Jan 22;Frauen;Deutsche;5000000;Nordrhein-Westfalen;Ohne Berufsabschluss;359.230
Jan 22;Frauen;Deutsche;5000000;Nordrhein-Westfalen;Anerkannter Berufsabschluss;1.867.360
Jan 22;Frauen;Deutsche;5000000;Nordrhein-Westfalen;Akademischer Berufsabschluss;509.320
Jan 22;Frauen;Deutsche;6000000;Hessen;Ohne Berufsabschluss;112.510
Jan 22;Frauen;Deutsche;6000000;Hessen;Anerkannter Berufsabschluss;644.460
Jan 22;Frauen;Deutsche;6000000;Hessen;Akademischer Berufsabschluss;225.540
Jan 22;Frauen;Deutsche;7000000;Rheinland-Pfalz;Ohne Berufsabschluss;73.810
Jan 22;Frauen;Deutsche;7000000;Rheinland-Pfalz;Anerkannter Berufsabschluss;426.120
Jan 22;Frauen;Deutsche;7000000;Rheinland-Pfalz;Akademischer Berufsabschluss;84.800
Jan 22;Frauen;Deutsche;8000000;Baden-Württemberg;Ohne Berufsabschluss;214.980
Jan 22;Frauen;Deutsche;8000000;Baden-Württemberg;Anerkannter Berufsabschluss;1.223.060
Jan 22;Frauen;Deutsche;8000000;Baden-Württemberg;Akademischer Berufsabschluss;351.950
Jan 22;Frauen;Deutsche;9000000;Bayern;Ohne Berufsabschluss;222.150
Jan 22;Frauen;Deutsche;9000000;Bayern;Anerkannter Berufsabschluss;1.554.030
Jan 22;Frauen;Deutsche;9000000;Bayern;Akademischer Berufsabschluss;420.880
Jan 22;Frauen;Deutsche;10000000;Saarland;Ohne Berufsabschluss;19.360
Jan 22;Frauen;Deutsche;10000000;Saarland;Anerkannter Berufsabschluss;112.630
Jan 22;Frauen;Deutsche;10000000;Saarland;Akademischer Berufsabschluss;21.520
Jan 22;Frauen;Deutsche;11000000;Berlin;Ohne Berufsabschluss;63.080
Jan 22;Frauen;Deutsche;11000000;Berlin;Anerkannter Berufsabschluss;350.360
Jan 22;Frauen;Deutsche;11000000;Berlin;Akademischer Berufsabschluss;211.470
Jan 22;Frauen;Deutsche;12000000;Brandenburg;Ohne Berufsabschluss;27.250
Jan 22;Frauen;Deutsche;12000000;Brandenburg;Anerkannter Berufsabschluss;279.310
Jan 22;Frauen;Deutsche;12000000;Brandenburg;Akademischer Berufsabschluss;59.960
Jan 22;Frauen;Deutsche;13000000;Mecklenburg-Vorpommern;Ohne Berufsabschluss;19.620
Jan 22;Frauen;Deutsche;13000000;Mecklenburg-Vorpommern;Anerkannter Berufsabschluss;201.670
Jan 22;Frauen;Deutsche;13000000;Mecklenburg-Vorpommern;Akademischer Berufsabschluss;40.710
Jan 22;Frauen;Deutsche;14000000;Sachsen;Ohne Berufsabschluss;46.080
Jan 22;Frauen;Deutsche;14000000;Sachsen;Anerkannter Berufsabschluss;527.260
Jan 22;Frauen;Deutsche;14000000;Sachsen;Akademischer Berufsabschluss;143.230
Jan 22;Frauen;Deutsche;15000000;Sachsen-Anhalt;Ohne Berufsabschluss;23.500
Jan 22;Frauen;Deutsche;15000000;Sachsen-Anhalt;Anerkannter Berufsabschluss;282.080
Jan 22;Frauen;Deutsche;15000000;Sachsen-Anhalt;Akademischer Berufsabschluss;53.380
Jan 22;Frauen;Deutsche;16000000;Thüringen;Ohne Berufsabschluss;21.520
Jan 22;Frauen;Deutsche;16000000;Thüringen;Anerkannter Berufsabschluss;274.360
Jan 22;Frauen;Deutsche;16000000;Thüringen;Akademischer Berufsabschluss;54.650
